ion,energy_MeV,angle_deg,depth_um,major_axis_um,minor_axis_um,total_length_um,black_part,total_surface,status
protons,0.1,0.0,0.0,0.0,0.0,0.0,0.0,0.0,Angle < Critical
protons,0.1,2.0454545454545454,0.0,0.0,0.0,0.0,0.0,0.0,Angle < Critical
protons,0.1,4.090909090909091,0.0,0.0,0.0,0.0,0.0,0.0,Angle < Critical
protons,0.1,6.136363636363637,0.0,0.0,0.0,0.0,0.0,0.0,Angle < Critical
protons,0.1,8.181818181818182,0.0,0.0,0.0,0.0,0.0,0.0,Angle < Critical
protons,0.1,10.227272727272727,0.0,0.0,0.0,0.0,0.0,0.0,Angle < Critical
protons,0.1,12.272727272727273,0.0,0.0,0.0,0.0,0.0,0.0,Angle < Critical
protons,0.1,14.318181818181818,0.0,0.0,0.0,0.0,0.0,0.0,Angle < Critical
protons,0.1,16.363636363636363,0.0,0.0,0.0,0.0,0.0,0.0,Angle < Critical
protons,0.1,18.40909090909091,0.0,0.0,0.0,0.0,0.0,0.0,Angle < Critical
protons,0.1,20.454545454545453,0.0,0.0,0.0,0.0,0.0,0.0,Angle < Critical
protons,0.1,22.5,0.0,0.0,0.0,0.0,0.0,0.0,Angle < Critical
protons,0.1,24.545454545454547,0.0,0.0,0.0,0.0,0.0,0.0,Angle < Critical
protons,0.1,26.59090909090909,0.0,0.0,0.0,0.0,0.0,0.0,Angle < Critical
protons,0.1,28.636363636363637,0.0,0.0,0.0,0.0,0.0,0.0,No Track Formed
protons,0.1,30.68181818181818,0.003517715313751779,0.721272995961027,0.6088114051516815,0.7212786343372377,0.0,0.33511544636639184,Developed
protons,0.1,32.72727272727273,0.013775174406559287,1.3475323063275666,1.2008711769871165,1.3475282687668235,0.0,1.2613066264549795,Developed
protons,0.1,34.77272727272727,0.028070056499718277,1.8604518890084913,1.7091740767939654,1.8604445381887267,0.0,2.4896404126579124,Developed
protons,0.1,36.81818181818182,0.044974964529385986,2.303853876339618,2.158570844733041,2.3038487730760897,0.0,3.9011569212552724,Developed
protons,0.1,38.86363636363636,0.06362667356460605,2.697511154609287,2.5622366548499858,2.697516626412683,0.0,5.430142573276006,Developed
protons,0.1,40.90909090909091,0.08342888252845171,3.0529197293008457,2.9291904213934328,3.052930842191829,0.0,7.032940561473577,Developed
protons,0.1,42.95454545454545,0.10397586139435688,3.376953599742282,3.264771527645748,3.3769762784299084,0.0,8.681149584468296,Developed
protons,0.1,45.0,0.1249106170074672,3.674218721058353,3.5732628484312907,3.6742259939457274,0.0,10.348526447273848,Developed
protons,0.1,47.04545454545455,0.14598185013327836,3.948179503354584,3.8577447366209405,3.9482039170943555,0.0,12.017761386599867,Developed
protons,0.1,49.09090909090909,0.16696155311671212,4.201376980879467,4.120844138719147,4.20141490078946,0.0,13.672716428147531,Developed
protons,0.1,51.13636363636363,0.18769346556432254,4.435675777158242,4.364329651846116,4.435709175699109,0.0,15.302333124781862,Developed
protons,0.1,53.18181818181818,0.20803677842966728,4.652822193096261,4.589942747485572,4.652843806350785,0.0,16.896332986921706,Developed
protons,0.1,55.22727272727273,0.22781569276809321,4.853643389800445,4.798684905664497,4.853696805444649,0.0,18.442802421766885,Developed
protons,0.1,57.27272727272727,0.24696200440091154,5.039559758745512,4.991508273130394,5.039608829781137,0.0,19.93653349675347,Developed
protons,0.1,59.31818181818182,0.2653380596974646,5.211205663895154,5.169790130565356,5.211294834725162,0.0,21.36749040396,Developed
protons,0.1,61.36363636363636,0.28288528386817724,5.369358457402097,5.333748444554697,5.369489874578435,0.0,22.73163836277388,Developed
protons,0.1,63.40909090909091,0.29953355153007877,5.514778883131226,5.484601438936943,5.514893866707895,0.0,24.024255626395675,Developed
protons,0.1,65.45454545454545,0.3151608756609683,5.647085283789936,5.622463164700548,5.647551777443777,1.4690613466577031e-08,25.235735909284926,Developed
protons,0.1,67.5,0.3297790713521227,5.7680532802467495,5.7476524935942646,5.7687210901686505,1.4742703256628146e-08,26.369135499840397,Developed
protons,0.1,69.54545454545455,0.34325163554466087,5.877449256798002,5.86067845245434,5.878402667805868,1.5302743495282868e-08,27.411061253097845,Developed
protons,0.1,71.5909090909091,0.3555922841339072,5.97359341938074,5.962537757476525,5.9763137119726855,7.2809961058316195e-06,28.365858091103,Developed
protons,0.1,73.63636363636364,0.3667789633510079,6.042816891700992,6.052568456771859,6.063681576028141,7.573348391900044e-05,29.218926128699447,Developed
protons,0.1,75.68181818181819,0.3766657685161299,6.1316033153277205,6.131976653642775,6.140406915716493,0.00019750251366676655,29.972308606079462,Developed
protons,0.1,77.72727272727272,0.3852639158774558,6.180186012896269,6.199261255044057,6.205225735471064,0.00024972000190520027,30.64357055588418,Developed
protons,0.1,79.77272727272727,0.3927630156496882,6.257886588103637,6.256733831414714,6.2604980401283195,0.0003716938370948264,31.249267999875883,Developed
protons,0.1,81.81818181818181,0.39884067859997074,6.3062637839028275,6.303053923704574,6.305346936436462,0.00036352460482123113,31.723902834553357,Developed
protons,0.1,83.86363636363636,0.4035716145565562,6.340515208064238,6.339055573747109,6.3387154965787404,0.00032915419120382113,32.07017630145709,Developed
protons,0.1,85.9090909090909,0.40662863870663735,6.365683281987888,6.362237106420877,6.358004712564018,0.0002952586435116563,32.194292415385206,Developed
protons,0.1,87.95454545454545,0.4042804999562737,6.3814130489512735,6.3461183782102815,6.377493129523053,0.0006211999952017734,31.97340129433347,Developed
protons,0.1,90.0,0.4302165294586935,6.541694223694061,6.541694223694061,6.386319302843054,0.0,32.55150509499868,Developed
protons,0.301010101010101,0.0,0.0,0.0,0.0,0.0,0.0,0.0,Angle < Critical
protons,0.301010101010101,2.0454545454545454,0.0,0.0,0.0,0.0,0.0,0.0,Angle < Critical
protons,0.301010101010101,4.090909090909091,0.0,0.0,0.0,0.0,0.0,0.0,Angle < Critical
protons,0.301010101010101,6.136363636363637,0.0,0.0,0.0,0.0,0.0,0.0,Angle < Critical
protons,0.301010101010101,8.181818181818182,0.0,0.0,0.0,0.0,0.0,0.0,Angle < Critical
protons,0.301010101010101,10.227272727272727,0.0,0.0,0.0,0.0,0.0,0.0,Angle < Critical
protons,0.301010101010101,12.272727272727273,0.0,0.0,0.0,0.0,0.0,0.0,Angle < Critical
protons,0.301010101010101,14.318181818181818,0.0,0.0,0.0,0.0,0.0,0.0,Angle < Critical
protons,0.301010101010101,16.363636363636363,0.0,0.0,0.0,0.0,0.0,0.0,Angle < Critical
protons,0.301010101010101,18.40909090909091,0.0,0.0,0.0,0.0,0.0,0.0,Angle < Critical
protons,0.301010101010101,20.454545454545453,0.0,0.0,0.0,0.0,0.0,0.0,Angle < Critical
protons,0.301010101010101,22.5,0.0,0.0,0.0,0.0,0.0,0.0,Angle < Critical
protons,0.301010101010101,24.545454545454547,0.0,0.0,0.0,0.0,0.0,0.0,Angle < Critical
protons,0.301010101010101,26.59090909090909,0.0,0.0,0.0,0.0,0.0,0.0,Angle < Critical
protons,0.301010101010101,28.636363636363637,0.04398708066539392,3.3945979263574193,2.0753080215817525,3.3946035784087725,0.0,5.225152849518671,Developed
protons,0.301010101010101,30.68181818181818,0.11978709744926874,4.48716200314503,3.3987918278938016,4.487155851719888,0.0,11.699588266248954,Developed
protons,0.301010101010101,32.72727272727273,0.2009504416512229,5.28865282943094,4.37836963202471,5.28865542178733,0.0,17.996889185748596,Developed
protons,0.301010101010101,34.77272727272727,0.28453428593132735,5.95571298816612,5.186803867849088,5.9557102466792236,0.0,24.22009627858342,Developed
protons,0.301010101010101,36.81818181818182,0.3690364129592396,6.538205318512451,5.884006604552543,6.538218285306995,0.0,30.37392030069517,Developed
protons,0.301010101010101,38.86363636363636,0.4534970960807527,7.059579496719904,6.499700796829669,7.05958082013319,0.0,36.44401905803476,Developed
protons,0.301010101010101,40.90909090909091,0.5372623597894872,7.532724853240902,7.05149441122422,7.532750477203134,0.0,42.41422230454281,Developed
protons,0.301010101010101,42.95454545454545,0.619791434987718,7.965922789777797,7.550829166194542,7.965946724803461,0.0,48.26317997821724,Developed
protons,0.301010101010101,45.0,0.7006961947349168,8.364588829130314,8.005665576760713,8.364586031890491,0.0,53.97486182114517,Developed
protons,0.301010101010101,47.04545454545455,0.7796400684514868,8.732627000086577,8.421920921817021,8.732687217626161,0.0,59.532427533269406,Developed
protons,0.301010101010101,49.09090909090909,0.8563233678620108,9.07313635504516,8.804016578547023,9.073149808015202,0.0,64.91926552234273,Developed
protons,0.301010101010101,51.13636363636363,0.9305014258425359,9.388404812188831,9.15540893299662,9.38844970656515,0.0,70.1214636429026,Developed
protons,0.301010101010101,53.18181818181818,1.0019575637027476,9.680026603202258,9.47890749041044,9.680230985794566,0.0,75.12608845882833,Developed
protons,0.301010101010101,55.22727272727273,1.0704789668712245,9.949956413000336,9.77668788988514,9.950320557564673,0.0,79.91997143709898,Developed
protons,0.301010101010101,57.27272727272727,1.1359266681868139,10.199912729482241,10.050774570265435,10.200090970390397,0.0,84.49433255715961,Developed
protons,0.301010101010101,59.31818181818182,1.1981117312139062,10.428145993191116,10.302746046403081,10.430299028026345,0.0,88.83693753863528,Developed
protons,0.301010101010101,61.36363636363636,1.256894670168201,10.62943886088062,10.533760786992252,10.642161344762222,9.724420387470993e-06,92.92983882776721,Developed
protons,0.301010101010101,63.40909090909091,1.312164418311374,10.827185374425964,10.744959388118996,10.836444444454202,6.423807134138562e-05,96.78958309308013,Developed
protons,0.301010101010101,65.45454545454545,1.363761170940533,11.012671144358784,10.937431435068225,11.013847607144072,9.12630052338456e-05,100.40147406374359,Developed
protons,0.301010101010101,67.5,1.4116439827833709,11.174357268918477,11.112049116222813,11.174935377387609,7.940002583652539e-05,103.74089344920785,Developed
protons,0.301010101010101,69.54545454545455,1.4556346610622377,11.31999709161225,11.269364174390121,11.320344719293274,6.389640538508313e-05,106.80712228867985,Developed
protons,0.301010101010101,71.5909090909091,1.4957003217529188,11.450615085779084,11.40994104719583,11.450670539367362,6.722716886598063e-05,109.6006572005003,Developed
protons,0.301010101010101,73.63636363636364,1.5317880472807488,11.566303428704781,11.53460361068583,11.566240136204751,6.095694715344602e-05,112.11295708517889,Developed
protons,0.301010101010101,75.68181818181819,1.5637258402828191,11.667692711304824,11.643504670729822,11.66751941652915,7.143691206476342e-05,114.33724593138118,Developed
protons,0.301010101010101,77.72727272727272,1.5914911502000617,11.754705906629713,11.737146167818493,11.754446778382835,6.639475675978884e-05,116.24740111410625,Developed
protons,0.301010101010101,79.77272727272727,1.6152422418439034,11.828022624476205,11.815770051229743,11.827692271358444,6.88143199936397e-05,117.85885248839227,Developed
protons,0.301010101010101,81.81818181818181,1.6346518658948828,11.887675627528044,11.880085432144169,11.886677900625394,6.301261624291274e-05,119.13493628593642,Developed
protons,0.301010101010101,83.86363636363636,1.6497707253845917,11.93396478957093,11.929191709624273,11.932573122350462,8.430643303320385e-05,120.06582162446645,Developed
protons,0.301010101010101,85.9090909090909,1.6602851724977903,11.966881070712219,11.96453316249784,11.963153308630133,0.00040976901112887206,120.54272926754476,Developed
protons,0.301010101010101,87.95454545454545,1.6627712363062024,11.986633783380935,11.980729003818707,11.97647798583112,0.002748512251913232,120.24176018299201,Developed
protons,0.301010101010101,90.0,1.6902957990197045,12.062726956617608,12.062726956617608,11.993193999463157,0.0,121.67807487235868,Developed
protons,0.502020202020202,0.0,0.0,0.0,0.0,0.0,0.0,0.0,Angle < Critical
protons,0.502020202020202,2.0454545454545454,0.0,0.0,0.0,0.0,0.0,0.0,Angle < Critical
protons,0.502020202020202,4.090909090909091,0.0,0.0,0.0,0.0,0.0,0.0,Angle < Critical
protons,0.502020202020202,6.136363636363637,0.0,0.0,0.0,0.0,0.0,0.0,Angle < Critical
protons,0.502020202020202,8.181818181818182,0.0,0.0,0.0,0.0,0.0,0.0,Angle < Critical
protons,0.502020202020202,10.227272727272727,0.0,0.0,0.0,0.0,0.0,0.0,Angle < Critical
protons,0.502020202020202,12.272727272727273,0.0,0.0,0.0,0.0,0.0,0.0,Angle < Critical
protons,0.502020202020202,14.318181818181818,0.0,0.0,0.0,0.0,0.0,0.0,Angle < Critical
protons,0.502020202020202,16.363636363636363,0.0,0.0,0.0,0.0,0.0,0.0,Angle < Critical
protons,0.502020202020202,18.40909090909091,0.0,0.0,0.0,0.0,0.0,0.0,Angle < Critical
protons,0.502020202020202,20.454545454545453,0.0,0.0,0.0,0.0,0.0,0.0,Angle < Critical
protons,0.502020202020202,22.5,0.0,0.0,0.0,0.0,0.0,0.0,Angle < Critical
protons,0.502020202020202,24.545454545454547,0.0,0.0,0.0,0.0,0.0,0.0,Angle < Critical
protons,0.502020202020202,26.59090909090909,0.0,0.0,0.0,0.0,0.0,0.0,Angle < Critical
protons,0.502020202020202,28.636363636363637,0.04922791960372663,3.9962456990567716,2.0411298871249692,3.996249219866365,0.0,5.557989801052537,Developed
protons,0.502020202020202,30.68181818181818,0.17951044057138787,6.711986667753443,3.8493725449370393,6.711996209122603,0.0,17.478956777351875,Developed
protons,0.502020202020202,32.72727272727273,0.3615601932774517,8.314869693062915,5.41565668722471,8.314878427936637,0.0,32.39727985313015,Developed
protons,0.502020202020202,34.77272727272727,0.5483045017002848,9.109688054945067,6.618940962277561,9.109703607357815,0.0,45.384587753728226,Developed
protons,0.502020202020202,36.81818181818182,0.7334460982505799,9.763878887325994,7.602213797535094,9.763880296065604,0.0,57.35103801860094,Developed
protons,0.502020202020202,38.86363636363636,0.9158996289460379,10.325874165368049,8.440029355873106,10.32587077700914,0.0,68.66319702372611,Developed
protons,0.502020202020202,40.90909090909091,1.0948538898667124,10.81862109054728,9.170828471431745,10.818672763190303,0.0,79.46682347807624,Developed
protons,0.502020202020202,42.95454545454545,1.2696798381940333,11.258057999785589,9.817817776161533,11.258135142117041,0.0,89.83179208687808,Developed
protons,0.502020202020202,45.0,1.4398796316578366,11.653965700365246,10.396099020020277,11.6540757214744,0.0,99.80110564795996,Developed
protons,0.502020202020202,47.04545454545455,1.6049721236433836,12.012453774273128,10.916586991188238,12.012710327960438,0.03107200254157654,109.3880573710066,Developed
protons,0.502020202020202,49.09090909090909,1.7645458170743389,12.339191543321355,11.387162419336063,12.339231689784071,0.08529066209993613,118.60140974598916,Developed
protons,0.502020202020202,51.13636363636363,1.9182587902621009,12.631204613826815,11.813959347118178,12.637659870225438,0.13760157968514314,127.43842449463799,Developed
protons,0.502020202020202,53.18181818181818,2.0658543806716665,12.90543786772706,12.201779151895444,12.911160538534165,0.18766389114168971,135.9092855749653,Developed
protons,0.502020202020202,55.22727272727273,2.2068916890838253,13.160999112603783,12.554552372291258,13.162275138159199,0.2362154751714823,143.99927745214436,Developed
protons,0.502020202020202,57.27272727272727,2.341237761188056,13.392806461807094,12.87549359539527,13.393148597433179,0.28762134004123174,151.6997204605353,Developed
protons,0.502020202020202,59.31818181818182,2.468581501652494,13.605246090566114,13.167291621495254,13.60538007579235,0.3548626000193953,159.00274878576744,Developed
protons,0.502020202020202,61.36363636363636,2.5888654834221594,13.800188611244533,13.432214749901568,13.800284460058016,0.39868117006431797,165.90463658031146,Developed
protons,0.502020202020202,63.40909090909091,2.701666769015244,13.978618663305326,13.672100315296907,13.978654773977365,0.430679506064238,172.3842391011404,Developed
protons,0.502020202020202,65.45454545454545,2.8068155685837564,14.142249518007127,13.888849236253924,14.142234790512637,0.45604691495685323,178.43363471256995,Developed
protons,0.502020202020202,67.5,2.9041937219731206,14.290719587364674,14.083646579246807,14.290703900607241,0.4767699357610529,184.04208804702893,Developed
protons,0.502020202020202,69.54545454545455,2.9931472296551096,14.424574706343465,14.257874434745856,14.424548955983406,0.4948162062041167,189.18921614698482,Developed
protons,0.502020202020202,71.5909090909091,3.0746625104172303,14.544831391638033,14.412661418723609,14.54481005946873,0.509716618495585,193.8712371148267,Developed
protons,0.502020202020202,73.63636363636364,3.148138881320266,14.651221456161078,14.548735670445325,14.651109320411877,0.5216294711217875,198.07400375454645,Developed
protons,0.502020202020202,75.68181818181819,3.212764799004672,14.744419210040764,14.667121760939793,14.744404644657855,0.5326617621720453,201.78671636337734,Developed
protons,0.502020202020202,77.72727272727272,3.26917901366644,14.824376858484689,14.768481341500797,14.824204311665412,0.5420091113699941,205.00207618449633,Developed
protons,0.502020202020202,79.77272727272727,3.3171684827365393,14.891609296050738,14.853263929756213,14.891524671802555,0.5485812870575821,207.72026878698478,Developed
protons,0.502020202020202,81.81818181818181,3.356477126687219,14.946288333782226,14.921961839041332,14.946133860854538,0.5545483208825057,209.90212997826654,Developed
protons,0.502020202020202,83.86363636363636,3.3870379816977056,14.988576880536483,14.97494900541142,14.98762337934833,0.5590778996813283,211.49095828639474,Developed
protons,0.502020202020202,85.9090909090909,3.4086733730447634,15.0187042217755,15.012432720792448,15.017554506817852,0.5629693511995966,212.44473301214813,Developed
protons,0.502020202020202,87.95454545454545,3.4184016357657754,15.036711366644326,15.033858321277998,15.028445449760829,0.5648561122589656,212.2821944581625,Developed
protons,0.502020202020202,90.0,3.430293455122481,15.049465053378947,15.049465053378947,15.042734444944262,0.5672463583922204,214.21210996895698,Developed
protons,0.703030303030303,0.0,0.0,0.0,0.0,0.0,0.0,0.0,Angle < Critical
protons,0.703030303030303,2.0454545454545454,0.0,0.0,0.0,0.0,0.0,0.0,Angle < Critical
protons,0.703030303030303,4.090909090909091,0.0,0.0,0.0,0.0,0.0,0.0,Angle < Critical
protons,0.703030303030303,6.136363636363637,0.0,0.0,0.0,0.0,0.0,0.0,Angle < Critical
protons,0.703030303030303,8.181818181818182,0.0,0.0,0.0,0.0,0.0,0.0,Angle < Critical
protons,0.703030303030303,10.227272727272727,0.0,0.0,0.0,0.0,0.0,0.0,Angle < Critical
protons,0.703030303030303,12.272727272727273,0.0,0.0,0.0,0.0,0.0,0.0,Angle < Critical
protons,0.703030303030303,14.318181818181818,0.0,0.0,0.0,0.0,0.0,0.0,Angle < Critical
protons,0.703030303030303,16.363636363636363,0.0,0.0,0.0,0.0,0.0,0.0,Angle < Critical
protons,0.703030303030303,18.40909090909091,0.0,0.0,0.0,0.0,0.0,0.0,Angle < Critical
protons,0.703030303030303,20.454545454545453,0.0,0.0,0.0,0.0,0.0,0.0,Angle < Critical
protons,0.703030303030303,22.5,0.0,0.0,0.0,0.0,0.0,0.0,Angle < Critical
protons,0.703030303030303,24.545454545454547,0.0,0.0,0.0,0.0,0.0,0.0,Angle < Critical
protons,0.703030303030303,26.59090909090909,0.0,0.0,0.0,0.0,0.0,0.0,Angle < Critical
protons,0.703030303030303,28.636363636363637,0.0492302127808486,3.9092306750732715,1.8216944501493257,3.9092329393329557,0.0,4.810073490774171,Developed
protons,0.703030303030303,30.68181818181818,0.17951467161080714,6.502438604172509,3.3957497322845502,6.50244701299154,0.0,14.802886078692804,Developed
protons,0.703030303030303,32.72727272727273,0.3724266020390967,8.871505868403965,4.797540674307303,8.87151181208281,0.0,28.554938297089116,Developed
protons,0.703030303030303,34.77272727272727,0.6256506892829492,11.168063001230047,6.119643292861012,11.168081746288951,0.0,46.29552059784029,Developed
protons,0.703030303030303,36.81818181818182,0.9318746695229283,12.697789263781287,7.370937437685273,12.697806399687753,0.0,67.12952026721172,Developed
protons,0.703030303030303,38.86363636363636,1.2410355145562608,13.242314553656378,8.401736018458807,13.242362204189012,0.02813270434566973,84.95028459516813,Developed
protons,0.703030303030303,40.90909090909091,1.5431225793848604,13.679050775054046,9.257084887009611,13.679176805687927,0.11785217218208457,100.76828759921261,Developed
protons,0.703030303030303,42.95454545454545,1.8373180709400447,14.034809069020753,9.984397866062606,14.035146498616223,0.19247032350521845,115.24746313103476,Developed
protons,0.703030303030303,45.0,2.1229715031194463,14.323779932541042,10.612335978680765,14.32695064984914,0.2568572407821449,128.6812597454001,Developed
protons,0.703030303030303,47.04545454545455,2.3994725391809375,14.565011337896228,11.160068563391999,14.565847092364017,0.3146089942803003,141.23791512432118,Developed
protons,0.703030303030303,49.09090909090909,2.666291055474135,14.759914396592128,11.641237730291893,14.760077380450692,0.36598258784445264,153.0092258647151,Developed
protons,0.703030303030303,51.13636363636363,2.922902832991692,14.915885409860568,12.06612158737063,14.915932500656217,0.4146815477934657,164.06138085373192,Developed
protons,0.703030303030303,53.18181818181818,3.168910862384095,15.038355314774856,12.44274964005638,15.03838038544392,0.4625991033297165,174.44047490093962,Developed
protons,0.703030303030303,55.22727272727273,3.4038469467494927,15.13245060806241,12.777516713146065,15.13246073582453,0.5116774268143988,184.17761781226503,Developed
protons,0.703030303030303,57.27272727272727,3.627341341110471,15.200938976593523,13.075726012302189,15.200937478272504,0.5661356985113387,193.29332768433378,Developed
protons,0.703030303030303,59.31818181818182,3.839004817949043,15.247401515053294,13.341671878391413,15.24738846760447,0.6458704018759146,201.80294295557712,Developed
protons,0.703030303030303,61.36363636363636,4.038715598989937,15.274647568692766,13.578988620540066,15.274639173179935,0.7085653661570024,209.72447064559455,Developed
protons,0.703030303030303,63.40909090909091,4.225807834998751,15.285510928110774,13.790740731336502,15.28548508869159,0.7425248118434926,217.0580280416789,Developed
protons,0.703030303030303,65.45454545454545,4.400212224359388,15.282347681622923,13.97944472908605,15.282317005070293,0.7535950874867493,223.81408164023193,Developed
protons,0.703030303030303,67.5,4.561684026610616,15.267626081380298,14.14719496530786,15.267586278453942,0.7629645554066153,229.99996638429323,Developed
protons,0.703030303030303,69.54545454545455,4.709479571018459,15.243591187397273,14.295838378674553,15.24354261131336,0.7704787855992677,235.6178897825562,Developed
protons,0.703030303030303,71.5909090909091,4.844348086027351,15.21244522241728,14.426743517198279,15.212390279220873,0.7775246829109838,240.67778445261683,Developed
protons,0.703030303030303,73.63636363636364,4.965682175210318,15.176315730048652,14.541242619172117,15.17626689948895,0.7824743470044191,245.17855437415415,Developed
protons,0.703030303030303,75.68181818181819,5.072771191375077,15.137313734584074,14.640156212844326,15.137226510194129,0.7868017736917444,249.11866277195242,Developed
protons,0.703030303030303,77.72727272727272,5.16607558112293,15.097522463472172,14.724561961976821,15.097374098966634,0.7909547708004979,252.52154461891627,Developed
protons,0.703030303030303,79.77272727272727,5.245349681757158,15.059002626518193,14.794748063826148,15.058880293645512,0.7935780408145633,255.3530748422019,Developed
protons,0.703030303030303,81.81818181818181,5.310322708409519,15.023777590182894,14.851719200505588,15.023483431182845,0.7964876976755766,257.6246434868409,Developed
protons,0.703030303030303,83.86363636363636,5.360889061569617,14.993808239722874,14.89519646161991,14.99367855362657,0.7985291460791061,259.34235673033896,Developed
protons,0.703030303030303,85.9090909090909,5.39689093025571,14.970873576226957,14.926147696938973,14.97007077450406,0.8004806311927541,260.35803672295367,Developed
protons,0.703030303030303,87.95454545454545,5.416073472656171,14.95645137075307,14.941643583223394,14.951349234924988,0.8004851302395095,260.37897534876663,Developed
protons,0.703030303030303,90.0,5.4312889564901,14.956806659750779,14.956806659750779,14.951527053936529,0.8007174861555457,262.07540534872214,Developed
protons,0.904040404040404,0.0,0.0,0.0,0.0,0.0,0.0,0.0,Angle < Critical
protons,0.904040404040404,2.0454545454545454,0.0,0.0,0.0,0.0,0.0,0.0,Angle < Critical
protons,0.904040404040404,4.090909090909091,0.0,0.0,0.0,0.0,0.0,0.0,Angle < Critical
protons,0.904040404040404,6.136363636363637,0.0,0.0,0.0,0.0,0.0,0.0,Angle < Critical
protons,0.904040404040404,8.181818181818182,0.0,0.0,0.0,0.0,0.0,0.0,Angle < Critical
protons,0.904040404040404,10.227272727272727,0.0,0.0,0.0,0.0,0.0,0.0,Angle < Critical
protons,0.904040404040404,12.272727272727273,0.0,0.0,0.0,0.0,0.0,0.0,Angle < Critical
protons,0.904040404040404,14.318181818181818,0.0,0.0,0.0,0.0,0.0,0.0,Angle < Critical
protons,0.904040404040404,16.363636363636363,0.0,0.0,0.0,0.0,0.0,0.0,Angle < Critical
protons,0.904040404040404,18.40909090909091,0.0,0.0,0.0,0.0,0.0,0.0,Angle < Critical
protons,0.904040404040404,20.454545454545453,0.0,0.0,0.0,0.0,0.0,0.0,Angle < Critical
protons,0.904040404040404,22.5,0.0,0.0,0.0,0.0,0.0,0.0,Angle < Critical
protons,0.904040404040404,24.545454545454547,0.0,0.0,0.0,0.0,0.0,0.0,Angle < Critical
protons,0.904040404040404,26.59090909090909,0.0,0.0,0.0,0.0,0.0,0.0,Angle < Critical
protons,0.904040404040404,28.636363636363637,0.04923013823986011,3.782371799319995,1.5168111211228312,3.782374560272279,0.0,3.850795017591873,Developed
protons,0.904040404040404,30.68181818181818,0.17951405689049693,6.213300284484287,2.7550072756875275,6.213303482184912,0.0,11.402875470945489,Developed
protons,0.904040404040404,32.72727272727273,0.3724261672787659,8.37653660968045,3.793044536047844,8.376540361671658,0.0,21.37559083297168,Developed
protons,0.904040404040404,34.77272727272727,0.6256521854953832,10.474196990447922,4.716567139322557,10.474209076063861,0.0,33.907678777745616,Developed
protons,0.904040404040404,36.81818181818182,0.9396301396341489,12.559182065109859,5.570619220596014,12.559188392850842,0.09474934932188395,49.48250956836957,Developed
protons,0.904040404040404,38.86363636363636,1.3167997353194014,14.715240995613195,6.397235535414037,14.715511651979561,0.18878611837759984,68.99740085168487,Developed
protons,0.904040404040404,40.90909090909091,1.753860710156216,16.08197218273387,7.226147159677267,16.0824807315854,0.2565517436335859,92.21666482495841,Developed
protons,0.904040404040404,42.95454545454545,2.191524456167718,16.204974375688412,7.948580768891759,16.20503436773348,0.31598286747081916,111.34762203924691,Developed
protons,0.904040404040404,45.0,2.61595564408489,16.23708903857184,8.57961162720932,16.237104732931144,0.36903959967796857,127.64107071098282,Developed
protons,0.904040404040404,47.04545454545455,3.026352999907939,16.196459904682673,9.142387416897263,16.196461660604513,0.4191362241575765,142.05250843990856,Developed
protons,0.904040404040404,49.09090909090909,3.4220472806138957,16.09683585663126,9.64740195947009,16.096831520037824,0.4645440774215167,155.0166834469633,Developed
protons,0.904040404040404,51.13636363636363,3.802331403200906,15.949505160270762,10.101518659681107,15.949503437207893,0.5099803433123458,166.77579832256487,Developed
protons,0.904040404040404,53.18181818181818,4.166657124423306,15.764956696185473,10.51034889333285,15.764947884524302,0.55329903254255,177.48609580735086,Developed
protons,0.904040404040404,55.22727272727273,4.514362157797191,15.55378705194297,10.878746638712384,15.553904685018917,0.599435488284443,187.2513933907088,Developed
protons,0.904040404040404,57.27272727272727,4.845011746120964,15.327141264604776,11.210874739904051,15.331373139050495,0.6492857666464515,196.15335673803034,Developed
protons,0.904040404040404,59.31818181818182,5.158052457143327,15.09607833400214,11.510291040800382,15.103863830300128,0.7175585833881503,204.24807954939473,Developed
protons,0.904040404040404,61.36363636363636,5.453126211975089,14.870217369790922,11.780040104578413,14.875042272303421,0.7801096658741129,211.59490580058062,Developed
protons,0.904040404040404,63.40909090909091,5.729655363442577,14.656418843663966,12.02270596001463,14.656397682143703,0.8360420319150883,218.2374003938168,Developed
protons,0.904040404040404,65.45454545454545,5.987181109766912,14.458572701801613,12.240487862620151,14.4585617957717,0.8847995305446813,224.2247698395894,Developed
protons,0.904040404040404,67.5,6.225678573169757,14.278340620004236,12.43529630535033,14.278309420120841,0.9205811307393463,229.5990918862058,Developed
protons,0.904040404040404,69.54545454545455,6.44428344895856,14.116074270346202,12.608694672058425,14.116034849592635,0.9278078783108324,234.39778597470945,Developed
protons,0.904040404040404,71.5909090909091,6.6431067238900745,13.97149266237463,12.762077634424976,13.971441057821817,0.9293715703226204,238.65242344812305,Developed
protons,0.904040404040404,73.63636363636364,6.82199705087233,13.84405963807602,12.896562657405504,13.844020345413572,0.9319759911677594,242.38941944194258,Developed
protons,0.904040404040404,75.68181818181819,6.980359271021685,13.733178316325924,13.013177641246946,13.733094938752906,0.9337389236758183,245.62984941276605,Developed
protons,0.904040404040404,77.72727272727272,7.117805078638826,13.638272484161485,13.112625162506443,13.638170708855373,0.9341281088836373,248.38221289850634,Developed
protons,0.904040404040404,79.77272727272727,7.234699229193961,13.55883151388175,13.195767942255474,13.558682007048056,0.935182725342509,250.67757528318137,Developed
protons,0.904040404040404,81.81818181818181,7.3304090574389456,13.494419426612744,13.263011702280126,13.494284059735726,0.9357372326139077,252.49507640303045,Developed
protons,0.904040404040404,83.86363636363636,7.405140190546225,13.44468363938586,13.314633784542623,13.444510566962522,0.9368313100738553,253.83972071340915,Developed
protons,0.904040404040404,85.9090909090909,7.4584562373715055,13.409351760626254,13.351528998917217,13.408467532198024,0.9375781620669579,254.63023468293093,Developed
protons,0.904040404040404,87.95454545454545,7.488054596292832,13.388227854223432,13.369878299195927,13.387823036136831,0.9396980502438212,254.62274508085193,Developed
protons,0.904040404040404,90.0,7.5046519083757985,13.385435251249143,13.385435251249143,13.381200781661398,0.9367837825724501,256.1125539903559,Developed
protons,1.105050505050505,0.0,0.0,0.0,0.0,0.0,0.0,0.0,Angle < Critical
protons,1.105050505050505,2.0454545454545454,0.0,0.0,0.0,0.0,0.0,0.0,Angle < Critical
protons,1.105050505050505,4.090909090909091,0.0,0.0,0.0,0.0,0.0,0.0,Angle < Critical
protons,1.105050505050505,6.136363636363637,0.0,0.0,0.0,0.0,0.0,0.0,Angle < Critical
protons,1.105050505050505,8.181818181818182,0.0,0.0,0.0,0.0,0.0,0.0,Angle < Critical
protons,1.105050505050505,10.227272727272727,0.0,0.0,0.0,0.0,0.0,0.0,Angle < Critical
protons,1.105050505050505,12.272727272727273,0.0,0.0,0.0,0.0,0.0,0.0,Angle < Critical
protons,1.105050505050505,14.318181818181818,0.0,0.0,0.0,0.0,0.0,0.0,Angle < Critical
protons,1.105050505050505,16.363636363636363,0.0,0.0,0.0,0.0,0.0,0.0,Angle < Critical
protons,1.105050505050505,18.40909090909091,0.0,0.0,0.0,0.0,0.0,0.0,Angle < Critical
protons,1.105050505050505,20.454545454545453,0.0,0.0,0.0,0.0,0.0,0.0,Angle < Critical
protons,1.105050505050505,22.5,0.0,0.0,0.0,0.0,0.0,0.0,Angle < Critical
protons,1.105050505050505,24.545454545454547,0.0,0.0,0.0,0.0,0.0,0.0,Angle < Critical
protons,1.105050505050505,26.59090909090909,0.0,0.0,0.0,0.0,0.0,0.0,Angle < Critical
protons,1.105050505050505,28.636363636363637,0.04923058370245048,3.6175277157529147,1.064663502446132,3.617529401075487,0.0,2.5894750126534536,Developed
protons,1.105050505050505,30.68181818181818,0.1795138797222009,5.759066110351123,1.7656750875467309,5.759072384695656,0.0,6.960500682489066,Developed
protons,1.105050505050505,32.72727272727273,0.3724277003015075,7.546405870730258,2.2051015686833106,7.546478111935379,0.08028198624034652,11.984933757284383,Developed
protons,1.105050505050505,34.77272727272727,0.6256526250760865,9.085713312004282,2.543183451928065,9.085759823735941,0.19680275811674033,17.715921103611088,Developed
protons,1.105050505050505,36.81818181818182,0.9396253718057164,10.358617695642593,2.9261789526246673,10.427453393261313,0.2590030214485093,24.689769623181085,Developed
protons,1.105050505050505,38.86363636363636,1.3167874697099844,11.621797224885595,3.4203369873853955,11.932855877584899,0.2928413460515551,33.799224625601454,Developed
protons,1.105050505050505,40.90909090909091,1.762050846668556,13.180751770911856,4.05726524490328,13.717515295286763,0.31129756797485064,46.417856311692034,Developed
protons,1.105050505050505,42.95454545454545,2.2840127453762893,15.223875005015847,4.872640579359718,15.921969585905881,0.32258422158757466,64.86811203211668,Developed
protons,1.105050505050505,45.0,2.8643513572000696,15.552997929107459,5.811614357423634,16.34856223042395,0.3438559771011591,86.23125871782014,Developed
protons,1.105050505050505,47.04545454545455,3.428907200283991,15.173648656477011,6.637908703915814,16.011480568181078,0.38141183084732805,102.13287528479553,Developed
protons,1.105050505050505,49.09090909090909,3.97339680294429,14.82703597402418,7.353610605631193,15.656365512703118,0.42151025604179704,115.28357060493575,Developed
protons,1.105050505050505,51.13636363636363,4.496645347030459,14.51030353889256,7.976209071653475,15.284120915223353,0.46160467540978617,126.60654250036501,Developed
protons,1.105050505050505,53.18181818181818,4.99721348515445,14.220856066852214,8.52123400072338,14.896363801750969,0.5016280089192119,136.560266826681,Developed
protons,1.105050505050505,55.22727272727273,5.474463318967192,13.956409038132836,9.001193029573837,14.494621804937067,0.5430062497490783,145.40573539570764,Developed
protons,1.105050505050505,57.27272727272727,5.927786665770043,13.714977566629948,9.425900216565319,14.080843487423149,0.5867057706576967,153.32282461445527,Developed
protons,1.105050505050505,59.31818181818182,6.356605833551679,13.49482092182569,9.80297037384026,13.657215903922905,0.6375304877414443,160.4346300119046,Developed
protons,1.105050505050505,61.36363636363636,6.760374357169093,13.294437332977626,10.138466404516521,13.29441959407906,0.691768804282036,166.83583212254885,Developed
protons,1.105050505050505,63.40909090909091,7.138577694734771,13.112509303394878,10.437168437199585,13.112487023354266,0.7487471052761281,172.60166118897175,Developed
protons,1.105050505050505,65.45454545454545,7.49073388332242,12.947892902292727,10.702955906761234,12.947869151861154,0.8088712592377794,177.77166261599996,Developed
protons,1.105050505050505,67.5,7.816394153155857,12.799590519964928,10.938980802199568,12.79956519461307,0.8710439843740599,182.4096043269017,Developed
protons,1.105050505050505,69.54545454545455,8.115143499498117,12.666733169487012,11.147766623370849,12.666701789718953,0.9328512031280338,186.54373382996152,Developed
protons,1.105050505050505,71.5909090909091,8.386601211512254,12.548566394277946,11.331528647919065,12.54849036195861,0.9867095471140533,190.20337503667412,Developed
protons,1.105050505050505,73.63636363636364,8.630421357419644,12.444434888752264,11.492042990581382,12.444378029835155,0.9999654657230065,193.41341126168203,Developed
protons,1.105050505050505,75.68181818181819,8.846293225337732,12.353781170162724,11.630636543291612,12.353670767849483,0.9999744987416723,196.19599326928156,Developed
protons,1.105050505050505,77.72727272727272,9.033941719235285,12.276124640175922,11.748630282534158,12.276005181459682,1.0,198.56207622022572,Developed
protons,1.105050505050505,79.77272727272727,9.193127709500674,12.211064865756663,11.846917619501724,12.210899056268424,1.0,200.51883744776833,Developed
protons,1.105050505050505,81.81818181818181,9.32364833767637,12.158270434537226,11.92629797323781,12.158041245243695,1.0,202.06282503797541,Developed
protons,1.105050505050505,83.86363636363636,9.425337274971362,12.117476829287412,11.987512616763103,12.117030635624634,1.0,203.1699166656783,Developed
protons,1.105050505050505,85.9090909090909,9.498064934222018,12.088481480167365,12.030831772922753,12.087022499525437,0.9999280493345852,203.77359212268536,Developed
protons,1.105050505050505,87.95454545454545,9.541738635031345,12.071139969615823,12.051997656661703,12.067324519458413,0.9995079779963871,203.43799532713916,Developed
protons,1.105050505050505,90.0,9.561576621994838,12.073720995033234,12.073720995033234,12.065369613346277,1.0,205.30837306381284,Developed
protons,1.3060606060606061,0.0,0.0,0.0,0.0,0.0,0.0,0.0,Angle < Critical
protons,1.3060606060606061,2.0454545454545454,0.0,0.0,0.0,0.0,0.0,0.0,Angle < Critical
protons,1.3060606060606061,4.090909090909091,0.0,0.0,0.0,0.0,0.0,0.0,Angle < Critical
protons,1.3060606060606061,6.136363636363637,0.0,0.0,0.0,0.0,0.0,0.0,Angle < Critical
protons,1.3060606060606061,8.181818181818182,0.0,0.0,0.0,0.0,0.0,0.0,Angle < Critical
protons,1.3060606060606061,10.227272727272727,0.0,0.0,0.0,0.0,0.0,0.0,Angle < Critical
protons,1.3060606060606061,12.272727272727273,0.0,0.0,0.0,0.0,0.0,0.0,Angle < Critical
protons,1.3060606060606061,14.318181818181818,0.0,0.0,0.0,0.0,0.0,0.0,Angle < Critical
protons,1.3060606060606061,16.363636363636363,0.0,0.0,0.0,0.0,0.0,0.0,Angle < Critical
protons,1.3060606060606061,18.40909090909091,0.0,0.0,0.0,0.0,0.0,0.0,Angle < Critical
protons,1.3060606060606061,20.454545454545453,0.0,0.0,0.0,0.0,0.0,0.0,Angle < Critical
protons,1.3060606060606061,22.5,0.0,0.0,0.0,0.0,0.0,0.0,Angle < Critical
protons,1.3060606060606061,24.545454545454547,0.0,0.0,0.0,0.0,0.0,0.0,Angle < Critical
protons,1.3060606060606061,26.59090909090909,0.0,0.0,0.0,0.0,0.0,0.0,Angle < Critical
protons,1.3060606060606061,28.636363636363637,0.03692986373461338,1.8822565358469547,0.2040029565029607,1.9118155343669052,0.05028177817658894,0.27769321522123647,Developed
protons,1.3060606060606061,30.68181818181818,0.04950324197350553,2.0389194746366215,0.24955600399679,2.0717322197304995,0.0636122684668049,0.36985005378180524,Developed
protons,1.3060606060606061,32.72727272727273,0.06691850698494939,2.437809759525585,0.3343245169690242,2.47318360685345,0.0712623151216116,0.5949815515232405,Developed
protons,1.3060606060606061,34.77272727272727,0.1077319163145205,3.1004958723814675,0.4848120984801407,3.1524979420837127,0.08392367283661673,1.1056357290127257,Developed
protons,1.3060606060606061,36.81818181818182,0.17151782969397988,4.036938423662576,0.7206146430891744,4.105492575294754,0.09988750075977289,2.1604702109286524,Developed
protons,1.3060606060606061,38.86363636363636,0.2751997443626273,5.278879671340752,1.06586578107544,5.371301838718164,0.1180518601642018,4.22287246205607,Developed
protons,1.3060606060606061,40.90909090909091,0.43200201952555606,6.8932523123457194,1.5519127511603534,7.012715981265371,0.13694690907131785,8.111729313186258,Developed
protons,1.3060606060606061,42.95454545454545,0.6684878778901631,9.00800182999854,2.222358724620363,9.161512663664753,0.15519660870186877,15.313463032425851,Developed
protons,1.3060606060606061,45.0,1.006118665562786,11.868376211295589,3.1438088144316167,12.049118008683546,0.17109514706306844,28.709248141134246,Developed
protons,1.3060606060606061,47.04545454545455,1.482013325714524,13.673556573089437,4.343893320667065,13.879462235553028,0.1928985331087244,49.85662425146039,Developed
protons,1.3060606060606061,49.09090909090909,1.9638444413525278,13.39523995587437,5.385662936580982,13.58705752285836,0.23863100781436905,64.91269776828811,Developed
protons,1.3060606060606061,51.13636363636363,2.426222822534452,13.139542076752578,6.234166390263132,13.278127286170402,0.28576859603049876,76.64457653528196,Developed
protons,1.3060606060606061,53.18181818181818,2.868559237977788,12.904673480723849,6.941945844228101,12.953545800632986,0.33105536631300303,86.46933296881873,Developed
protons,1.3060606060606061,55.22727272727273,3.2902899968527457,12.689075385334982,7.544104158698294,12.689066400066707,0.3742840469704066,94.96177458877835,Developed
protons,1.3060606060606061,57.27272727272727,3.6908776671208834,12.491387696355238,8.063701670523699,12.491373028889598,0.416904091979345,102.42930904151508,Developed
protons,1.3060606060606061,59.31818181818182,4.069811760410973,12.310413855179684,8.516469573176208,12.310396770777418,0.45952911767846955,109.0588726669463,Developed
protons,1.3060606060606061,61.36363636363636,4.426609382559139,12.145104952334316,8.913534994518916,12.145091118529933,0.502783504955818,114.97712430797434,Developed
protons,1.3060606060606061,63.40909090909091,4.760815848984432,11.994539307315845,9.263091492267646,11.994531755738468,0.5476361068922091,120.27250227933689,Developed
protons,1.3060606060606061,65.45454545454545,5.072005264115493,11.857906875368233,9.571349865377773,11.857890169387941,0.597437390984852,125.0106471426506,Developed
protons,1.3060606060606061,67.5,5.359781064130058,11.734494032016508,9.843126442859484,11.734476489686742,0.6558296499638109,129.24395922087487,Developed
protons,1.3060606060606061,69.54545454545455,5.623776522315495,11.62367679013669,10.082139965221735,11.62364196289662,0.7286032599536163,133.01007484274322,Developed
protons,1.3060606060606061,71.5909090909091,5.863655216406569,11.524908130937522,10.291471268359755,11.524875324841556,0.8143692071148209,136.34033938011464,Developed
protons,1.3060606060606061,73.63636363636364,6.079111457304647,11.437713887450993,10.473563648442193,11.437661139863113,0.9105407951216992,139.26172587390298,Developed
protons,1.3060606060606061,75.68181818181819,6.269870678632257,11.361682550584577,10.63031556107828,11.361635078730963,0.9954684013469806,141.79081888717025,Developed
protons,1.3060606060606061,77.72727272727272,6.43568978662635,11.296463880169274,10.763338271528275,11.296358793722604,1.0,143.94793140694486,Developed
protons,1.3060606060606061,79.77272727272727,6.576357469924542,11.241760514693315,10.873917989637059,11.241614176293059,1.0,145.72866092280822,Developed
protons,1.3060606060606061,81.81818181818181,6.691694468849446,11.197327050110141,10.963211745441667,11.19729055722729,0.9999655066043901,147.15559158726182,Developed
protons,1.3060606060606061,83.86363636363636,6.781553803848048,11.162968742084548,11.03167527499074,11.162631909364748,0.9999519825381415,148.21938111997423,Developed
protons,1.3060606060606061,85.9090909090909,6.84582096279485,11.138532911237974,11.080273517855833,11.137738424219567,0.9999259649574911,148.83508491854957,Developed
protons,1.3060606060606061,87.95454545454545,6.884414046920307,11.123913443236855,11.108210288386093,11.121625905827873,0.9992192137037353,148.8313780241133,Developed
protons,1.3060606060606061,90.0,6.898301453316915,11.120936567795793,11.120936567795793,11.119047155095947,1.0,149.97504551284112,Developed
protons,1.507070707070707,0.0,0.0,0.0,0.0,0.0,0.0,0.0,Angle < Critical
protons,1.507070707070707,2.0454545454545454,0.0,0.0,0.0,0.0,0.0,0.0,Angle < Critical
protons,1.507070707070707,4.090909090909091,0.0,0.0,0.0,0.0,0.0,0.0,Angle < Critical
protons,1.507070707070707,6.136363636363637,0.0,0.0,0.0,0.0,0.0,0.0,Angle < Critical
protons,1.507070707070707,8.181818181818182,0.0,0.0,0.0,0.0,0.0,0.0,Angle < Critical
protons,1.507070707070707,10.227272727272727,0.0,0.0,0.0,0.0,0.0,0.0,Angle < Critical
protons,1.507070707070707,12.272727272727273,0.0,0.0,0.0,0.0,0.0,0.0,Angle < Critical
protons,1.507070707070707,14.318181818181818,0.0,0.0,0.0,0.0,0.0,0.0,Angle < Critical
protons,1.507070707070707,16.363636363636363,0.0,0.0,0.0,0.0,0.0,0.0,Angle < Critical
protons,1.507070707070707,18.40909090909091,0.0,0.0,0.0,0.0,0.0,0.0,Angle < Critical
protons,1.507070707070707,20.454545454545453,0.0,0.0,0.0,0.0,0.0,0.0,Angle < Critical
protons,1.507070707070707,22.5,0.0,0.0,0.0,0.0,0.0,0.0,Angle < Critical
protons,1.507070707070707,24.545454545454547,0.0,0.0,0.0,0.0,0.0,0.0,Angle < Critical
protons,1.507070707070707,26.59090909090909,0.0,0.0,0.0,0.0,0.0,0.0,Angle < Critical
protons,1.507070707070707,28.636363636363637,0.0,0.0,0.0,0.0,0.0,0.0,Track below surface
protons,1.507070707070707,30.68181818181818,0.0,0.0,0.0,0.0,0.0,0.0,Track below surface
protons,1.507070707070707,32.72727272727273,0.0,0.0,0.0,0.0,0.0,0.0,Track below surface
protons,1.507070707070707,34.77272727272727,0.0,0.0,0.0,0.0,0.0,0.0,Track below surface
protons,1.507070707070707,36.81818181818182,0.0,0.0,0.0,0.0,0.0,0.0,Track below surface
protons,1.507070707070707,38.86363636363636,0.0,0.0,0.0,0.0,0.0,0.0,Track below surface
protons,1.507070707070707,40.90909090909091,0.006641790650823709,0.7577720445872388,0.05639416471493751,0.7614277287327713,0.005973370306443858,0.029822706697138754,Developed
protons,1.507070707070707,42.95454545454545,0.05704008493185819,2.91787574696772,0.4050059244693354,2.926482561977494,0.03039114119273509,0.8380568109037067,Developed
protons,1.507070707070707,45.0,0.19194262351030655,5.828918483254803,1.061138272463787,5.846528482902173,0.05704400123054467,4.444980337516841,Developed
protons,1.507070707070707,47.04545454545455,0.45132921761840805,9.96658880215667,2.13279504228309,9.981126113409278,0.08090202719636817,15.424962905175196,Developed
protons,1.507070707070707,49.09090909090909,0.8693040883846024,12.417675647701623,3.634858516651208,12.417666829258692,0.11206141446587686,36.73055804524027,Developed
protons,1.507070707070707,51.13636363636363,1.2985283946273416,12.201334055704631,4.811955425897879,12.201328004971362,0.16272338735635747,50.54171801771787,Developed
protons,1.507070707070707,53.18181818181818,1.7091478110439233,12.001782586960369,5.714567334456548,12.001775980149446,0.2128338742997655,61.002127908511575,Developed
protons,1.507070707070707,55.22727272727273,2.1006390653205944,11.817900462792805,6.4456194833524245,11.817892339739007,0.2612088808145934,69.64018470616548,Developed
protons,1.507070707070707,57.27272727272727,2.4725032610918642,11.648704571964275,7.0572384321380826,11.64869851051007,0.30659563653618016,77.04135573507013,Developed
protons,1.507070707070707,59.31818181818182,2.8242665137084835,11.493324338397942,7.579164556581859,11.493316003422835,0.3501143825249808,83.50661639654018,Developed
protons,1.507070707070707,61.36363636363636,3.1554805541316835,11.35098614450698,8.030123366563629,11.350976675140416,0.39235422617519,89.2157381292598,Developed
protons,1.507070707070707,63.40909090909091,3.465723300184278,11.221005109282567,8.422778435393786,11.220995704772339,0.4350828666978412,94.2833139271678,Developed
protons,1.507070707070707,65.45454545454545,3.7545993944304747,11.102774442702449,8.76613309303343,11.102766389528286,0.47905803636190425,98.79934873997173,Developed
protons,1.507070707070707,67.5,4.021740707999159,10.995757982370034,9.066832518665953,10.995734924866191,0.5246976489423969,102.81558918418231,Developed
protons,1.507070707070707,69.54545454545455,4.266806809708388,10.899480736640108,9.329960487640259,10.899467556121042,0.5754560067104084,106.37867728351874,Developed
protons,1.507070707070707,71.5909090909091,4.48948539989348,10.813527178692734,9.559409588905917,10.81349996705453,0.6338122862768787,109.52373866085281,Developed
protons,1.507070707070707,73.63636363636364,4.689492708385615,10.737532385748533,9.758295246075866,10.737519188468509,0.7099243947696086,112.27772636273474,Developed
protons,1.507070707070707,75.68181818181819,4.866573856134025,10.671181078951827,9.929063892014867,10.671138678974746,0.8226035356625604,114.66049933284252,Developed
protons,1.507070707070707,77.72727272727272,5.020503180010765,10.614201326457716,10.073600392406037,10.614125595072034,0.963478223076274,116.68934300980703,Developed
protons,1.507070707070707,79.77272727272727,5.151084520384206,10.566363068726703,10.193592602686056,10.566287146598698,1.0,118.37488565809366,Developed
protons,1.507070707070707,81.81818181818181,5.258151471094832,10.527476177247985,10.290328748149484,10.527322903258732,1.0,119.72322791958268,Developed
protons,1.507070707070707,83.86363636363636,5.341567591514686,10.497386931128174,10.364349124243548,10.497128467879676,0.9999714356328092,120.72981928563071,Developed
protons,1.507070707070707,85.9090909090909,5.401226580420309,10.47597776020887,10.416817323376694,10.475352082324498,0.9999360046263993,121.36464305921548,Developed
protons,1.507070707070707,87.95454545454545,5.437052411457595,10.463165117025635,10.448286162442379,10.461854414086854,0.9995237961998594,121.46910606981015,Developed
protons,1.507070707070707,90.0,5.457448869311371,10.476395562624072,10.476395562624072,10.45889967097056,1.0,122.31445681257411,Developed
protons,1.708080808080808,0.0,0.0,0.0,0.0,0.0,0.0,0.0,Angle < Critical
protons,1.708080808080808,2.0454545454545454,0.0,0.0,0.0,0.0,0.0,0.0,Angle < Critical
protons,1.708080808080808,4.090909090909091,0.0,0.0,0.0,0.0,0.0,0.0,Angle < Critical
protons,1.708080808080808,6.136363636363637,0.0,0.0,0.0,0.0,0.0,0.0,Angle < Critical
protons,1.708080808080808,8.181818181818182,0.0,0.0,0.0,0.0,0.0,0.0,Angle < Critical
protons,1.708080808080808,10.227272727272727,0.0,0.0,0.0,0.0,0.0,0.0,Angle < Critical
protons,1.708080808080808,12.272727272727273,0.0,0.0,0.0,0.0,0.0,0.0,Angle < Critical
protons,1.708080808080808,14.318181818181818,0.0,0.0,0.0,0.0,0.0,0.0,Angle < Critical
protons,1.708080808080808,16.363636363636363,0.0,0.0,0.0,0.0,0.0,0.0,Angle < Critical
protons,1.708080808080808,18.40909090909091,0.0,0.0,0.0,0.0,0.0,0.0,Angle < Critical
protons,1.708080808080808,20.454545454545453,0.0,0.0,0.0,0.0,0.0,0.0,Angle < Critical
protons,1.708080808080808,22.5,0.0,0.0,0.0,0.0,0.0,0.0,Angle < Critical
protons,1.708080808080808,24.545454545454547,0.0,0.0,0.0,0.0,0.0,0.0,Angle < Critical
protons,1.708080808080808,26.59090909090909,0.0,0.0,0.0,0.0,0.0,0.0,Angle < Critical
protons,1.708080808080808,28.636363636363637,0.0,0.0,0.0,0.0,0.0,0.0,Track below surface
protons,1.708080808080808,30.68181818181818,0.0,0.0,0.0,0.0,0.0,0.0,Track below surface
protons,1.708080808080808,32.72727272727273,0.0,0.0,0.0,0.0,0.0,0.0,Track below surface
protons,1.708080808080808,34.77272727272727,0.0,0.0,0.0,0.0,0.0,0.0,Track below surface
protons,1.708080808080808,36.81818181818182,0.0,0.0,0.0,0.0,0.0,0.0,Track below surface
protons,1.708080808080808,38.86363636363636,0.0,0.0,0.0,0.0,0.0,0.0,Track below surface
protons,1.708080808080808,40.90909090909091,0.0,0.0,0.0,0.0,0.0,0.0,Track below surface
protons,1.708080808080808,42.95454545454545,0.0,0.0,0.0,0.0,0.0,0.0,Track below surface
protons,1.708080808080808,45.0,0.0,0.0,0.0,0.0,0.0,0.0,Track below surface
protons,1.708080808080808,47.04545454545455,0.056978022879290435,3.918775440335087,0.5100652674377374,3.918775378597015,0.017807139778938066,1.4037237297432112,Developed
protons,1.708080808080808,49.09090909090909,0.2932698329972183,10.110871604480243,1.856548466294538,10.11086624304237,0.042747399133634525,13.353471463795538,Developed
protons,1.708080808080808,51.13636363636363,0.6974132970350571,11.552679615838311,3.5705057706233583,11.55267133725117,0.08443428368595574,33.751188305710556,Developed
protons,1.708080808080808,53.18181818181818,1.0911260351055514,11.374878160798477,4.72299820308025,11.37487242931181,0.13669669985651386,45.650884984576734,Developed
protons,1.708080808080808,55.22727272727273,1.4664981862742295,11.210593551175965,5.592273981451026,11.210587551653685,0.1863211696898128,54.776710118048015,Developed
protons,1.708080808080808,57.27272727272727,1.8230513955334704,11.059057067423101,6.2930417027848895,11.059048054147677,0.2332540178639175,62.330668748247064,Developed
protons,1.708080808080808,59.31818181818182,2.160331289769566,10.91957962133279,6.877826834430495,10.919577896667606,0.27890638813506047,68.80095191345879,Developed
protons,1.708080808080808,61.36363636363636,2.4779080567924705,10.791549848908549,7.375678564903722,10.791539968139002,0.32251774518755494,74.44391045039116,Developed
protons,1.708080808080808,63.40909090909091,2.7753769930664323,10.674418966977743,7.804657609661512,10.674404763077094,0.3646081625801911,79.41336704146784,Developed
protons,1.708080808080808,65.45454545454545,3.0523590194433687,10.567699055755831,8.176912307776142,10.567694280848986,0.40639694195741555,83.81128212541314,Developed
protons,1.708080808080808,67.5,3.3085011642419264,10.470956531111112,8.501025807979394,10.470944045780694,0.4502882899309168,87.7071802056971,Developed
protons,1.708080808080808,69.54545454545455,3.54347701305643,10.383806010184605,8.78332448490502,10.383787372452897,0.4944015282618594,91.15326905447635,Developed
protons,1.708080808080808,71.5909090909091,3.756987124722718,10.305907257393313,9.02863893266408,10.305891193798862,0.5444115734349387,94.19006561180362,Developed
protons,1.708080808080808,73.63636363636364,3.9487594129105172,10.236961776958342,9.240647071999112,10.236935925480795,0.6004357168115503,96.84241110489367,Developed
protons,1.708080808080808,75.68181818181819,4.118549492856378,10.176709611165824,9.422250274792146,10.176663398767353,0.6716187951751577,99.13471636392883,Developed
protons,1.708080808080808,77.72727272727272,4.266140992795014,10.124926345337297,9.57580552090777,10.12487517557625,0.7753729942160816,101.08821437448931,Developed
protons,1.708080808080808,79.77272727272727,4.391345829692412,10.081421977309649,9.703028183218452,10.08134840539644,0.9599535187623826,102.7069437888323,Developed
protons,1.708080808080808,81.81818181818181,4.494004448929195,10.04603832233922,9.805240956043747,10.045902476470182,0.9999793773680257,104.00578138481296,Developed
protons,1.708080808080808,83.86363636363636,4.57398602762882,10.018647765814285,9.883841829628365,10.018434854748547,1.0,104.98176930961259,Developed
protons,1.708080808080808,85.9090909090909,4.631188641371571,9.999152306885675,9.939100487316695,9.998820705423583,0.9999572691796393,105.60680596560482,Developed
protons,1.708080808080808,87.95454545454545,4.665539394081792,9.987482775467965,9.972425543021414,9.985421843805025,0.9998374378706995,105.74037709812792,Developed
protons,1.708080808080808,90.0,4.682449800297075,9.995771931800446,9.995771931800446,9.983597491564431,1.0,106.46134351097878,Developed
protons,1.9090909090909092,0.0,0.0,0.0,0.0,0.0,0.0,0.0,Angle < Critical
protons,1.9090909090909092,2.0454545454545454,0.0,0.0,0.0,0.0,0.0,0.0,Angle < Critical
protons,1.9090909090909092,4.090909090909091,0.0,0.0,0.0,0.0,0.0,0.0,Angle < Critical
protons,1.9090909090909092,6.136363636363637,0.0,0.0,0.0,0.0,0.0,0.0,Angle < Critical
protons,1.9090909090909092,8.181818181818182,0.0,0.0,0.0,0.0,0.0,0.0,Angle < Critical
protons,1.9090909090909092,10.227272727272727,0.0,0.0,0.0,0.0,0.0,0.0,Angle < Critical
protons,1.9090909090909092,12.272727272727273,0.0,0.0,0.0,0.0,0.0,0.0,Angle < Critical
protons,1.9090909090909092,14.318181818181818,0.0,0.0,0.0,0.0,0.0,0.0,Angle < Critical
protons,1.9090909090909092,16.363636363636363,0.0,0.0,0.0,0.0,0.0,0.0,Angle < Critical
protons,1.9090909090909092,18.40909090909091,0.0,0.0,0.0,0.0,0.0,0.0,Angle < Critical
protons,1.9090909090909092,20.454545454545453,0.0,0.0,0.0,0.0,0.0,0.0,Angle < Critical
protons,1.9090909090909092,22.5,0.0,0.0,0.0,0.0,0.0,0.0,Angle < Critical
protons,1.9090909090909092,24.545454545454547,0.0,0.0,0.0,0.0,0.0,0.0,Angle < Critical
protons,1.9090909090909092,26.59090909090909,0.0,0.0,0.0,0.0,0.0,0.0,Angle < Critical
protons,1.9090909090909092,28.636363636363637,0.0,0.0,0.0,0.0,0.0,0.0,Track below surface
protons,1.9090909090909092,30.68181818181818,0.0,0.0,0.0,0.0,0.0,0.0,Track below surface
protons,1.9090909090909092,32.72727272727273,0.0,0.0,0.0,0.0,0.0,0.0,Track below surface
protons,1.9090909090909092,34.77272727272727,0.0,0.0,0.0,0.0,0.0,0.0,Track below surface
protons,1.9090909090909092,36.81818181818182,0.0,0.0,0.0,0.0,0.0,0.0,Track below surface
protons,1.9090909090909092,38.86363636363636,0.0,0.0,0.0,0.0,0.0,0.0,Track below surface
protons,1.9090909090909092,40.90909090909091,0.0,0.0,0.0,0.0,0.0,0.0,Track below surface
protons,1.9090909090909092,42.95454545454545,0.0,0.0,0.0,0.0,0.0,0.0,Track below surface
protons,1.9090909090909092,45.0,0.0,0.0,0.0,0.0,0.0,0.0,Track below surface
protons,1.9090909090909092,47.04545454545455,0.0,0.0,0.0,0.0,0.0,0.0,Track below surface
protons,1.9090909090909092,49.09090909090909,0.03834478044050815,3.912175476074804,0.43634989900579685,3.912173993484833,0.009261657683868255,1.1926948131804287,Developed
protons,1.9090909090909092,51.13636363636363,0.3171440367843541,11.06252779695818,2.2650423595040845,11.062524018119134,0.03517418187171241,19.08133109458481,Developed
protons,1.9090909090909092,53.18181818181818,0.7001615018635121,10.89839152445691,3.817638218214344,10.898385555962886,0.08346129405092413,34.285623929559144,Developed
protons,1.9090909090909092,55.22727272727273,1.0653366051800717,10.746484592829658,4.85432267086484,10.746476873491758,0.13457887682745212,44.27190466264038,Developed
protons,1.9090909090909092,57.27272727272727,1.412203986320936,10.606150908712182,5.650112495988218,10.606146073605526,0.1834333072135013,52.141082634613646,Developed
protons,1.9090909090909092,59.31818181818182,1.7403216152947412,10.476807818301669,6.297249377867336,10.476805930639689,0.228804524891624,58.71779972385835,Developed
protons,1.9090909090909092,61.36363636363636,2.0492713558321434,10.357932315421538,6.839540043189967,10.357924316419682,0.2719652957138673,64.37077383407723,Developed
protons,1.9090909090909092,63.40909090909091,2.3386594982372397,10.249054087686815,7.301883347940142,10.249046241570852,0.31544859252419566,69.30258250002639,Developed
protons,1.9090909090909092,65.45454545454545,2.6081172611110137,10.149752915132416,7.700072164773366,10.149742881134966,0.3574035175668024,73.63861820537154,Developed
protons,1.9090909090909092,67.5,2.857301261307411,10.0596532834129,8.044835726964317,10.059644046067238,0.3978986735667053,77.46245602489108,Developed
protons,1.9090909090909092,69.54545454545455,3.085893951523193,9.978421107246888,8.343851266472333,9.978400921346827,0.44086457134040846,80.83322048006788,Developed
protons,1.9090909090909092,71.5909090909091,3.293604024963958,9.905759725553201,8.6028248764162,9.905746823226188,0.48646424310598796,83.79409140639511,Developed
protons,1.9090909090909092,73.63636363636364,3.4801667865705426,9.84140893232829,8.826048646333213,9.841376854642933,0.5350909183195259,86.3774458641319,Developed
protons,1.9090909090909092,75.68181818181819,3.645344490332839,9.785140532426277,9.016892317273284,9.78510820879237,0.5934179598231425,88.60784864853098,Developed
protons,1.9090909090909092,77.72727272727272,3.788926642261096,9.736758152135518,9.177886430123046,9.73669942962524,0.6675830882961729,90.50347896264189,Developed
protons,1.9090909090909092,79.77272727272727,3.910730268628667,9.696094363642421,9.31115013726344,9.69602661232508,0.7790987880525589,92.07773541944519,Developed
protons,1.9090909090909092,81.81818181818181,4.01060014914434,9.663010046609164,9.41831558533855,9.66289627545721,0.998975155703818,93.34204994337509,Developed
protons,1.9090909090909092,83.86363636363636,4.088409014757101,9.637392622544523,9.500381289824427,9.637260784753797,0.9999718026926449,94.29128063150507,Developed
protons,1.9090909090909092,85.9090909090909,4.1440577098413005,9.619155755351516,9.558463951026,9.618801437574664,0.9999762762232379,94.9105370954706,Developed
protons,1.9090909090909092,87.95454545454545,4.177475318555482,9.608238032924191,9.592214603411422,9.606555994531357,0.9998596722460227,95.06664860242162,Developed
protons,1.9090909090909092,90.0,4.189712320253367,9.607184284717897,9.607184284717897,9.60460277251155,1.0,95.70188990605868,Developed
protons,2.11010101010101,0.0,0.0,0.0,0.0,0.0,0.0,0.0,Angle < Critical
protons,2.11010101010101,2.0454545454545454,0.0,0.0,0.0,0.0,0.0,0.0,Angle < Critical
protons,2.11010101010101,4.090909090909091,0.0,0.0,0.0,0.0,0.0,0.0,Angle < Critical
protons,2.11010101010101,6.136363636363637,0.0,0.0,0.0,0.0,0.0,0.0,Angle < Critical
protons,2.11010101010101,8.181818181818182,0.0,0.0,0.0,0.0,0.0,0.0,Angle < Critical
protons,2.11010101010101,10.227272727272727,0.0,0.0,0.0,0.0,0.0,0.0,Angle < Critical
protons,2.11010101010101,12.272727272727273,0.0,0.0,0.0,0.0,0.0,0.0,Angle < Critical
protons,2.11010101010101,14.318181818181818,0.0,0.0,0.0,0.0,0.0,0.0,Angle < Critical
protons,2.11010101010101,16.363636363636363,0.0,0.0,0.0,0.0,0.0,0.0,Angle < Critical
protons,2.11010101010101,18.40909090909091,0.0,0.0,0.0,0.0,0.0,0.0,Angle < Critical
protons,2.11010101010101,20.454545454545453,0.0,0.0,0.0,0.0,0.0,0.0,Angle < Critical
protons,2.11010101010101,22.5,0.0,0.0,0.0,0.0,0.0,0.0,Angle < Critical
protons,2.11010101010101,24.545454545454547,0.0,0.0,0.0,0.0,0.0,0.0,Angle < Critical
protons,2.11010101010101,26.59090909090909,0.0,0.0,0.0,0.0,0.0,0.0,Angle < Critical
protons,2.11010101010101,28.636363636363637,0.0,0.0,0.0,0.0,0.0,0.0,Track below surface
protons,2.11010101010101,30.68181818181818,0.0,0.0,0.0,0.0,0.0,0.0,Track below surface
protons,2.11010101010101,32.72727272727273,0.0,0.0,0.0,0.0,0.0,0.0,Track below surface
protons,2.11010101010101,34.77272727272727,0.0,0.0,0.0,0.0,0.0,0.0,Track below surface
protons,2.11010101010101,36.81818181818182,0.0,0.0,0.0,0.0,0.0,0.0,Track below surface
protons,2.11010101010101,38.86363636363636,0.0,0.0,0.0,0.0,0.0,0.0,Track below surface
protons,2.11010101010101,40.90909090909091,0.0,0.0,0.0,0.0,0.0,0.0,Track below surface
protons,2.11010101010101,42.95454545454545,0.0,0.0,0.0,0.0,0.0,0.0,Track below surface
protons,2.11010101010101,45.0,0.0,0.0,0.0,0.0,0.0,0.0,Track below surface
protons,2.11010101010101,47.04545454545455,0.0,0.0,0.0,0.0,0.0,0.0,Track below surface
protons,2.11010101010101,49.09090909090909,0.0,0.0,0.0,0.0,0.0,0.0,Track below surface
protons,2.11010101010101,51.13636363636363,0.07301525703521872,6.15308322030203,0.7846322782786147,6.153080097148487,0.01113659327942251,3.3834165936114062,Developed
protons,2.11010101010101,53.18181818181818,0.4099113774220786,10.489557175053774,2.8381010432699703,10.489556759579017,0.044509965662591584,23.803884635756507,Developed
protons,2.11010101010101,55.22727272727273,0.7675162431432465,10.346352881917568,4.1249603297343125,10.34634743818699,0.09299072081049638,35.40971211165848,Developed
protons,2.11010101010101,57.27272727272727,1.1071929136757515,10.213946683043746,5.0382206096969595,10.213938858854487,0.14160788195800247,43.80335069847423,Developed
protons,2.11010101010101,59.31818181818182,1.4285085225008451,10.091816643400168,5.755787711784446,10.091808384425288,0.18943362334968558,50.5819049423432,Developed
protons,2.11010101010101,61.36363636363636,1.7310536014946116,9.979492140229732,6.345683375760517,9.979486434888852,0.23275848997029477,56.30151438082886,Developed
protons,2.11010101010101,63.40909090909091,2.014442602733192,9.87654985247982,6.842556437909309,9.876539570137343,0.27481997986191004,61.23528790429061,Developed
protons,2.11010101010101,65.45454545454545,2.278314389815211,9.782609456006577,7.266938540339364,9.78260172355727,0.3160601686166341,65.54018000195171,Developed
protons,2.11010101010101,67.5,2.522332698075534,9.69733066797843,7.632190323479263,9.697319270123442,0.3581852809985821,69.31648959392297,Developed
protons,2.11010101010101,69.54545454545455,2.746186563103654,9.620409748194835,7.947564000583029,9.62040497323845,0.3977428326357194,72.63211843363392,Developed
protons,2.11010101010101,71.5909090909091,2.9495907170208273,9.551577531681776,8.219762629047306,9.551555071355088,0.4405965778761241,75.53635173409224,Developed
protons,2.11010101010101,73.63636363636364,3.132285952010763,9.490595883048988,8.45376515812826,9.490570942998424,0.4871843192526994,78.06532020515637,Developed
protons,2.11010101010101,75.68181818181819,3.294039450640824,9.43725708738696,8.653394950453649,9.437225148952866,0.5370386642040894,80.24466735753543,Developed
protons,2.11010101010101,77.72727272727272,3.434645082552562,9.391381428048762,8.821538026518567,9.391338812378539,0.598085305381127,82.09506410755506,Developed
protons,2.11010101010101,79.77272727272727,3.553923667143712,9.352815834254782,8.960529647893415,9.352743085599233,0.680328750053869,83.63780203579273,Developed
protons,2.11010101010101,81.81818181818181,3.65172320190673,9.321432654458565,9.072160852164398,9.321363596068592,0.8219234058040438,84.86336712000247,Developed
protons,2.11010101010101,83.86363636363636,3.7279190561329933,9.297128952882762,9.157627012275126,9.297021130326506,0.9999723724594778,85.79233791140646,Developed
protons,2.11010101010101,85.9090909090909,3.782414129735786,9.279825375412601,9.218060181619794,9.279560885461485,1.0,86.4021416173104,Developed
protons,2.11010101010101,87.95454545454545,3.815138976989674,9.269465665976242,9.25300662762188,9.267798338897997,0.9997471090046969,86.59039189427546,Developed
protons,2.11010101010101,90.0,3.827397630786532,9.269353359365779,9.269353359365779,9.266016085639535,1.0,87.14839445488062,Developed
protons,2.311111111111111,0.0,0.0,0.0,0.0,0.0,0.0,0.0,Angle < Critical
protons,2.311111111111111,2.0454545454545454,0.0,0.0,0.0,0.0,0.0,0.0,Angle < Critical
protons,2.311111111111111,4.090909090909091,0.0,0.0,0.0,0.0,0.0,0.0,Angle < Critical
protons,2.311111111111111,6.136363636363637,0.0,0.0,0.0,0.0,0.0,0.0,Angle < Critical
protons,2.311111111111111,8.181818181818182,0.0,0.0,0.0,0.0,0.0,0.0,Angle < Critical
protons,2.311111111111111,10.227272727272727,0.0,0.0,0.0,0.0,0.0,0.0,Angle < Critical
protons,2.311111111111111,12.272727272727273,0.0,0.0,0.0,0.0,0.0,0.0,Angle < Critical
protons,2.311111111111111,14.318181818181818,0.0,0.0,0.0,0.0,0.0,0.0,Angle < Critical
protons,2.311111111111111,16.363636363636363,0.0,0.0,0.0,0.0,0.0,0.0,Angle < Critical
protons,2.311111111111111,18.40909090909091,0.0,0.0,0.0,0.0,0.0,0.0,Angle < Critical
protons,2.311111111111111,20.454545454545453,0.0,0.0,0.0,0.0,0.0,0.0,Angle < Critical
protons,2.311111111111111,22.5,0.0,0.0,0.0,0.0,0.0,0.0,Angle < Critical
protons,2.311111111111111,24.545454545454547,0.0,0.0,0.0,0.0,0.0,0.0,Angle < Critical
protons,2.311111111111111,26.59090909090909,0.0,0.0,0.0,0.0,0.0,0.0,Angle < Critical
protons,2.311111111111111,28.636363636363637,0.0,0.0,0.0,0.0,0.0,0.0,Track below surface
protons,2.311111111111111,30.68181818181818,0.0,0.0,0.0,0.0,0.0,0.0,Track below surface
protons,2.311111111111111,32.72727272727273,0.0,0.0,0.0,0.0,0.0,0.0,Track below surface
protons,2.311111111111111,34.77272727272727,0.0,0.0,0.0,0.0,0.0,0.0,Track below surface
protons,2.311111111111111,36.81818181818182,0.0,0.0,0.0,0.0,0.0,0.0,Track below surface
protons,2.311111111111111,38.86363636363636,0.0,0.0,0.0,0.0,0.0,0.0,Track below surface
protons,2.311111111111111,40.90909090909091,0.0,0.0,0.0,0.0,0.0,0.0,Track below surface
protons,2.311111111111111,42.95454545454545,0.0,0.0,0.0,0.0,0.0,0.0,Track below surface
protons,2.311111111111111,45.0,0.0,0.0,0.0,0.0,0.0,0.0,Track below surface
protons,2.311111111111111,47.04545454545455,0.0,0.0,0.0,0.0,0.0,0.0,Track below surface
protons,2.311111111111111,49.09090909090909,0.0,0.0,0.0,0.0,0.0,0.0,Track below surface
protons,2.311111111111111,51.13636363636363,0.0,0.0,0.0,0.0,0.0,0.0,Track below surface
protons,2.311111111111111,53.18181818181818,0.16077996442706954,9.56994887761162,1.5099081543514794,9.569947968844144,0.016872947581433047,10.187593953198851,Developed
protons,2.311111111111111,55.22727272727273,0.5111569679651282,9.96718206619996,3.310190756985159,9.967175887854985,0.05764074951975141,26.78828688742103,Developed
protons,2.311111111111111,57.27272727272727,0.8446439832740378,9.841279422870363,4.394937613905097,9.84127243784679,0.10501813609606032,36.11136143679556,Developed
protons,2.311111111111111,59.31818181818182,1.160104515760004,9.725097560709532,5.2025048598462975,9.725092119963563,0.15201676829542687,43.2289496752668,Developed
protons,2.311111111111111,61.36363636363636,1.4571365587079619,9.618201159399822,5.849195462762153,9.61819434110862,0.19718948962307406,49.0806031215374,Developed
protons,2.311111111111111,63.40909090909091,1.7353615897242793,9.520198079113017,6.385555274253793,9.520188867615243,0.23924353916618282,54.05334099340478,Developed
protons,2.311111111111111,65.45454545454545,1.9944250531062586,9.430735774963292,6.8390638713013105,9.430724448130295,0.2804460126200474,58.351097758028665,Developed
protons,2.311111111111111,67.5,2.2339968116697513,9.349498155562683,7.226636892025661,9.349488156591567,0.3206209749034918,62.096598781989385,Developed
protons,2.311111111111111,69.54545454545455,2.453771567459013,9.276203145249912,7.5595753003058075,9.276189591191756,0.36161930148648597,65.37024688538209,Developed
protons,2.311111111111111,71.5909090909091,2.6534692508028,9.210599860171229,7.845798939939078,9.210590391476394,0.4009594949268331,68.2274575100633,Developed
protons,2.311111111111111,73.63636363636364,2.8328353772207233,9.15246697028197,8.091146723161739,9.152447560080804,0.4428545417061826,70.70858159193443,Developed
protons,2.311111111111111,75.68181818181819,2.9916413717252848,9.10161059657788,8.299941457339806,9.101585695719908,0.4907134907881867,72.84317985813439,Developed
protons,2.311111111111111,77.72727272727272,3.1296848601060443,9.057863119081583,8.47553051302745,9.05783253620553,0.5411638856189208,74.65329350360767,Developed
protons,2.311111111111111,79.77272727272727,3.246789926824979,9.021081667788835,8.620447565681042,9.021042479437138,0.6072436702174947,76.15480095439841,Developed
protons,2.311111111111111,81.81818181818181,3.342807339194181,8.991147188233917,8.736635677846925,8.99107890289281,0.7015268109094903,77.35735051453347,Developed
protons,2.311111111111111,83.86363636363636,3.417614737550368,8.967963305121106,8.825633065993271,8.967857630604058,0.9227496841932539,78.26802472834143,Developed
protons,2.311111111111111,85.9090909090909,3.471116791183741,8.951455911326077,8.888428459590289,8.951262128570912,0.9999351034525457,78.87052834927658,Developed
protons,2.311111111111111,87.95454545454545,3.503245319822552,8.941572468012884,8.924785073916786,8.940029490135988,0.9994287771122728,79.07307549296648,Developed
protons,2.311111111111111,90.0,3.5165656627359496,8.945053852889119,8.945053852889119,8.938281454226447,1.0,79.57566726946655,Developed
protons,2.512121212121212,0.0,0.0,0.0,0.0,0.0,0.0,0.0,Angle < Critical
protons,2.512121212121212,2.0454545454545454,0.0,0.0,0.0,0.0,0.0,0.0,Angle < Critical
protons,2.512121212121212,4.090909090909091,0.0,0.0,0.0,0.0,0.0,0.0,Angle < Critical
protons,2.512121212121212,6.136363636363637,0.0,0.0,0.0,0.0,0.0,0.0,Angle < Critical
protons,2.512121212121212,8.181818181818182,0.0,0.0,0.0,0.0,0.0,0.0,Angle < Critical
protons,2.512121212121212,10.227272727272727,0.0,0.0,0.0,0.0,0.0,0.0,Angle < Critical
protons,2.512121212121212,12.272727272727273,0.0,0.0,0.0,0.0,0.0,0.0,Angle < Critical
protons,2.512121212121212,14.318181818181818,0.0,0.0,0.0,0.0,0.0,0.0,Angle < Critical
protons,2.512121212121212,16.363636363636363,0.0,0.0,0.0,0.0,0.0,0.0,Angle < Critical
protons,2.512121212121212,18.40909090909091,0.0,0.0,0.0,0.0,0.0,0.0,Angle < Critical
protons,2.512121212121212,20.454545454545453,0.0,0.0,0.0,0.0,0.0,0.0,Angle < Critical
protons,2.512121212121212,22.5,0.0,0.0,0.0,0.0,0.0,0.0,Angle < Critical
protons,2.512121212121212,24.545454545454547,0.0,0.0,0.0,0.0,0.0,0.0,Angle < Critical
protons,2.512121212121212,26.59090909090909,0.0,0.0,0.0,0.0,0.0,0.0,Angle < Critical
protons,2.512121212121212,28.636363636363637,0.0,0.0,0.0,0.0,0.0,0.0,Track below surface
protons,2.512121212121212,30.68181818181818,0.0,0.0,0.0,0.0,0.0,0.0,Track below surface
protons,2.512121212121212,32.72727272727273,0.0,0.0,0.0,0.0,0.0,0.0,Track below surface
protons,2.512121212121212,34.77272727272727,0.0,0.0,0.0,0.0,0.0,0.0,Track below surface
protons,2.512121212121212,36.81818181818182,0.0,0.0,0.0,0.0,0.0,0.0,Track below surface
protons,2.512121212121212,38.86363636363636,0.0,0.0,0.0,0.0,0.0,0.0,Track below surface
protons,2.512121212121212,40.90909090909091,0.0,0.0,0.0,0.0,0.0,0.0,Track below surface
protons,2.512121212121212,42.95454545454545,0.0,0.0,0.0,0.0,0.0,0.0,Track below surface
protons,2.512121212121212,45.0,0.0,0.0,0.0,0.0,0.0,0.0,Track below surface
protons,2.512121212121212,47.04545454545455,0.0,0.0,0.0,0.0,0.0,0.0,Track below surface
protons,2.512121212121212,49.09090909090909,0.0,0.0,0.0,0.0,0.0,0.0,Track below surface
protons,2.512121212121212,51.13636363636363,0.0,0.0,0.0,0.0,0.0,0.0,Track below surface
protons,2.512121212121212,53.18181818181818,0.012678630388649026,2.6810379094138033,0.2252419872376061,2.6810371692422814,0.0025891329703963415,0.42031823723022727,Developed
protons,2.512121212121212,55.22727272727273,0.2724818926579129,9.58909409407563,2.270477532342857,9.589090195196817,0.02722505275686602,17.076493568843613,Developed
protons,2.512121212121212,57.27272727272727,0.6002062281277887,9.469166714771992,3.6670316494045827,9.469163093324857,0.070761477977811,28.446663805445795,Developed
protons,2.512121212121212,59.31818181818182,0.9102155797068097,9.358466662185212,4.603752296179861,9.358461207966872,0.11609610192784481,36.15450798630805,Developed
protons,2.512121212121212,61.36363636363636,1.2021148873851253,9.256586448283649,5.3240960779991875,9.256583107114533,0.16095106181902544,42.23538114949961,Developed
protons,2.512121212121212,63.40909090909091,1.4755321696635626,9.163159332386863,5.908877685524035,9.163155700549195,0.20457651232155571,47.29482223653852,Developed
protons,2.512121212121212,65.45454545454545,1.7301189975877023,9.077855507246987,6.396849052475392,9.07784647829069,0.2449257842209171,51.61226427180155,Developed
protons,2.512121212121212,67.5,1.96555093876791,9.000378434795001,6.810191331492288,9.000366316765604,0.28382491201879795,55.34339891973973,Developed
protons,2.512121212121212,69.54545454545455,2.1815279708192907,8.930463384184858,7.1630400000987695,8.930459972764282,0.3225959574064963,58.585354626890705,Developed
protons,2.512121212121212,71.5909090909091,2.3777748636948424,8.867875532446766,7.464977288773818,8.867858178054057,0.3628137958392676,61.402972756269726,Developed
protons,2.512121212121212,73.63636363636364,2.5540415304244917,8.812406576129515,7.722862121200444,8.81238365738834,0.40243511782013475,63.8423378688403,Developed
protons,2.512121212121212,75.68181818181819,2.71010334581311,8.76387456250128,7.941751406179317,8.763859406886146,0.4433214326069778,65.9359949511609,Developed
protons,2.512121212121212,77.72727272727272,2.8457614326913117,8.72212205621101,8.125395885150214,8.722091334928209,0.49275362136483386,67.7073033290846,Developed
protons,2.512121212121212,79.77272727272727,2.960842915354341,8.687014593342989,8.276730507871298,8.68699415089682,0.545149757283755,69.1769545219048,Developed
protons,2.512121212121212,81.81818181818181,3.055201139865984,8.658440372072098,8.397968602853723,8.658393556890257,0.6169511164340249,70.35309514698034,Developed
protons,2.512121212121212,83.86363636363636,3.1287158609468086,8.636308698643301,8.49056873730419,8.636148124268885,0.7332980807333168,71.24351533513273,Developed
protons,2.512121212121212,85.9090909090909,3.181293395208611,8.620549728431625,8.555952085676406,8.620222779958,0.9998467242868418,71.8373808849031,Developed
protons,2.512121212121212,87.95454545454545,3.2128667405396936,8.611113993323954,8.594928439947413,8.610399246291804,0.9994171412569295,72.06275994508714,Developed
protons,2.512121212121212,90.0,3.2288888322334,8.622939322935563,8.622939322935563,8.607972001753218,1.0,72.50674882146478,Developed
protons,2.713131313131313,0.0,0.0,0.0,0.0,0.0,0.0,0.0,Angle < Critical
protons,2.713131313131313,2.0454545454545454,0.0,0.0,0.0,0.0,0.0,0.0,Angle < Critical
protons,2.713131313131313,4.090909090909091,0.0,0.0,0.0,0.0,0.0,0.0,Angle < Critical
protons,2.713131313131313,6.136363636363637,0.0,0.0,0.0,0.0,0.0,0.0,Angle < Critical
protons,2.713131313131313,8.181818181818182,0.0,0.0,0.0,0.0,0.0,0.0,Angle < Critical
protons,2.713131313131313,10.227272727272727,0.0,0.0,0.0,0.0,0.0,0.0,Angle < Critical
protons,2.713131313131313,12.272727272727273,0.0,0.0,0.0,0.0,0.0,0.0,Angle < Critical
protons,2.713131313131313,14.318181818181818,0.0,0.0,0.0,0.0,0.0,0.0,Angle < Critical
protons,2.713131313131313,16.363636363636363,0.0,0.0,0.0,0.0,0.0,0.0,Angle < Critical
protons,2.713131313131313,18.40909090909091,0.0,0.0,0.0,0.0,0.0,0.0,Angle < Critical
protons,2.713131313131313,20.454545454545453,0.0,0.0,0.0,0.0,0.0,0.0,Angle < Critical
protons,2.713131313131313,22.5,0.0,0.0,0.0,0.0,0.0,0.0,Angle < Critical
protons,2.713131313131313,24.545454545454547,0.0,0.0,0.0,0.0,0.0,0.0,Angle < Critical
protons,2.713131313131313,26.59090909090909,0.0,0.0,0.0,0.0,0.0,0.0,Angle < Critical
protons,2.713131313131313,28.636363636363637,0.0,0.0,0.0,0.0,0.0,0.0,Track below surface
protons,2.713131313131313,30.68181818181818,0.0,0.0,0.0,0.0,0.0,0.0,Track below surface
protons,2.713131313131313,32.72727272727273,0.0,0.0,0.0,0.0,0.0,0.0,Track below surface
protons,2.713131313131313,34.77272727272727,0.0,0.0,0.0,0.0,0.0,0.0,Track below surface
protons,2.713131313131313,36.81818181818182,0.0,0.0,0.0,0.0,0.0,0.0,Track below surface
protons,2.713131313131313,38.86363636363636,0.0,0.0,0.0,0.0,0.0,0.0,Track below surface
protons,2.713131313131313,40.90909090909091,0.0,0.0,0.0,0.0,0.0,0.0,Track below surface
protons,2.713131313131313,42.95454545454545,0.0,0.0,0.0,0.0,0.0,0.0,Track below surface
protons,2.713131313131313,45.0,0.0,0.0,0.0,0.0,0.0,0.0,Track below surface
protons,2.713131313131313,47.04545454545455,0.0,0.0,0.0,0.0,0.0,0.0,Track below surface
protons,2.713131313131313,49.09090909090909,0.0,0.0,0.0,0.0,0.0,0.0,Track below surface
protons,2.713131313131313,51.13636363636363,0.0,0.0,0.0,0.0,0.0,0.0,Track below surface
protons,2.713131313131313,53.18181818181818,0.0,0.0,0.0,0.0,0.0,0.0,Track below surface
protons,2.713131313131313,55.22727272727273,0.06285326901480559,5.987616976473368,0.7758320662244346,5.987614493498903,0.007685938360762645,3.2520048089802445,Developed
protons,2.713131313131313,57.27272727272727,0.3660138633687211,9.091105692836319,2.778124374560434,9.091101514418531,0.039207517350773255,20.24008594163745,Developed
protons,2.713131313131313,59.31818181818182,0.67080051542424,8.985735838347836,3.9297083395732053,8.9857314913057,0.082362493620374,29.10849851620853,Developed
protons,2.713131313131313,61.36363636363636,0.957782221851641,8.888740688328863,4.753339327379614,8.888735498189554,0.12621366391825425,35.58623295630222,Developed
protons,2.713131313131313,63.40909090909091,1.226593267890431,8.799775959226903,5.400692660238846,8.799770067249757,0.16838777343403938,40.803465008869544,Developed
protons,2.713131313131313,65.45454545454545,1.476891094537299,8.718531788618472,5.931111623404568,8.718522975278674,0.20950864654756285,45.176649861699175,Developed
protons,2.713131313131313,67.5,1.7083567350857507,8.64472964600413,6.3752191670748894,8.644727807821319,0.25027845626612566,48.91472084183133,Developed
protons,2.713131313131313,69.54545454545455,1.9206952216008855,8.578121514221431,6.751306897912731,8.578109275825977,0.28773888453242846,52.136697071385505,Developed
protons,2.713131313131313,71.5909090909091,2.1136359608114326,8.518485729773564,7.071288840991318,8.5184695788262,0.32367246201512495,54.9229627219992,Developed
protons,2.713131313131313,73.63636363636364,2.2869330789398887,8.465626936016543,7.343421642225484,8.46560763340268,0.36160435501397287,57.325118166464314,Developed
protons,2.713131313131313,75.68181818181819,2.4403657350314862,8.419373930431705,7.5736395102860055,8.419349454673004,0.4023078752184322,59.38128029519169,Developed
protons,2.713131313131313,77.72727272727272,2.573738402382542,8.37957840107798,7.766354198813657,8.379554813956101,0.4413604430279751,61.11830248035477,Developed
protons,2.713131313131313,79.77272727272727,2.686881117709662,8.346114074241981,7.924830298171452,8.34607910398395,0.48836360021230507,62.5557134418953,Developed
protons,2.713131313131313,81.81818181818181,2.77964969774224,8.318875335066462,8.051559448420653,8.318835569256995,0.5437825017599875,63.715258375152736,Developed
protons,2.713131313131313,83.86363636363636,2.851925922962204,8.29777704017793,8.148396402946702,8.29764214633252,0.6239649319451347,64.5778840409122,Developed
protons,2.713131313131313,85.9090909090909,2.903617688256917,8.282753343561557,8.216670339699522,8.282457306991027,0.7866693153088927,65.16344881319692,Developed
protons,2.713131313131313,87.95454545454545,2.934659120293203,8.273757677120068,8.25612168510844,8.272588546134362,0.9992553675454777,65.3960411035726,Developed
protons,2.713131313131313,90.0,2.9465519494254373,8.275173506672703,8.275173506672703,8.270762201191747,1.0,65.79827967383105,Developed
protons,2.914141414141414,0.0,0.0,0.0,0.0,0.0,0.0,0.0,Angle < Critical
protons,2.914141414141414,2.0454545454545454,0.0,0.0,0.0,0.0,0.0,0.0,Angle < Critical
protons,2.914141414141414,4.090909090909091,0.0,0.0,0.0,0.0,0.0,0.0,Angle < Critical
protons,2.914141414141414,6.136363636363637,0.0,0.0,0.0,0.0,0.0,0.0,Angle < Critical
protons,2.914141414141414,8.181818181818182,0.0,0.0,0.0,0.0,0.0,0.0,Angle < Critical
protons,2.914141414141414,10.227272727272727,0.0,0.0,0.0,0.0,0.0,0.0,Angle < Critical
protons,2.914141414141414,12.272727272727273,0.0,0.0,0.0,0.0,0.0,0.0,Angle < Critical
protons,2.914141414141414,14.318181818181818,0.0,0.0,0.0,0.0,0.0,0.0,Angle < Critical
protons,2.914141414141414,16.363636363636363,0.0,0.0,0.0,0.0,0.0,0.0,Angle < Critical
protons,2.914141414141414,18.40909090909091,0.0,0.0,0.0,0.0,0.0,0.0,Angle < Critical
protons,2.914141414141414,20.454545454545453,0.0,0.0,0.0,0.0,0.0,0.0,Angle < Critical
protons,2.914141414141414,22.5,0.0,0.0,0.0,0.0,0.0,0.0,Angle < Critical
protons,2.914141414141414,24.545454545454547,0.0,0.0,0.0,0.0,0.0,0.0,Angle < Critical
protons,2.914141414141414,26.59090909090909,0.0,0.0,0.0,0.0,0.0,0.0,Angle < Critical
protons,2.914141414141414,28.636363636363637,0.0,0.0,0.0,0.0,0.0,0.0,Track below surface
protons,2.914141414141414,30.68181818181818,0.0,0.0,0.0,0.0,0.0,0.0,Track below surface
protons,2.914141414141414,32.72727272727273,0.0,0.0,0.0,0.0,0.0,0.0,Track below surface
protons,2.914141414141414,34.77272727272727,0.0,0.0,0.0,0.0,0.0,0.0,Track below surface
protons,2.914141414141414,36.81818181818182,0.0,0.0,0.0,0.0,0.0,0.0,Track below surface
protons,2.914141414141414,38.86363636363636,0.0,0.0,0.0,0.0,0.0,0.0,Track below surface
protons,2.914141414141414,40.90909090909091,0.0,0.0,0.0,0.0,0.0,0.0,Track below surface
protons,2.914141414141414,42.95454545454545,0.0,0.0,0.0,0.0,0.0,0.0,Track below surface
protons,2.914141414141414,45.0,0.0,0.0,0.0,0.0,0.0,0.0,Track below surface
protons,2.914141414141414,47.04545454545455,0.0,0.0,0.0,0.0,0.0,0.0,Track below surface
protons,2.914141414141414,49.09090909090909,0.0,0.0,0.0,0.0,0.0,0.0,Track below surface
protons,2.914141414141414,51.13636363636363,0.0,0.0,0.0,0.0,0.0,0.0,Track below surface
protons,2.914141414141414,53.18181818181818,0.0,0.0,0.0,0.0,0.0,0.0,Track below surface
protons,2.914141414141414,55.22727272727273,0.0,0.0,0.0,0.0,0.0,0.0,Track below surface
protons,2.914141414141414,57.27272727272727,0.14137027972112826,8.706615843967851,1.5048016597473561,8.706613721186818,0.013157660365572506,9.519845723723392,Developed
protons,2.914141414141414,59.31818181818182,0.4411471786257284,8.606514791432605,3.1352483648318406,8.606509461689285,0.050037906152705765,21.831543847967055,Developed
protons,2.914141414141414,61.36363636363636,0.7234117903301929,8.514354444462743,4.119807421885278,8.514351155444523,0.09188809039482944,29.043703095741325,Developed
protons,2.914141414141414,63.40909090909091,0.9878044112975015,8.42981002616903,4.852612832885501,8.429805149826898,0.1337808603387278,34.53522523433803,Developed
protons,2.914141414141414,65.45454545454545,1.2339881131385209,8.352589495991959,5.4371613429232974,8.352582123449775,0.17412289333347367,39.01687024194929,Developed
protons,2.914141414141414,67.5,1.4616491719762994,8.282432224061873,5.918892687672116,8.28242908564535,0.21282054799239794,42.787944039219816,Developed
protons,2.914141414141414,69.54545454545455,1.6704974682396383,8.219104949643391,6.322610535867325,8.219103538239821,0.2509413466922065,46.00749773293681,Developed
protons,2.914141414141414,71.5909090909091,1.8602668563766311,8.162399996646682,6.663623372121761,8.162391246136002,0.28838450916595126,48.77177205402383,Developed
protons,2.914141414141414,73.63636363636364,2.0307155040168468,8.112133590290417,6.952106551474706,8.112121186612377,0.3218434264518072,51.1435318350378,Developed
protons,2.914141414141414,75.68181818181819,2.181626200150143,8.06814479817867,7.195200135046481,8.068130732772737,0.3580709923096038,53.16646618419809,Developed
protons,2.914141414141414,77.72727272727272,2.31280663192919,8.030294386028183,7.398071935827562,8.030266779414646,0.39444913510645907,54.86954607925992,Developed
protons,2.914141414141414,79.77272727272727,2.424089629743122,7.998463368127879,7.564530232744799,7.998436661672215,0.4352897008560384,56.27880843819754,Developed
protons,2.914141414141414,81.81818181818181,2.515333380249899,7.972552713442149,7.69735969802372,7.972486236989775,0.4761082269241468,57.40529014239993,Developed
protons,2.914141414141414,83.86363636363636,2.58642160709595,7.952482099737831,7.798797706417091,7.952365029395957,0.5339591930357719,58.25820705596368,Developed
protons,2.914141414141414,85.9090909090909,2.6372637190928057,7.938189713702777,7.870166690733845,7.937987851106467,0.6190946036652941,58.83416242136662,Developed
protons,2.914141414141414,87.95454545454545,2.6677949256618554,7.929631741709198,7.912263451618874,7.928926386642973,0.9132843999127714,59.07625233640993,Developed
protons,2.914141414141414,90.0,2.6804406987403286,7.934207484408173,7.934207484408173,7.926782030465105,1.0,59.43819181527789,Developed
protons,3.1151515151515152,0.0,0.0,0.0,0.0,0.0,0.0,0.0,Angle < Critical
protons,3.1151515151515152,2.0454545454545454,0.0,0.0,0.0,0.0,0.0,0.0,Angle < Critical
protons,3.1151515151515152,4.090909090909091,0.0,0.0,0.0,0.0,0.0,0.0,Angle < Critical
protons,3.1151515151515152,6.136363636363637,0.0,0.0,0.0,0.0,0.0,0.0,Angle < Critical
protons,3.1151515151515152,8.181818181818182,0.0,0.0,0.0,0.0,0.0,0.0,Angle < Critical
protons,3.1151515151515152,10.227272727272727,0.0,0.0,0.0,0.0,0.0,0.0,Angle < Critical
protons,3.1151515151515152,12.272727272727273,0.0,0.0,0.0,0.0,0.0,0.0,Angle < Critical
protons,3.1151515151515152,14.318181818181818,0.0,0.0,0.0,0.0,0.0,0.0,Angle < Critical
protons,3.1151515151515152,16.363636363636363,0.0,0.0,0.0,0.0,0.0,0.0,Angle < Critical
protons,3.1151515151515152,18.40909090909091,0.0,0.0,0.0,0.0,0.0,0.0,Angle < Critical
protons,3.1151515151515152,20.454545454545453,0.0,0.0,0.0,0.0,0.0,0.0,Angle < Critical
protons,3.1151515151515152,22.5,0.0,0.0,0.0,0.0,0.0,0.0,Angle < Critical
protons,3.1151515151515152,24.545454545454547,0.0,0.0,0.0,0.0,0.0,0.0,Angle < Critical
protons,3.1151515151515152,26.59090909090909,0.0,0.0,0.0,0.0,0.0,0.0,Angle < Critical
protons,3.1151515151515152,28.636363636363637,0.0,0.0,0.0,0.0,0.0,0.0,Track below surface
protons,3.1151515151515152,30.68181818181818,0.0,0.0,0.0,0.0,0.0,0.0,Track below surface
protons,3.1151515151515152,32.72727272727273,0.0,0.0,0.0,0.0,0.0,0.0,Track below surface
protons,3.1151515151515152,34.77272727272727,0.0,0.0,0.0,0.0,0.0,0.0,Track below surface
protons,3.1151515151515152,36.81818181818182,0.0,0.0,0.0,0.0,0.0,0.0,Track below surface
protons,3.1151515151515152,38.86363636363636,0.0,0.0,0.0,0.0,0.0,0.0,Track below surface
protons,3.1151515151515152,40.90909090909091,0.0,0.0,0.0,0.0,0.0,0.0,Track below surface
protons,3.1151515151515152,42.95454545454545,0.0,0.0,0.0,0.0,0.0,0.0,Track below surface
protons,3.1151515151515152,45.0,0.0,0.0,0.0,0.0,0.0,0.0,Track below surface
protons,3.1151515151515152,47.04545454545455,0.0,0.0,0.0,0.0,0.0,0.0,Track below surface
protons,3.1151515151515152,49.09090909090909,0.0,0.0,0.0,0.0,0.0,0.0,Track below surface
protons,3.1151515151515152,51.13636363636363,0.0,0.0,0.0,0.0,0.0,0.0,Track below surface
protons,3.1151515151515152,53.18181818181818,0.0,0.0,0.0,0.0,0.0,0.0,Track below surface
protons,3.1151515151515152,55.22727272727273,0.0,0.0,0.0,0.0,0.0,0.0,Track below surface
protons,3.1151515151515152,57.27272727272727,0.007018702623971862,1.728061406539194,0.12634198926186765,1.7280606781364751,0.001117871381048586,0.15167540256788736,Developed
protons,3.1151515151515152,59.31818181818182,0.22414651896281512,8.221846922437464,2.1019177898079504,8.221843018334692,0.02147936656377844,13.578761085534266,Developed
protons,3.1151515151515152,61.36363636363636,0.5019539227693297,8.13448525220469,3.3933181778671098,8.134483230342939,0.059270565295094155,22.465551384075027,Developed
protons,3.1151515151515152,63.40909090909091,0.7621715503812254,8.05432937766517,4.252863233642324,8.054326736797561,0.10003640853294694,28.44751246348733,Developed
protons,3.1151515151515152,65.45454545454545,1.0044677938066577,7.981106283500556,4.909614793208865,7.981102738239649,0.13970789676944328,33.12095275608315,Developed
protons,3.1151515151515152,67.5,1.2285338831462038,7.914571545734774,5.438649188790005,7.9145648224192255,0.1771243627569745,36.96518489731238,Developed
protons,3.1151515151515152,69.54545454545455,1.434084280073325,7.85450633590535,5.8758490904809575,7.85449926121627,0.2135279562213968,40.20302954118761,Developed
protons,3.1151515151515152,71.5909090909091,1.6208570417097956,7.800716218739193,6.241681570011453,7.80070461812681,0.2499688486743575,42.95802854972674,Developed
protons,3.1151515151515152,73.63636363636364,1.7886141544322296,7.753028706890069,6.549136245478689,7.753020174551592,0.28317321131760204,45.307317565611626,Developed
protons,3.1151515151515152,75.68181818181819,1.9371418371844715,7.711293185264116,6.806950933575117,7.711284101501796,0.3180939393061197,47.301535315316585,Developed
protons,3.1151515151515152,77.72727272727272,2.0662508139091553,7.675378750123697,7.021328773609215,7.675361663642514,0.349283633818137,48.97664521265165,Developed
protons,3.1151515151515152,79.77272727272727,2.1757765547514545,7.645173847770816,7.196746284856516,7.645160989366808,0.3805220954369194,50.35717740431398,Developed
protons,3.1151515151515152,81.81818181818181,2.2655794857274305,7.620585540922513,7.33646281693222,7.620546837056395,0.41321110160109126,51.460504439626945,Developed
protons,3.1151515151515152,83.86363636363636,2.335545166589995,7.601538390192447,7.442959951449116,7.601451187847523,0.45080692745799306,52.29588073260702,Developed
protons,3.1151515151515152,85.9090909090909,2.385584436665674,7.587974384516372,7.517865666619377,7.5878100791714775,0.4950726285300366,52.86306422460542,Developed
protons,3.1151515151515152,87.95454545454545,2.4156335284764037,7.57985240140234,7.561574706065551,7.5789338958289125,0.5705391860508531,53.11577383233068,Developed
protons,3.1151515151515152,90.0,2.4272560170825663,7.582240627933408,7.582240627933408,7.577147792944516,1.0,53.43801971644171,Developed
protons,3.316161616161616,0.0,0.0,0.0,0.0,0.0,0.0,0.0,Angle < Critical
protons,3.316161616161616,2.0454545454545454,0.0,0.0,0.0,0.0,0.0,0.0,Angle < Critical
protons,3.316161616161616,4.090909090909091,0.0,0.0,0.0,0.0,0.0,0.0,Angle < Critical
protons,3.316161616161616,6.136363636363637,0.0,0.0,0.0,0.0,0.0,0.0,Angle < Critical
protons,3.316161616161616,8.181818181818182,0.0,0.0,0.0,0.0,0.0,0.0,Angle < Critical
protons,3.316161616161616,10.227272727272727,0.0,0.0,0.0,0.0,0.0,0.0,Angle < Critical
protons,3.316161616161616,12.272727272727273,0.0,0.0,0.0,0.0,0.0,0.0,Angle < Critical
protons,3.316161616161616,14.318181818181818,0.0,0.0,0.0,0.0,0.0,0.0,Angle < Critical
protons,3.316161616161616,16.363636363636363,0.0,0.0,0.0,0.0,0.0,0.0,Angle < Critical
protons,3.316161616161616,18.40909090909091,0.0,0.0,0.0,0.0,0.0,0.0,Angle < Critical
protons,3.316161616161616,20.454545454545453,0.0,0.0,0.0,0.0,0.0,0.0,Angle < Critical
protons,3.316161616161616,22.5,0.0,0.0,0.0,0.0,0.0,0.0,Angle < Critical
protons,3.316161616161616,24.545454545454547,0.0,0.0,0.0,0.0,0.0,0.0,Angle < Critical
protons,3.316161616161616,26.59090909090909,0.0,0.0,0.0,0.0,0.0,0.0,Angle < Critical
protons,3.316161616161616,28.636363636363637,0.0,0.0,0.0,0.0,0.0,0.0,Track below surface
protons,3.316161616161616,30.68181818181818,0.0,0.0,0.0,0.0,0.0,0.0,Track below surface
protons,3.316161616161616,32.72727272727273,0.0,0.0,0.0,0.0,0.0,0.0,Track below surface
protons,3.316161616161616,34.77272727272727,0.0,0.0,0.0,0.0,0.0,0.0,Track below surface
protons,3.316161616161616,36.81818181818182,0.0,0.0,0.0,0.0,0.0,0.0,Track below surface
protons,3.316161616161616,38.86363636363636,0.0,0.0,0.0,0.0,0.0,0.0,Track below surface
protons,3.316161616161616,40.90909090909091,0.0,0.0,0.0,0.0,0.0,0.0,Track below surface
protons,3.316161616161616,42.95454545454545,0.0,0.0,0.0,0.0,0.0,0.0,Track below surface
protons,3.316161616161616,45.0,0.0,0.0,0.0,0.0,0.0,0.0,Track below surface
protons,3.316161616161616,47.04545454545455,0.0,0.0,0.0,0.0,0.0,0.0,Track below surface
protons,3.316161616161616,49.09090909090909,0.0,0.0,0.0,0.0,0.0,0.0,Track below surface
protons,3.316161616161616,51.13636363636363,0.0,0.0,0.0,0.0,0.0,0.0,Track below surface
protons,3.316161616161616,53.18181818181818,0.0,0.0,0.0,0.0,0.0,0.0,Track below surface
protons,3.316161616161616,55.22727272727273,0.0,0.0,0.0,0.0,0.0,0.0,Track below surface
protons,3.316161616161616,57.27272727272727,0.0,0.0,0.0,0.0,0.0,0.0,Track below surface
protons,3.316161616161616,59.31818181818182,0.03741050448985472,4.561694924223174,0.564910144609867,4.561693520276206,0.004385731212795003,1.7985949019347154,Developed
protons,3.316161616161616,61.36363636363636,0.29113830388645745,7.750920273112281,2.503373880132479,7.750916770889498,0.029986434318100056,15.4822023946292,Developed
protons,3.316161616161616,63.40909090909091,0.5473815691614057,7.675110060761067,3.5807677752769846,7.675107320696725,0.06699345754500066,22.458764957288913,Developed
protons,3.316161616161616,65.45454545454545,0.7859771675802314,7.605846529423899,4.34040766159332,7.605840706750507,0.10537028205538461,27.468087798002195,Developed
protons,3.316161616161616,67.5,1.0066210451556081,7.542901111004868,4.9311743875153535,7.542895162474593,0.14331281299103046,31.44593405428436,Developed
protons,3.316161616161616,69.54545454545455,1.2090320246520658,7.486069417440135,5.409878099212032,7.486064313862617,0.17861686267835503,34.73177913895203,Developed
protons,3.316161616161616,71.5909090909091,1.3929521639038516,7.4351693548577655,5.80550056863484,7.435164366150197,0.2131203156242351,37.49399405635849,Developed
protons,3.316161616161616,73.63636363636364,1.5581470845231724,7.390039800376571,6.135166283309589,7.390030761250038,0.24404320765049073,39.83033189781966,Developed
protons,3.316161616161616,75.68181818181819,1.7044062705800034,7.350539410945427,6.409944443798584,7.350530620947546,0.2741058887800757,41.80237315538349,Developed
protons,3.316161616161616,77.72727272727272,1.8315433368727767,7.316545869842806,6.637416992123846,7.316524658213206,0.3028792183526917,43.451499037154164,Developed
protons,3.316161616161616,79.77272727272727,1.9393962664481172,7.287954660202861,6.822932397141829,7.28793472709575,0.3298501857736337,44.807729536837385,Developed
protons,3.316161616161616,81.81818181818181,2.0278276170669347,7.264678720352303,6.970352098879711,7.264652858337577,0.3537944936617489,45.88921215347567,Developed
protons,3.316161616161616,83.86363636363636,2.0967246963537693,7.246647504459209,7.082473134995774,7.246563284150655,0.3719069768703728,46.70699564822747,Developed
protons,3.316161616161616,85.9090909090909,2.145999705406158,7.23380649070307,7.161266555186207,7.233740302091306,0.3790603252636455,47.26560322581538,Developed
protons,3.316161616161616,87.95454545454545,2.1755898506810674,7.226117298719773,7.2076255619712555,7.225691516484091,0.3426623668287272,47.52898585448028,Developed
protons,3.316161616161616,90.0,2.186114862633513,7.2257673740761845,7.2257673740761845,7.223556788954766,3.47448951451307e-05,47.815130456748925,Developed
protons,3.517171717171717,0.0,0.0,0.0,0.0,0.0,0.0,0.0,Angle < Critical
protons,3.517171717171717,2.0454545454545454,0.0,0.0,0.0,0.0,0.0,0.0,Angle < Critical
protons,3.517171717171717,4.090909090909091,0.0,0.0,0.0,0.0,0.0,0.0,Angle < Critical
protons,3.517171717171717,6.136363636363637,0.0,0.0,0.0,0.0,0.0,0.0,Angle < Critical
protons,3.517171717171717,8.181818181818182,0.0,0.0,0.0,0.0,0.0,0.0,Angle < Critical
protons,3.517171717171717,10.227272727272727,0.0,0.0,0.0,0.0,0.0,0.0,Angle < Critical
protons,3.517171717171717,12.272727272727273,0.0,0.0,0.0,0.0,0.0,0.0,Angle < Critical
protons,3.517171717171717,14.318181818181818,0.0,0.0,0.0,0.0,0.0,0.0,Angle < Critical
protons,3.517171717171717,16.363636363636363,0.0,0.0,0.0,0.0,0.0,0.0,Angle < Critical
protons,3.517171717171717,18.40909090909091,0.0,0.0,0.0,0.0,0.0,0.0,Angle < Critical
protons,3.517171717171717,20.454545454545453,0.0,0.0,0.0,0.0,0.0,0.0,Angle < Critical
protons,3.517171717171717,22.5,0.0,0.0,0.0,0.0,0.0,0.0,Angle < Critical
protons,3.517171717171717,24.545454545454547,0.0,0.0,0.0,0.0,0.0,0.0,Angle < Critical
protons,3.517171717171717,26.59090909090909,0.0,0.0,0.0,0.0,0.0,0.0,Angle < Critical
protons,3.517171717171717,28.636363636363637,0.0,0.0,0.0,0.0,0.0,0.0,Track below surface
protons,3.517171717171717,30.68181818181818,0.0,0.0,0.0,0.0,0.0,0.0,Track below surface
protons,3.517171717171717,32.72727272727273,0.0,0.0,0.0,0.0,0.0,0.0,Track below surface
protons,3.517171717171717,34.77272727272727,0.0,0.0,0.0,0.0,0.0,0.0,Track below surface
protons,3.517171717171717,36.81818181818182,0.0,0.0,0.0,0.0,0.0,0.0,Track below surface
protons,3.517171717171717,38.86363636363636,0.0,0.0,0.0,0.0,0.0,0.0,Track below surface
protons,3.517171717171717,40.90909090909091,0.0,0.0,0.0,0.0,0.0,0.0,Track below surface
protons,3.517171717171717,42.95454545454545,0.0,0.0,0.0,0.0,0.0,0.0,Track below surface
protons,3.517171717171717,45.0,0.0,0.0,0.0,0.0,0.0,0.0,Track below surface
protons,3.517171717171717,47.04545454545455,0.0,0.0,0.0,0.0,0.0,0.0,Track below surface
protons,3.517171717171717,49.09090909090909,0.0,0.0,0.0,0.0,0.0,0.0,Track below surface
protons,3.517171717171717,51.13636363636363,0.0,0.0,0.0,0.0,0.0,0.0,Track below surface
protons,3.517171717171717,53.18181818181818,0.0,0.0,0.0,0.0,0.0,0.0,Track below surface
protons,3.517171717171717,55.22727272727273,0.0,0.0,0.0,0.0,0.0,0.0,Track below surface
protons,3.517171717171717,57.27272727272727,0.0,0.0,0.0,0.0,0.0,0.0,Track below surface
protons,3.517171717171717,59.31818181818182,0.0,0.0,0.0,0.0,0.0,0.0,Track below surface
protons,3.517171717171717,61.36363636363636,0.09284099723722683,7.246576378159266,1.1806070063035683,7.246572908557908,0.008063345274506178,5.996753518834053,Developed
protons,3.517171717171717,63.40909090909091,0.34428158402577935,7.294230322745038,2.791529585086994,7.294227621280032,0.037657867307919396,16.364323810878584,Developed
protons,3.517171717171717,65.45454545454545,0.579377945927309,7.228871241764399,3.7152494228358655,7.228866759993703,0.07326140320910643,22.009002246221254,Developed
protons,3.517171717171717,67.5,0.7967858664320371,7.169465938560163,4.391061015200283,7.169465014481518,0.10991580150060641,26.219037330671203,Developed
protons,3.517171717171717,69.54545454545455,0.9962282920421224,7.115824608484504,4.9228438058742485,7.11582059935666,0.14414068370163002,29.596288994175712,Developed
protons,3.517171717171717,71.5909090909091,1.1774510635645736,7.067776699943182,5.3548657043875805,7.067768780476887,0.1781068628346081,32.38803042866723,Developed
protons,3.517171717171717,73.63636363636364,1.3402232399986094,7.025171893960689,5.7108919181666185,7.025164682619449,0.20830838163902501,34.72384895630748,Developed
protons,3.517171717171717,75.68181818181819,1.4843373928350818,6.9878783582379835,6.005382151197436,6.9878661951545435,0.2369084777590752,36.68175934263542,Developed
protons,3.517171717171717,77.72727272727272,1.6096098703926778,6.955781658582708,6.247838460550222,6.955769280348422,0.26207905889160704,38.31036373755885,Developed
protons,3.517171717171717,79.77272727272727,1.715881031854238,6.928784253655423,6.444778008303898,6.928767297295096,0.2827211310772072,39.64449583878009,Developed
protons,3.517171717171717,81.81818181818181,1.8030154507047857,6.906804643058261,6.6008302933147425,6.906797276339254,0.29661288055161233,40.70623967598576,Developed
protons,3.517171717171717,83.86363636363636,1.8709020873121514,6.889776994503643,6.719216323431972,6.889733991587651,0.2954038565555479,41.510658576352185,Developed
protons,3.517171717171717,85.9090909090909,1.9194544304301768,6.877650403622364,6.802282843508341,6.877545795595636,0.2632087999565615,42.05983683654269,Developed
protons,3.517171717171717,87.95454545454545,1.9486106074442109,6.870388787442066,6.851595319618554,6.869982415868499,0.011854592916339834,42.326899286422325,Developed
protons,3.517171717171717,90.0,1.9616689699394385,6.879859659505286,6.879859659505286,6.867970608742894,2.6336905505978105e-05,42.58380364576292,Developed
protons,3.7181818181818183,0.0,0.0,0.0,0.0,0.0,0.0,0.0,Angle < Critical
protons,3.7181818181818183,2.0454545454545454,0.0,0.0,0.0,0.0,0.0,0.0,Angle < Critical
protons,3.7181818181818183,4.090909090909091,0.0,0.0,0.0,0.0,0.0,0.0,Angle < Critical
protons,3.7181818181818183,6.136363636363637,0.0,0.0,0.0,0.0,0.0,0.0,Angle < Critical
protons,3.7181818181818183,8.181818181818182,0.0,0.0,0.0,0.0,0.0,0.0,Angle < Critical
protons,3.7181818181818183,10.227272727272727,0.0,0.0,0.0,0.0,0.0,0.0,Angle < Critical
protons,3.7181818181818183,12.272727272727273,0.0,0.0,0.0,0.0,0.0,0.0,Angle < Critical
protons,3.7181818181818183,14.318181818181818,0.0,0.0,0.0,0.0,0.0,0.0,Angle < Critical
protons,3.7181818181818183,16.363636363636363,0.0,0.0,0.0,0.0,0.0,0.0,Angle < Critical
protons,3.7181818181818183,18.40909090909091,0.0,0.0,0.0,0.0,0.0,0.0,Angle < Critical
protons,3.7181818181818183,20.454545454545453,0.0,0.0,0.0,0.0,0.0,0.0,Angle < Critical
protons,3.7181818181818183,22.5,0.0,0.0,0.0,0.0,0.0,0.0,Angle < Critical
protons,3.7181818181818183,24.545454545454547,0.0,0.0,0.0,0.0,0.0,0.0,Angle < Critical
protons,3.7181818181818183,26.59090909090909,0.0,0.0,0.0,0.0,0.0,0.0,Angle < Critical
protons,3.7181818181818183,28.636363636363637,0.0,0.0,0.0,0.0,0.0,0.0,Track below surface
protons,3.7181818181818183,30.68181818181818,0.0,0.0,0.0,0.0,0.0,0.0,Track below surface
protons,3.7181818181818183,32.72727272727273,0.0,0.0,0.0,0.0,0.0,0.0,Track below surface
protons,3.7181818181818183,34.77272727272727,0.0,0.0,0.0,0.0,0.0,0.0,Track below surface
protons,3.7181818181818183,36.81818181818182,0.0,0.0,0.0,0.0,0.0,0.0,Track below surface
protons,3.7181818181818183,38.86363636363636,0.0,0.0,0.0,0.0,0.0,0.0,Track below surface
protons,3.7181818181818183,40.90909090909091,0.0,0.0,0.0,0.0,0.0,0.0,Track below surface
protons,3.7181818181818183,42.95454545454545,0.0,0.0,0.0,0.0,0.0,0.0,Track below surface
protons,3.7181818181818183,45.0,0.0,0.0,0.0,0.0,0.0,0.0,Track below surface
protons,3.7181818181818183,47.04545454545455,0.0,0.0,0.0,0.0,0.0,0.0,Track below surface
protons,3.7181818181818183,49.09090909090909,0.0,0.0,0.0,0.0,0.0,0.0,Track below surface
protons,3.7181818181818183,51.13636363636363,0.0,0.0,0.0,0.0,0.0,0.0,Track below surface
protons,3.7181818181818183,53.18181818181818,0.0,0.0,0.0,0.0,0.0,0.0,Track below surface
protons,3.7181818181818183,55.22727272727273,0.0,0.0,0.0,0.0,0.0,0.0,Track below surface
protons,3.7181818181818183,57.27272727272727,0.0,0.0,0.0,0.0,0.0,0.0,Track below surface
protons,3.7181818181818183,59.31818181818182,0.0,0.0,0.0,0.0,0.0,0.0,Track below surface
protons,3.7181818181818183,61.36363636363636,0.0,0.0,0.0,0.0,0.0,0.0,Track below surface
protons,3.7181818181818183,63.40909090909091,0.15577567368503864,6.914101051179937,1.749971360887195,6.914097459042709,0.013763169359099714,9.44250527340706,Developed
protons,3.7181818181818183,65.45454545454545,0.3876242423149421,6.852567689226256,3.0052806405591745,6.8525669982254005,0.04439575509347084,16.625412496338413,Developed
protons,3.7181818181818183,67.5,0.6020287306282821,6.796634956074053,3.8088846007327555,6.796630914167055,0.07787472486940566,21.25396457679297,Developed
protons,3.7181818181818183,69.54545454545455,0.7987159125470846,6.74612286641514,4.411581194849732,6.746121625903755,0.11177865860226001,24.790549936852038,Developed
protons,3.7181818181818183,71.5909090909091,0.97743514001953,6.700873846816308,4.889233310787695,6.700867730536856,0.14305962137426811,27.64302961733304,Developed
protons,3.7181818181818183,73.63636363636364,1.1379586624329132,6.660747192099717,5.277026537067181,6.660739042626495,0.1721994566301917,29.99491478573433,Developed
protons,3.7181818181818183,75.68181818181819,1.280081916847383,6.625620074926945,5.594633149752954,6.625608368536191,0.19714689176173147,31.947000191677155,Developed
protons,3.7181818181818183,77.72727272727272,1.4036237886804148,6.595385834176926,5.8543388634895805,6.595377930318289,0.21903168535600817,33.560933217792545,Developed
protons,3.7181818181818183,79.77272727272727,1.5084268425099747,6.569953536909651,6.06426257219296,6.569939857596341,0.2334450275127136,34.87685140882756,Developed
protons,3.7181818181818183,81.81818181818181,1.5943575227021256,6.549247216626923,6.229977431412769,6.549221648116976,0.23944102762551817,35.92126937850742,Developed
protons,3.7181818181818183,83.86363636363636,1.6613063236074659,6.53320532433795,6.355472908830454,6.533139068331794,0.21894389194770242,36.71087095572922,Developed
protons,3.7181818181818183,85.9090909090909,1.7091879291095449,6.521780386726832,6.4433451846893615,6.52167645522066,0.11190348386177464,37.25206145786657,Developed
protons,3.7181818181818183,87.95454545454545,1.7379413213472965,6.514938871680431,6.494892458109434,6.514343528714176,0.00017713368823877912,37.5236823460178,Developed
protons,3.7181818181818183,90.0,1.748655666791878,6.516923406891706,6.516923406891706,6.512660580574749,3.484573223986433e-05,37.75448026083928,Developed
protons,3.919191919191919,0.0,0.0,0.0,0.0,0.0,0.0,0.0,Angle < Critical
protons,3.919191919191919,2.0454545454545454,0.0,0.0,0.0,0.0,0.0,0.0,Angle < Critical
protons,3.919191919191919,4.090909090909091,0.0,0.0,0.0,0.0,0.0,0.0,Angle < Critical
protons,3.919191919191919,6.136363636363637,0.0,0.0,0.0,0.0,0.0,0.0,Angle < Critical
protons,3.919191919191919,8.181818181818182,0.0,0.0,0.0,0.0,0.0,0.0,Angle < Critical
protons,3.919191919191919,10.227272727272727,0.0,0.0,0.0,0.0,0.0,0.0,Angle < Critical
protons,3.919191919191919,12.272727272727273,0.0,0.0,0.0,0.0,0.0,0.0,Angle < Critical
protons,3.919191919191919,14.318181818181818,0.0,0.0,0.0,0.0,0.0,0.0,Angle < Critical
protons,3.919191919191919,16.363636363636363,0.0,0.0,0.0,0.0,0.0,0.0,Angle < Critical
protons,3.919191919191919,18.40909090909091,0.0,0.0,0.0,0.0,0.0,0.0,Angle < Critical
protons,3.919191919191919,20.454545454545453,0.0,0.0,0.0,0.0,0.0,0.0,Angle < Critical
protons,3.919191919191919,22.5,0.0,0.0,0.0,0.0,0.0,0.0,Angle < Critical
protons,3.919191919191919,24.545454545454547,0.0,0.0,0.0,0.0,0.0,0.0,Angle < Critical
protons,3.919191919191919,26.59090909090909,0.0,0.0,0.0,0.0,0.0,0.0,Angle < Critical
protons,3.919191919191919,28.636363636363637,0.0,0.0,0.0,0.0,0.0,0.0,Track below surface
protons,3.919191919191919,30.68181818181818,0.0,0.0,0.0,0.0,0.0,0.0,Track below surface
protons,3.919191919191919,32.72727272727273,0.0,0.0,0.0,0.0,0.0,0.0,Track below surface
protons,3.919191919191919,34.77272727272727,0.0,0.0,0.0,0.0,0.0,0.0,Track below surface
protons,3.919191919191919,36.81818181818182,0.0,0.0,0.0,0.0,0.0,0.0,Track below surface
protons,3.919191919191919,38.86363636363636,0.0,0.0,0.0,0.0,0.0,0.0,Track below surface
protons,3.919191919191919,40.90909090909091,0.0,0.0,0.0,0.0,0.0,0.0,Track below surface
protons,3.919191919191919,42.95454545454545,0.0,0.0,0.0,0.0,0.0,0.0,Track below surface
protons,3.919191919191919,45.0,0.0,0.0,0.0,0.0,0.0,0.0,Track below surface
protons,3.919191919191919,47.04545454545455,0.0,0.0,0.0,0.0,0.0,0.0,Track below surface
protons,3.919191919191919,49.09090909090909,0.0,0.0,0.0,0.0,0.0,0.0,Track below surface
protons,3.919191919191919,51.13636363636363,0.0,0.0,0.0,0.0,0.0,0.0,Track below surface
protons,3.919191919191919,53.18181818181818,0.0,0.0,0.0,0.0,0.0,0.0,Track below surface
protons,3.919191919191919,55.22727272727273,0.0,0.0,0.0,0.0,0.0,0.0,Track below surface
protons,3.919191919191919,57.27272727272727,0.0,0.0,0.0,0.0,0.0,0.0,Track below surface
protons,3.919191919191919,59.31818181818182,0.0,0.0,0.0,0.0,0.0,0.0,Track below surface
protons,3.919191919191919,61.36363636363636,0.0,0.0,0.0,0.0,0.0,0.0,Track below surface
protons,3.919191919191919,63.40909090909091,0.012035909236454145,2.475526626366766,0.24909405412372854,2.475525686693132,0.0014829778340460888,0.42880362701836994,Developed
protons,3.919191919191919,65.45454545454545,0.21073288951921576,6.479056814324021,2.1350312534565696,6.479054156363465,0.020176979922970215,10.972868378407725,Developed
protons,3.919191919191919,67.5,0.4223667341716677,6.426512311524915,3.165452264640998,6.426509401766538,0.05033640860565596,16.474161592725512,Developed
protons,3.919191919191919,69.54545454545455,0.6165122244586954,6.3790554129776345,3.8696312729552726,6.379051395562543,0.0818933773706411,20.288753826593894,Developed
protons,3.919191919191919,71.5909090909091,0.7929219513298698,6.336538865481191,4.406606636791046,6.336536353380015,0.11206005151629916,23.2483579951892,Developed
protons,3.919191919191919,73.63636363636364,0.9513711072815436,6.298832500053291,4.8334890707545695,6.298826661381652,0.14000506820344374,25.638380242595723,Developed
protons,3.919191919191919,75.68181818181819,1.0916577728400334,6.265821580416252,5.178593939270677,6.265815722975333,0.16293403050431202,27.59724189429251,Developed
protons,3.919191919191919,77.72727272727272,1.2136031738774182,6.237407039258316,5.458322043555877,6.2373985306111575,0.18020743630443106,29.20284371824966,Developed
protons,3.919191919191919,79.77272727272727,1.3170519094321183,6.213504070399501,5.6830443108774125,6.21349487599363,0.18768513556995306,30.504538198708456,Developed
protons,3.919191919191919,81.81818181818181,1.401872149743916,6.194042004252578,5.859719314392699,6.194011705404707,0.18283814301513318,31.53373486261701,Developed
protons,3.919191919191919,83.86363636363636,1.4679558042510088,6.1789634764696135,5.9930583198629765,6.17892592054003,0.1281064925468469,32.3107715887727,Developed
protons,3.919191919191919,85.9090909090909,1.5152186593351207,6.168224423078198,6.0862408034641895,6.168114603186282,3.656878124822529e-06,32.844556282795246,Developed
protons,3.919191919191919,87.95454545454545,1.5436004856389758,6.161793461331376,6.141074977100656,6.161377141805655,4.485228598658953e-05,33.118373248772656,Developed
protons,3.919191919191919,90.0,1.554248370305471,6.1644216836976815,6.1644216836976815,6.159651893526218,2.6541539259560958e-05,33.32718918017786,Developed
protons,4.1202020202020195,0.0,0.0,0.0,0.0,0.0,0.0,0.0,Angle < Critical
protons,4.1202020202020195,2.0454545454545454,0.0,0.0,0.0,0.0,0.0,0.0,Angle < Critical
protons,4.1202020202020195,4.090909090909091,0.0,0.0,0.0,0.0,0.0,0.0,Angle < Critical
protons,4.1202020202020195,6.136363636363637,0.0,0.0,0.0,0.0,0.0,0.0,Angle < Critical
protons,4.1202020202020195,8.181818181818182,0.0,0.0,0.0,0.0,0.0,0.0,Angle < Critical
protons,4.1202020202020195,10.227272727272727,0.0,0.0,0.0,0.0,0.0,0.0,Angle < Critical
protons,4.1202020202020195,12.272727272727273,0.0,0.0,0.0,0.0,0.0,0.0,Angle < Critical
protons,4.1202020202020195,14.318181818181818,0.0,0.0,0.0,0.0,0.0,0.0,Angle < Critical
protons,4.1202020202020195,16.363636363636363,0.0,0.0,0.0,0.0,0.0,0.0,Angle < Critical
protons,4.1202020202020195,18.40909090909091,0.0,0.0,0.0,0.0,0.0,0.0,Angle < Critical
protons,4.1202020202020195,20.454545454545453,0.0,0.0,0.0,0.0,0.0,0.0,Angle < Critical
protons,4.1202020202020195,22.5,0.0,0.0,0.0,0.0,0.0,0.0,Angle < Critical
protons,4.1202020202020195,24.545454545454547,0.0,0.0,0.0,0.0,0.0,0.0,Angle < Critical
protons,4.1202020202020195,26.59090909090909,0.0,0.0,0.0,0.0,0.0,0.0,Angle < Critical
protons,4.1202020202020195,28.636363636363637,0.0,0.0,0.0,0.0,0.0,0.0,Track below surface
protons,4.1202020202020195,30.68181818181818,0.0,0.0,0.0,0.0,0.0,0.0,Track below surface
protons,4.1202020202020195,32.72727272727273,0.0,0.0,0.0,0.0,0.0,0.0,Track below surface
protons,4.1202020202020195,34.77272727272727,0.0,0.0,0.0,0.0,0.0,0.0,Track below surface
protons,4.1202020202020195,36.81818181818182,0.0,0.0,0.0,0.0,0.0,0.0,Track below surface
protons,4.1202020202020195,38.86363636363636,0.0,0.0,0.0,0.0,0.0,0.0,Track below surface
protons,4.1202020202020195,40.90909090909091,0.0,0.0,0.0,0.0,0.0,0.0,Track below surface
protons,4.1202020202020195,42.95454545454545,0.0,0.0,0.0,0.0,0.0,0.0,Track below surface
protons,4.1202020202020195,45.0,0.0,0.0,0.0,0.0,0.0,0.0,Track below surface
protons,4.1202020202020195,47.04545454545455,0.0,0.0,0.0,0.0,0.0,0.0,Track below surface
protons,4.1202020202020195,49.09090909090909,0.0,0.0,0.0,0.0,0.0,0.0,Track below surface
protons,4.1202020202020195,51.13636363636363,0.0,0.0,0.0,0.0,0.0,0.0,Track below surface
protons,4.1202020202020195,53.18181818181818,0.0,0.0,0.0,0.0,0.0,0.0,Track below surface
protons,4.1202020202020195,55.22727272727273,0.0,0.0,0.0,0.0,0.0,0.0,Track below surface
protons,4.1202020202020195,57.27272727272727,0.0,0.0,0.0,0.0,0.0,0.0,Track below surface
protons,4.1202020202020195,59.31818181818182,0.0,0.0,0.0,0.0,0.0,0.0,Track below surface
protons,4.1202020202020195,61.36363636363636,0.0,0.0,0.0,0.0,0.0,0.0,Track below surface
protons,4.1202020202020195,63.40909090909091,0.0,0.0,0.0,0.0,0.0,0.0,Track below surface
protons,4.1202020202020195,65.45454545454545,0.0477295010317178,5.1204553563036805,0.7759066794860083,5.120453490841937,0.0040023490246360125,2.7740942545018656,Developed
protons,4.1202020202020195,67.5,0.2551666669252697,6.058960552474132,2.411581554006591,6.058958786355427,0.0258433137680572,11.667596130847144,Developed
protons,4.1202020202020195,69.54545454545455,0.4469467654203019,6.014489244062673,3.280909868720022,6.014488944399292,0.05417267872725823,16.014614969476398,Developed
protons,4.1202020202020195,71.5909090909091,0.6212071860193991,5.974644131113386,3.8998592248544166,5.974642712343799,0.08171933186358248,19.15880031766667,Developed
protons,4.1202020202020195,73.63636363636364,0.7777258601845372,5.93930397777755,4.3766173670811614,5.939297897322261,0.10699800452397604,21.619018190067248,Developed
protons,4.1202020202020195,75.68181818181819,0.9163033285489632,5.908362450505198,4.755173866823672,5.9083569031067675,0.12878760569682357,23.599678168107797,Developed
protons,4.1202020202020195,77.72727272727272,1.0367629950979538,5.8817274971425695,5.058545155815804,5.881719168510511,0.142147534756756,25.205674238895075,Developed
protons,4.1202020202020195,79.77272727272727,1.13895135221372,5.859320388286684,5.300409970805192,5.85931532632409,0.14426472164017506,26.49798923324555,Developed
protons,4.1202020202020195,81.81818181818181,1.2227381762976552,5.841075509904405,5.489538413559945,5.841061865804827,0.12067756163949832,27.515077852533466,Developed
protons,4.1202020202020195,83.86363636363636,1.2880166937205733,5.826939583687694,5.631735887611208,5.826913062801534,5.532539407427286e-05,28.280643411767862,Developed
protons,4.1202020202020195,85.9090909090909,1.3347037168895728,5.8168715564875155,5.730871383887306,5.816803578633439,3.4439827193093738e-06,28.806598566576245,Developed
protons,4.1202020202020195,87.95454545454545,1.3627397502580259,5.810842329231418,5.789207501865976,5.8106610370483045,1.6455090286706745e-05,29.08405510240828,Developed
protons,4.1202020202020195,90.0,1.3731612826306616,5.813447234795717,5.813447234795717,5.808834557952709,2.4896504339038804e-05,29.272433820787658,Developed
protons,4.32121212121212,0.0,0.0,0.0,0.0,0.0,0.0,0.0,Angle < Critical
protons,4.32121212121212,2.0454545454545454,0.0,0.0,0.0,0.0,0.0,0.0,Angle < Critical
protons,4.32121212121212,4.090909090909091,0.0,0.0,0.0,0.0,0.0,0.0,Angle < Critical
protons,4.32121212121212,6.136363636363637,0.0,0.0,0.0,0.0,0.0,0.0,Angle < Critical
protons,4.32121212121212,8.181818181818182,0.0,0.0,0.0,0.0,0.0,0.0,Angle < Critical
protons,4.32121212121212,10.227272727272727,0.0,0.0,0.0,0.0,0.0,0.0,Angle < Critical
protons,4.32121212121212,12.272727272727273,0.0,0.0,0.0,0.0,0.0,0.0,Angle < Critical
protons,4.32121212121212,14.318181818181818,0.0,0.0,0.0,0.0,0.0,0.0,Angle < Critical
protons,4.32121212121212,16.363636363636363,0.0,0.0,0.0,0.0,0.0,0.0,Angle < Critical
protons,4.32121212121212,18.40909090909091,0.0,0.0,0.0,0.0,0.0,0.0,Angle < Critical
protons,4.32121212121212,20.454545454545453,0.0,0.0,0.0,0.0,0.0,0.0,Angle < Critical
protons,4.32121212121212,22.5,0.0,0.0,0.0,0.0,0.0,0.0,Angle < Critical
protons,4.32121212121212,24.545454545454547,0.0,0.0,0.0,0.0,0.0,0.0,Angle < Critical
protons,4.32121212121212,26.59090909090909,0.0,0.0,0.0,0.0,0.0,0.0,Angle < Critical
protons,4.32121212121212,28.636363636363637,0.0,0.0,0.0,0.0,0.0,0.0,Track below surface
protons,4.32121212121212,30.68181818181818,0.0,0.0,0.0,0.0,0.0,0.0,Track below surface
protons,4.32121212121212,32.72727272727273,0.0,0.0,0.0,0.0,0.0,0.0,Track below surface
protons,4.32121212121212,34.77272727272727,0.0,0.0,0.0,0.0,0.0,0.0,Track below surface
protons,4.32121212121212,36.81818181818182,0.0,0.0,0.0,0.0,0.0,0.0,Track below surface
protons,4.32121212121212,38.86363636363636,0.0,0.0,0.0,0.0,0.0,0.0,Track below surface
protons,4.32121212121212,40.90909090909091,0.0,0.0,0.0,0.0,0.0,0.0,Track below surface
protons,4.32121212121212,42.95454545454545,0.0,0.0,0.0,0.0,0.0,0.0,Track below surface
protons,4.32121212121212,45.0,0.0,0.0,0.0,0.0,0.0,0.0,Track below surface
protons,4.32121212121212,47.04545454545455,0.0,0.0,0.0,0.0,0.0,0.0,Track below surface
protons,4.32121212121212,49.09090909090909,0.0,0.0,0.0,0.0,0.0,0.0,Track below surface
protons,4.32121212121212,51.13636363636363,0.0,0.0,0.0,0.0,0.0,0.0,Track below surface
protons,4.32121212121212,53.18181818181818,0.0,0.0,0.0,0.0,0.0,0.0,Track below surface
protons,4.32121212121212,55.22727272727273,0.0,0.0,0.0,0.0,0.0,0.0,Track below surface
protons,4.32121212121212,57.27272727272727,0.0,0.0,0.0,0.0,0.0,0.0,Track below surface
protons,4.32121212121212,59.31818181818182,0.0,0.0,0.0,0.0,0.0,0.0,Track below surface
protons,4.32121212121212,61.36363636363636,0.0,0.0,0.0,0.0,0.0,0.0,Track below surface
protons,4.32121212121212,63.40909090909091,0.0,0.0,0.0,0.0,0.0,0.0,Track below surface
protons,4.32121212121212,65.45454545454545,0.0,0.0,0.0,0.0,0.0,0.0,Track below surface
protons,4.32121212121212,67.5,0.10191379499149456,5.69919515387581,1.4039227238595733,5.699191627977746,0.007832698928066237,6.199013248587066,Developed
protons,4.32121212121212,69.54545454545455,0.29152581370437325,5.6576011803300315,2.623768053973918,5.65759889792999,0.030837116833915924,11.901407252858501,Developed
protons,4.32121212121212,71.5909090909091,0.4638162150069096,5.620331795581521,3.365541759104175,5.620330345919683,0.0565905209133785,15.37412024319196,Developed
protons,4.32121212121212,73.63636363636364,0.6185654408525902,5.587273909039361,3.9081309217714386,5.587271258174869,0.07936057893069788,17.953054638865588,Developed
protons,4.32121212121212,75.68181818181819,0.7555762867688003,5.55832872774637,4.328010660933987,5.558321774856623,0.09864901617932369,19.97678925072213,Developed
protons,4.32121212121212,77.72727272727272,0.874674153164074,5.533410794618292,4.659414854505973,5.533405565232309,0.1070250299737251,21.593270629373933,Developed
protons,4.32121212121212,79.77272727272727,0.9757072678288647,5.512447197460122,4.921078436306145,5.512442110450587,0.10204272869839928,22.88181560108105,Developed
protons,4.32121212121212,81.81818181818181,1.058546879346256,5.495377008336745,5.124338562193301,5.4953583783974995,0.03545211777806804,23.889633373156197,Developed
protons,4.32121212121212,83.86363636363636,1.1230874211661526,5.482150762517267,5.276470571862183,5.482123630770909,3.598161985868488e-06,24.64586337536625,Developed
protons,4.32121212121212,85.9090909090909,1.1692466461338995,5.47273042976943,5.382223282231154,5.472665386491393,2.489800588273322e-06,25.171777299929218,Developed
protons,4.32121212121212,87.95454545454545,1.1969657313018107,5.467089005468773,5.444376868780403,5.4667763063940535,2.4317768020301352e-05,25.443906779047687,Developed
protons,4.32121212121212,90.0,1.2071170441276955,5.469385192129759,5.469385192129759,5.465210327357169,0.0,25.61601754931679,Developed
protons,4.522222222222221,0.0,0.0,0.0,0.0,0.0,0.0,0.0,Angle < Critical
protons,4.522222222222221,2.0454545454545454,0.0,0.0,0.0,0.0,0.0,0.0,Angle < Critical
protons,4.522222222222221,4.090909090909091,0.0,0.0,0.0,0.0,0.0,0.0,Angle < Critical
protons,4.522222222222221,6.136363636363637,0.0,0.0,0.0,0.0,0.0,0.0,Angle < Critical
protons,4.522222222222221,8.181818181818182,0.0,0.0,0.0,0.0,0.0,0.0,Angle < Critical
protons,4.522222222222221,10.227272727272727,0.0,0.0,0.0,0.0,0.0,0.0,Angle < Critical
protons,4.522222222222221,12.272727272727273,0.0,0.0,0.0,0.0,0.0,0.0,Angle < Critical
protons,4.522222222222221,14.318181818181818,0.0,0.0,0.0,0.0,0.0,0.0,Angle < Critical
protons,4.522222222222221,16.363636363636363,0.0,0.0,0.0,0.0,0.0,0.0,Angle < Critical
protons,4.522222222222221,18.40909090909091,0.0,0.0,0.0,0.0,0.0,0.0,Angle < Critical
protons,4.522222222222221,20.454545454545453,0.0,0.0,0.0,0.0,0.0,0.0,Angle < Critical
protons,4.522222222222221,22.5,0.0,0.0,0.0,0.0,0.0,0.0,Angle < Critical
protons,4.522222222222221,24.545454545454547,0.0,0.0,0.0,0.0,0.0,0.0,Angle < Critical
protons,4.522222222222221,26.59090909090909,0.0,0.0,0.0,0.0,0.0,0.0,Angle < Critical
protons,4.522222222222221,28.636363636363637,0.0,0.0,0.0,0.0,0.0,0.0,Track below surface
protons,4.522222222222221,30.68181818181818,0.0,0.0,0.0,0.0,0.0,0.0,Track below surface
protons,4.522222222222221,32.72727272727273,0.0,0.0,0.0,0.0,0.0,0.0,Track below surface
protons,4.522222222222221,34.77272727272727,0.0,0.0,0.0,0.0,0.0,0.0,Track below surface
protons,4.522222222222221,36.81818181818182,0.0,0.0,0.0,0.0,0.0,0.0,Track below surface
protons,4.522222222222221,38.86363636363636,0.0,0.0,0.0,0.0,0.0,0.0,Track below surface
protons,4.522222222222221,40.90909090909091,0.0,0.0,0.0,0.0,0.0,0.0,Track below surface
protons,4.522222222222221,42.95454545454545,0.0,0.0,0.0,0.0,0.0,0.0,Track below surface
protons,4.522222222222221,45.0,0.0,0.0,0.0,0.0,0.0,0.0,Track below surface
protons,4.522222222222221,47.04545454545455,0.0,0.0,0.0,0.0,0.0,0.0,Track below surface
protons,4.522222222222221,49.09090909090909,0.0,0.0,0.0,0.0,0.0,0.0,Track below surface
protons,4.522222222222221,51.13636363636363,0.0,0.0,0.0,0.0,0.0,0.0,Track below surface
protons,4.522222222222221,53.18181818181818,0.0,0.0,0.0,0.0,0.0,0.0,Track below surface
protons,4.522222222222221,55.22727272727273,0.0,0.0,0.0,0.0,0.0,0.0,Track below surface
protons,4.522222222222221,57.27272727272727,0.0,0.0,0.0,0.0,0.0,0.0,Track below surface
protons,4.522222222222221,59.31818181818182,0.0,0.0,0.0,0.0,0.0,0.0,Track below surface
protons,4.522222222222221,61.36363636363636,0.0,0.0,0.0,0.0,0.0,0.0,Track below surface
protons,4.522222222222221,63.40909090909091,0.0,0.0,0.0,0.0,0.0,0.0,Track below surface
protons,4.522222222222221,65.45454545454545,0.0,0.0,0.0,0.0,0.0,0.0,Track below surface
protons,4.522222222222221,67.5,0.0015442867344224176,0.8152674787629679,0.052320954953533005,0.8152671297703398,0.00020933223311136553,0.029583420666920487,Developed
protons,4.522222222222221,69.54545454545455,0.15115027792231395,5.308744197735692,1.8243809007033966,5.308742062355898,0.013003198802447878,7.654582963689857,Developed
protons,4.522222222222221,71.5909090909091,0.32166136626091557,5.273957370324394,2.785893125816989,5.273956036739286,0.0344696436511279,11.813124331437823,Developed
protons,4.522222222222221,73.63636363636364,0.4748124339873723,5.243099892382389,3.4216135080548535,5.243096747019861,0.05554756577229725,14.594560120472796,Developed
protons,4.522222222222221,75.68181818181819,0.6104083132397662,5.216079622682526,3.8944050586137178,5.216074497748799,0.07142303827252737,16.6918019958879,Developed
protons,4.522222222222221,77.72727272727272,0.7282762075875446,5.192817596813874,4.259807011786806,5.192811864211187,0.0762015447392115,18.332422429681536,Developed
protons,4.522222222222221,79.77272727272727,0.8282659122344196,5.173246256643964,4.544646508076941,5.173236210640335,0.05336174613501847,19.624232549562915,Developed
protons,4.522222222222221,81.81818181818181,0.9102500054316582,5.157309054677251,4.764084027071346,5.157303014963089,2.59990636199185e-06,20.626382037768135,Developed
protons,4.522222222222221,83.86363636363636,0.9741240108578193,5.144960403309716,4.927455575022615,5.144937921856641,1.765969925032931e-06,21.3749388216245,Developed
protons,4.522222222222221,85.9090909090909,1.0198065307580215,5.136164900275866,5.040594004940885,5.136127566094506,2.270514583498805e-06,21.889332061344078,Developed
protons,4.522222222222221,87.95454545454545,1.047239349673056,5.13089758247694,5.107115641661222,5.130701365580345,9.2081288411054e-06,22.169230044860473,Developed
protons,4.522222222222221,90.0,1.058360224917486,5.138863683395204,5.138863683395204,5.129143424938368,9.865630579780992e-06,22.326073163708802,Developed
protons,4.723232323232323,0.0,0.0,0.0,0.0,0.0,0.0,0.0,Angle < Critical
protons,4.723232323232323,2.0454545454545454,0.0,0.0,0.0,0.0,0.0,0.0,Angle < Critical
protons,4.723232323232323,4.090909090909091,0.0,0.0,0.0,0.0,0.0,0.0,Angle < Critical
protons,4.723232323232323,6.136363636363637,0.0,0.0,0.0,0.0,0.0,0.0,Angle < Critical
protons,4.723232323232323,8.181818181818182,0.0,0.0,0.0,0.0,0.0,0.0,Angle < Critical
protons,4.723232323232323,10.227272727272727,0.0,0.0,0.0,0.0,0.0,0.0,Angle < Critical
protons,4.723232323232323,12.272727272727273,0.0,0.0,0.0,0.0,0.0,0.0,Angle < Critical
protons,4.723232323232323,14.318181818181818,0.0,0.0,0.0,0.0,0.0,0.0,Angle < Critical
protons,4.723232323232323,16.363636363636363,0.0,0.0,0.0,0.0,0.0,0.0,Angle < Critical
protons,4.723232323232323,18.40909090909091,0.0,0.0,0.0,0.0,0.0,0.0,Angle < Critical
protons,4.723232323232323,20.454545454545453,0.0,0.0,0.0,0.0,0.0,0.0,Angle < Critical
protons,4.723232323232323,22.5,0.0,0.0,0.0,0.0,0.0,0.0,Angle < Critical
protons,4.723232323232323,24.545454545454547,0.0,0.0,0.0,0.0,0.0,0.0,Angle < Critical
protons,4.723232323232323,26.59090909090909,0.0,0.0,0.0,0.0,0.0,0.0,Angle < Critical
protons,4.723232323232323,28.636363636363637,0.0,0.0,0.0,0.0,0.0,0.0,Track below surface
protons,4.723232323232323,30.68181818181818,0.0,0.0,0.0,0.0,0.0,0.0,Track below surface
protons,4.723232323232323,32.72727272727273,0.0,0.0,0.0,0.0,0.0,0.0,Track below surface
protons,4.723232323232323,34.77272727272727,0.0,0.0,0.0,0.0,0.0,0.0,Track below surface
protons,4.723232323232323,36.81818181818182,0.0,0.0,0.0,0.0,0.0,0.0,Track below surface
protons,4.723232323232323,38.86363636363636,0.0,0.0,0.0,0.0,0.0,0.0,Track below surface
protons,4.723232323232323,40.90909090909091,0.0,0.0,0.0,0.0,0.0,0.0,Track below surface
protons,4.723232323232323,42.95454545454545,0.0,0.0,0.0,0.0,0.0,0.0,Track below surface
protons,4.723232323232323,45.0,0.0,0.0,0.0,0.0,0.0,0.0,Track below surface
protons,4.723232323232323,47.04545454545455,0.0,0.0,0.0,0.0,0.0,0.0,Track below surface
protons,4.723232323232323,49.09090909090909,0.0,0.0,0.0,0.0,0.0,0.0,Track below surface
protons,4.723232323232323,51.13636363636363,0.0,0.0,0.0,0.0,0.0,0.0,Track below surface
protons,4.723232323232323,53.18181818181818,0.0,0.0,0.0,0.0,0.0,0.0,Track below surface
protons,4.723232323232323,55.22727272727273,0.0,0.0,0.0,0.0,0.0,0.0,Track below surface
protons,4.723232323232323,57.27272727272727,0.0,0.0,0.0,0.0,0.0,0.0,Track below surface
protons,4.723232323232323,59.31818181818182,0.0,0.0,0.0,0.0,0.0,0.0,Track below surface
protons,4.723232323232323,61.36363636363636,0.0,0.0,0.0,0.0,0.0,0.0,Track below surface
protons,4.723232323232323,63.40909090909091,0.0,0.0,0.0,0.0,0.0,0.0,Track below surface
protons,4.723232323232323,65.45454545454545,0.0,0.0,0.0,0.0,0.0,0.0,Track below surface
protons,4.723232323232323,67.5,0.0,0.0,0.0,0.0,0.0,0.0,Track below surface
protons,4.723232323232323,69.54545454545455,0.02701464292979594,3.807755269931281,0.5555353290042991,3.8077537005536595,0.0019487552270391248,1.4738209973807914,Developed
protons,4.723232323232323,71.5909090909091,0.1935236534721998,4.935350008889593,2.120586946601214,4.935348131267233,0.016961753006561376,8.324182229986299,Developed
protons,4.723232323232323,73.63636363636364,0.3452341489784416,4.906615914850473,2.905166732185239,4.906613010615628,0.03489839018048316,11.48349134651017,Developed
protons,4.723232323232323,75.68181818181819,0.47955458392785744,4.881453621657656,3.449518071398871,4.8814485803060315,0.04708975559167038,13.703367697664143,Developed
protons,4.723232323232323,77.72727272727272,0.5963137872506667,4.859790069159252,3.857388043125712,4.859783773047305,0.04821604225688333,15.386895495677798,Developed
protons,4.723232323232323,79.77272727272727,0.6953629670095349,4.8415627739303915,4.16990637754818,4.841557547351368,5.486941604686365e-06,16.690127640108038,Developed
protons,4.723232323232323,81.81818181818181,0.7765759000123822,4.826719673254678,4.408136801464188,4.826707699303336,3.6044095669401226e-06,17.691040931623363,Developed
protons,4.723232323232323,83.86363636363636,0.8398490926647479,4.815218338728584,4.584263085213793,4.8151984785971305,3.5046927844341202e-06,18.433991042780033,Developed
protons,4.723232323232323,85.9090909090909,0.885101912856717,4.807026234606931,4.705721005900008,4.806966052596026,1.8725302146067036e-06,18.94359034200568,Developed
protons,4.723232323232323,87.95454545454545,0.9122766927163397,4.802120169428904,4.776849479383575,4.801923872059755,8.145907631497249e-06,19.223746167234008,Developed
protons,4.723232323232323,90.0,0.9216037856101611,4.801888182190188,4.801888182190188,4.800486340648916,0.0,19.36876815135643,Developed
protons,4.924242424242424,0.0,0.0,0.0,0.0,0.0,0.0,0.0,Angle < Critical
protons,4.924242424242424,2.0454545454545454,0.0,0.0,0.0,0.0,0.0,0.0,Angle < Critical
protons,4.924242424242424,4.090909090909091,0.0,0.0,0.0,0.0,0.0,0.0,Angle < Critical
protons,4.924242424242424,6.136363636363637,0.0,0.0,0.0,0.0,0.0,0.0,Angle < Critical
protons,4.924242424242424,8.181818181818182,0.0,0.0,0.0,0.0,0.0,0.0,Angle < Critical
protons,4.924242424242424,10.227272727272727,0.0,0.0,0.0,0.0,0.0,0.0,Angle < Critical
protons,4.924242424242424,12.272727272727273,0.0,0.0,0.0,0.0,0.0,0.0,Angle < Critical
protons,4.924242424242424,14.318181818181818,0.0,0.0,0.0,0.0,0.0,0.0,Angle < Critical
protons,4.924242424242424,16.363636363636363,0.0,0.0,0.0,0.0,0.0,0.0,Angle < Critical
protons,4.924242424242424,18.40909090909091,0.0,0.0,0.0,0.0,0.0,0.0,Angle < Critical
protons,4.924242424242424,20.454545454545453,0.0,0.0,0.0,0.0,0.0,0.0,Angle < Critical
protons,4.924242424242424,22.5,0.0,0.0,0.0,0.0,0.0,0.0,Angle < Critical
protons,4.924242424242424,24.545454545454547,0.0,0.0,0.0,0.0,0.0,0.0,Angle < Critical
protons,4.924242424242424,26.59090909090909,0.0,0.0,0.0,0.0,0.0,0.0,Angle < Critical
protons,4.924242424242424,28.636363636363637,0.0,0.0,0.0,0.0,0.0,0.0,Track below surface
protons,4.924242424242424,30.68181818181818,0.0,0.0,0.0,0.0,0.0,0.0,Track below surface
protons,4.924242424242424,32.72727272727273,0.0,0.0,0.0,0.0,0.0,0.0,Track below surface
protons,4.924242424242424,34.77272727272727,0.0,0.0,0.0,0.0,0.0,0.0,Track below surface
protons,4.924242424242424,36.81818181818182,0.0,0.0,0.0,0.0,0.0,0.0,Track below surface
protons,4.924242424242424,38.86363636363636,0.0,0.0,0.0,0.0,0.0,0.0,Track below surface
protons,4.924242424242424,40.90909090909091,0.0,0.0,0.0,0.0,0.0,0.0,Track below surface
protons,4.924242424242424,42.95454545454545,0.0,0.0,0.0,0.0,0.0,0.0,Track below surface
protons,4.924242424242424,45.0,0.0,0.0,0.0,0.0,0.0,0.0,Track below surface
protons,4.924242424242424,47.04545454545455,0.0,0.0,0.0,0.0,0.0,0.0,Track below surface
protons,4.924242424242424,49.09090909090909,0.0,0.0,0.0,0.0,0.0,0.0,Track below surface
protons,4.924242424242424,51.13636363636363,0.0,0.0,0.0,0.0,0.0,0.0,Track below surface
protons,4.924242424242424,53.18181818181818,0.0,0.0,0.0,0.0,0.0,0.0,Track below surface
protons,4.924242424242424,55.22727272727273,0.0,0.0,0.0,0.0,0.0,0.0,Track below surface
protons,4.924242424242424,57.27272727272727,0.0,0.0,0.0,0.0,0.0,0.0,Track below surface
protons,4.924242424242424,59.31818181818182,0.0,0.0,0.0,0.0,0.0,0.0,Track below surface
protons,4.924242424242424,61.36363636363636,0.0,0.0,0.0,0.0,0.0,0.0,Track below surface
protons,4.924242424242424,63.40909090909091,0.0,0.0,0.0,0.0,0.0,0.0,Track below surface
protons,4.924242424242424,65.45454545454545,0.0,0.0,0.0,0.0,0.0,0.0,Track below surface
protons,4.924242424242424,67.5,0.0,0.0,0.0,0.0,0.0,0.0,Track below surface
protons,4.924242424242424,69.54545454545455,0.0,0.0,0.0,0.0,0.0,0.0,Track below surface
protons,4.924242424242424,71.5909090909091,0.07669853768789459,4.606501241567856,1.245422856754965,4.606499276971062,0.004760368382895119,4.465299096047584,Developed
protons,4.924242424242424,73.63636363636364,0.22709564143178973,4.579804433066655,2.3397593751811643,4.5798040163147675,0.018210208047200124,8.553715520471771,Developed
protons,4.924242424242424,75.68181818181819,0.3602532342707274,4.556425713011209,2.9887706410150723,4.556421570050167,0.028445900412218558,10.985259777218166,Developed
protons,4.924242424242424,77.72727272727272,0.47600162700122794,4.5362966469275,3.4515824345410446,4.536294962593875,0.010732503820687947,12.739761040121703,Developed
protons,4.924242424242424,79.77272727272727,0.5741933158111152,4.519359932842714,3.797722182651903,4.519356245087417,6.782714128584269e-07,14.065498454845862,Developed
protons,4.924242424242424,81.81818181818181,0.6547031702507695,4.505567242468802,4.057924741327695,4.505558437213013,1.0972155676191947e-06,15.070066708698441,Developed
protons,4.924242424242424,83.86363636363636,0.7174285926929755,4.494879589149287,4.248661557133836,4.494868352880417,1.7837891934685607e-06,15.809763774242802,Developed
protons,4.924242424242424,85.9090909090909,0.7622896490780668,4.487266868833239,4.379437565599379,4.48725582806383,0.0,16.31540576551598,Developed
protons,4.924242424242424,87.95454545454545,0.7892291707777854,4.482707775866476,4.455968962650736,4.482589066720634,9.745118477034187e-06,16.59597481160747,Developed
protons,4.924242424242424,90.0,0.7990939172034555,4.486205145952621,4.486205145952621,4.481189517738317,0.0,16.730714478815884,Developed
protons,5.125252525252525,0.0,0.0,0.0,0.0,0.0,0.0,0.0,Angle < Critical
protons,5.125252525252525,2.0454545454545454,0.0,0.0,0.0,0.0,0.0,0.0,Angle < Critical
protons,5.125252525252525,4.090909090909091,0.0,0.0,0.0,0.0,0.0,0.0,Angle < Critical
protons,5.125252525252525,6.136363636363637,0.0,0.0,0.0,0.0,0.0,0.0,Angle < Critical
protons,5.125252525252525,8.181818181818182,0.0,0.0,0.0,0.0,0.0,0.0,Angle < Critical
protons,5.125252525252525,10.227272727272727,0.0,0.0,0.0,0.0,0.0,0.0,Angle < Critical
protons,5.125252525252525,12.272727272727273,0.0,0.0,0.0,0.0,0.0,0.0,Angle < Critical
protons,5.125252525252525,14.318181818181818,0.0,0.0,0.0,0.0,0.0,0.0,Angle < Critical
protons,5.125252525252525,16.363636363636363,0.0,0.0,0.0,0.0,0.0,0.0,Angle < Critical
protons,5.125252525252525,18.40909090909091,0.0,0.0,0.0,0.0,0.0,0.0,Angle < Critical
protons,5.125252525252525,20.454545454545453,0.0,0.0,0.0,0.0,0.0,0.0,Angle < Critical
protons,5.125252525252525,22.5,0.0,0.0,0.0,0.0,0.0,0.0,Angle < Critical
protons,5.125252525252525,24.545454545454547,0.0,0.0,0.0,0.0,0.0,0.0,Angle < Critical
protons,5.125252525252525,26.59090909090909,0.0,0.0,0.0,0.0,0.0,0.0,Angle < Critical
protons,5.125252525252525,28.636363636363637,0.0,0.0,0.0,0.0,0.0,0.0,Track below surface
protons,5.125252525252525,30.68181818181818,0.0,0.0,0.0,0.0,0.0,0.0,Track below surface
protons,5.125252525252525,32.72727272727273,0.0,0.0,0.0,0.0,0.0,0.0,Track below surface
protons,5.125252525252525,34.77272727272727,0.0,0.0,0.0,0.0,0.0,0.0,Track below surface
protons,5.125252525252525,36.81818181818182,0.0,0.0,0.0,0.0,0.0,0.0,Track below surface
protons,5.125252525252525,38.86363636363636,0.0,0.0,0.0,0.0,0.0,0.0,Track below surface
protons,5.125252525252525,40.90909090909091,0.0,0.0,0.0,0.0,0.0,0.0,Track below surface
protons,5.125252525252525,42.95454545454545,0.0,0.0,0.0,0.0,0.0,0.0,Track below surface
protons,5.125252525252525,45.0,0.0,0.0,0.0,0.0,0.0,0.0,Track below surface
protons,5.125252525252525,47.04545454545455,0.0,0.0,0.0,0.0,0.0,0.0,Track below surface
protons,5.125252525252525,49.09090909090909,0.0,0.0,0.0,0.0,0.0,0.0,Track below surface
protons,5.125252525252525,51.13636363636363,0.0,0.0,0.0,0.0,0.0,0.0,Track below surface
protons,5.125252525252525,53.18181818181818,0.0,0.0,0.0,0.0,0.0,0.0,Track below surface
protons,5.125252525252525,55.22727272727273,0.0,0.0,0.0,0.0,0.0,0.0,Track below surface
protons,5.125252525252525,57.27272727272727,0.0,0.0,0.0,0.0,0.0,0.0,Track below surface
protons,5.125252525252525,59.31818181818182,0.0,0.0,0.0,0.0,0.0,0.0,Track below surface
protons,5.125252525252525,61.36363636363636,0.0,0.0,0.0,0.0,0.0,0.0,Track below surface
protons,5.125252525252525,63.40909090909091,0.0,0.0,0.0,0.0,0.0,0.0,Track below surface
protons,5.125252525252525,65.45454545454545,0.0,0.0,0.0,0.0,0.0,0.0,Track below surface
protons,5.125252525252525,67.5,0.0,0.0,0.0,0.0,0.0,0.0,Track below surface
protons,5.125252525252525,69.54545454545455,0.0,0.0,0.0,0.0,0.0,0.0,Track below surface
protons,5.125252525252525,71.5909090909091,0.00043636129101365384,0.48686386050051444,0.027133801764688412,0.48686361768756603,8.515443071842854e-05,0.008930871744481005,Developed
protons,5.125252525252525,73.63636363636364,0.12346695721957879,4.264453568848113,1.6763233366658572,4.264451886512105,0.007096287802007766,5.650130318379193,Developed
protons,5.125252525252525,75.68181818181819,0.2556045287262787,4.242777472533511,2.502798791876317,4.242776416545581,0.012225047398182781,8.4973486277604,Developed
protons,5.125252525252525,77.72727272727272,0.37046625906495123,4.224113742742846,3.040487830077722,4.224109609126159,2.0455547998140135e-06,10.368018872240711,Developed
protons,5.125252525252525,79.77272727272727,0.46790577434046376,4.208409231163038,3.4284443079020446,4.2084047161741065,2.925768010771778e-06,11.731679273522014,Developed
protons,5.125252525252525,81.81818181818181,0.5477989026345593,4.195619664558549,3.714673128199249,4.195617820752453,2.385365238962737e-06,12.746060290005442,Developed
protons,5.125252525252525,83.86363636363636,0.6100438322441732,4.185709142268211,3.922177789749655,4.185693298816438,1.3749356136160166e-06,13.485113722646663,Developed
protons,5.125252525252525,85.9090909090909,0.6545612414250463,4.178649822348571,4.063565751479483,4.178617433803747,8.05717010473625e-07,13.988083346218462,Developed
protons,5.125252525252525,87.95454545454545,0.6812943994752878,4.174422059000452,4.145821602149125,4.174344935969346,7.309928657470466e-06,14.268840812491437,Developed
protons,5.125252525252525,90.0,0.6904591089947356,4.174547601428047,4.174547601428047,4.173014124481383,0.0,14.394829799694099,Developed
protons,5.326262626262626,0.0,0.0,0.0,0.0,0.0,0.0,0.0,Angle < Critical
protons,5.326262626262626,2.0454545454545454,0.0,0.0,0.0,0.0,0.0,0.0,Angle < Critical
protons,5.326262626262626,4.090909090909091,0.0,0.0,0.0,0.0,0.0,0.0,Angle < Critical
protons,5.326262626262626,6.136363636363637,0.0,0.0,0.0,0.0,0.0,0.0,Angle < Critical
protons,5.326262626262626,8.181818181818182,0.0,0.0,0.0,0.0,0.0,0.0,Angle < Critical
protons,5.326262626262626,10.227272727272727,0.0,0.0,0.0,0.0,0.0,0.0,Angle < Critical
protons,5.326262626262626,12.272727272727273,0.0,0.0,0.0,0.0,0.0,0.0,Angle < Critical
protons,5.326262626262626,14.318181818181818,0.0,0.0,0.0,0.0,0.0,0.0,Angle < Critical
protons,5.326262626262626,16.363636363636363,0.0,0.0,0.0,0.0,0.0,0.0,Angle < Critical
protons,5.326262626262626,18.40909090909091,0.0,0.0,0.0,0.0,0.0,0.0,Angle < Critical
protons,5.326262626262626,20.454545454545453,0.0,0.0,0.0,0.0,0.0,0.0,Angle < Critical
protons,5.326262626262626,22.5,0.0,0.0,0.0,0.0,0.0,0.0,Angle < Critical
protons,5.326262626262626,24.545454545454547,0.0,0.0,0.0,0.0,0.0,0.0,Angle < Critical
protons,5.326262626262626,26.59090909090909,0.0,0.0,0.0,0.0,0.0,0.0,Angle < Critical
protons,5.326262626262626,28.636363636363637,0.0,0.0,0.0,0.0,0.0,0.0,Track below surface
protons,5.326262626262626,30.68181818181818,0.0,0.0,0.0,0.0,0.0,0.0,Track below surface
protons,5.326262626262626,32.72727272727273,0.0,0.0,0.0,0.0,0.0,0.0,Track below surface
protons,5.326262626262626,34.77272727272727,0.0,0.0,0.0,0.0,0.0,0.0,Track below surface
protons,5.326262626262626,36.81818181818182,0.0,0.0,0.0,0.0,0.0,0.0,Track below surface
protons,5.326262626262626,38.86363636363636,0.0,0.0,0.0,0.0,0.0,0.0,Track below surface
protons,5.326262626262626,40.90909090909091,0.0,0.0,0.0,0.0,0.0,0.0,Track below surface
protons,5.326262626262626,42.95454545454545,0.0,0.0,0.0,0.0,0.0,0.0,Track below surface
protons,5.326262626262626,45.0,0.0,0.0,0.0,0.0,0.0,0.0,Track below surface
protons,5.326262626262626,47.04545454545455,0.0,0.0,0.0,0.0,0.0,0.0,Track below surface
protons,5.326262626262626,49.09090909090909,0.0,0.0,0.0,0.0,0.0,0.0,Track below surface
protons,5.326262626262626,51.13636363636363,0.0,0.0,0.0,0.0,0.0,0.0,Track below surface
protons,5.326262626262626,53.18181818181818,0.0,0.0,0.0,0.0,0.0,0.0,Track below surface
protons,5.326262626262626,55.22727272727273,0.0,0.0,0.0,0.0,0.0,0.0,Track below surface
protons,5.326262626262626,57.27272727272727,0.0,0.0,0.0,0.0,0.0,0.0,Track below surface
protons,5.326262626262626,59.31818181818182,0.0,0.0,0.0,0.0,0.0,0.0,Track below surface
protons,5.326262626262626,61.36363636363636,0.0,0.0,0.0,0.0,0.0,0.0,Track below surface
protons,5.326262626262626,63.40909090909091,0.0,0.0,0.0,0.0,0.0,0.0,Track below surface
protons,5.326262626262626,65.45454545454545,0.0,0.0,0.0,0.0,0.0,0.0,Track below surface
protons,5.326262626262626,67.5,0.0,0.0,0.0,0.0,0.0,0.0,Track below surface
protons,5.326262626262626,69.54545454545455,0.0,0.0,0.0,0.0,0.0,0.0,Track below surface
protons,5.326262626262626,71.5909090909091,0.0,0.0,0.0,0.0,0.0,0.0,Track below surface
protons,5.326262626262626,73.63636363636364,0.03014586944648734,3.960546178128869,0.6842670016582909,3.9605432367896096,0.0010759531660697217,1.9175572909588514,Developed
protons,5.326262626262626,75.68181818181819,0.161364877709822,3.9404672268657865,1.9678907622488901,3.940465173928862,1.7016590119713651e-06,6.158409946779104,Developed
protons,5.326262626262626,77.72727272727272,0.27542813898057084,3.923202384150041,2.617649027341206,3.923200384997896,1.427502271806994e-06,8.231593810433743,Developed
protons,5.326262626262626,79.77272727272727,0.37219029689161154,3.9086745316407896,3.0597224069692373,3.908669502674385,1.5439365640910046e-06,9.655966540458229,Developed
protons,5.326262626262626,81.81818181818181,0.4515280427141519,3.8968428830485133,3.3773954630035745,3.896835115811151,1.1761265521315557e-06,10.688103664259106,Developed
protons,5.326262626262626,83.86363636363636,0.5133402724960536,3.887674360000784,3.6044176422365086,3.8876657923107114,1.2205894358193243e-06,11.429825875535979,Developed
protons,5.326262626262626,85.9090909090909,0.5575482159035108,3.8811435111588186,3.757814297264532,3.881132144613895,1.2871834145313373e-06,11.930837035915511,Developed
protons,5.326262626262626,87.95454545454545,0.5840955366019376,3.877232241671318,3.846716968088179,3.877125974722766,0.0,12.21178860074573,Developed
protons,5.326262626262626,90.0,0.5929871887748863,3.8761868224043567,3.8761868224043567,3.875929644166879,0.0,12.330831978571487,Developed
protons,5.5272727272727264,0.0,0.0,0.0,0.0,0.0,0.0,0.0,Angle < Critical
protons,5.5272727272727264,2.0454545454545454,0.0,0.0,0.0,0.0,0.0,0.0,Angle < Critical
protons,5.5272727272727264,4.090909090909091,0.0,0.0,0.0,0.0,0.0,0.0,Angle < Critical
protons,5.5272727272727264,6.136363636363637,0.0,0.0,0.0,0.0,0.0,0.0,Angle < Critical
protons,5.5272727272727264,8.181818181818182,0.0,0.0,0.0,0.0,0.0,0.0,Angle < Critical
protons,5.5272727272727264,10.227272727272727,0.0,0.0,0.0,0.0,0.0,0.0,Angle < Critical
protons,5.5272727272727264,12.272727272727273,0.0,0.0,0.0,0.0,0.0,0.0,Angle < Critical
protons,5.5272727272727264,14.318181818181818,0.0,0.0,0.0,0.0,0.0,0.0,Angle < Critical
protons,5.5272727272727264,16.363636363636363,0.0,0.0,0.0,0.0,0.0,0.0,Angle < Critical
protons,5.5272727272727264,18.40909090909091,0.0,0.0,0.0,0.0,0.0,0.0,Angle < Critical
protons,5.5272727272727264,20.454545454545453,0.0,0.0,0.0,0.0,0.0,0.0,Angle < Critical
protons,5.5272727272727264,22.5,0.0,0.0,0.0,0.0,0.0,0.0,Angle < Critical
protons,5.5272727272727264,24.545454545454547,0.0,0.0,0.0,0.0,0.0,0.0,Angle < Critical
protons,5.5272727272727264,26.59090909090909,0.0,0.0,0.0,0.0,0.0,0.0,Angle < Critical
protons,5.5272727272727264,28.636363636363637,0.0,0.0,0.0,0.0,0.0,0.0,Track below surface
protons,5.5272727272727264,30.68181818181818,0.0,0.0,0.0,0.0,0.0,0.0,Track below surface
protons,5.5272727272727264,32.72727272727273,0.0,0.0,0.0,0.0,0.0,0.0,Track below surface
protons,5.5272727272727264,34.77272727272727,0.0,0.0,0.0,0.0,0.0,0.0,Track below surface
protons,5.5272727272727264,36.81818181818182,0.0,0.0,0.0,0.0,0.0,0.0,Track below surface
protons,5.5272727272727264,38.86363636363636,0.0,0.0,0.0,0.0,0.0,0.0,Track below surface
protons,5.5272727272727264,40.90909090909091,0.0,0.0,0.0,0.0,0.0,0.0,Track below surface
protons,5.5272727272727264,42.95454545454545,0.0,0.0,0.0,0.0,0.0,0.0,Track below surface
protons,5.5272727272727264,45.0,0.0,0.0,0.0,0.0,0.0,0.0,Track below surface
protons,5.5272727272727264,47.04545454545455,0.0,0.0,0.0,0.0,0.0,0.0,Track below surface
protons,5.5272727272727264,49.09090909090909,0.0,0.0,0.0,0.0,0.0,0.0,Track below surface
protons,5.5272727272727264,51.13636363636363,0.0,0.0,0.0,0.0,0.0,0.0,Track below surface
protons,5.5272727272727264,53.18181818181818,0.0,0.0,0.0,0.0,0.0,0.0,Track below surface
protons,5.5272727272727264,55.22727272727273,0.0,0.0,0.0,0.0,0.0,0.0,Track below surface
protons,5.5272727272727264,57.27272727272727,0.0,0.0,0.0,0.0,0.0,0.0,Track below surface
protons,5.5272727272727264,59.31818181818182,0.0,0.0,0.0,0.0,0.0,0.0,Track below surface
protons,5.5272727272727264,61.36363636363636,0.0,0.0,0.0,0.0,0.0,0.0,Track below surface
protons,5.5272727272727264,63.40909090909091,0.0,0.0,0.0,0.0,0.0,0.0,Track below surface
protons,5.5272727272727264,65.45454545454545,0.0,0.0,0.0,0.0,0.0,0.0,Track below surface
protons,5.5272727272727264,67.5,0.0,0.0,0.0,0.0,0.0,0.0,Track below surface
protons,5.5272727272727264,69.54545454545455,0.0,0.0,0.0,0.0,0.0,0.0,Track below surface
protons,5.5272727272727264,71.5909090909091,0.0,0.0,0.0,0.0,0.0,0.0,Track below surface
protons,5.5272727272727264,73.63636363636364,0.0,0.0,0.0,0.0,0.0,0.0,Track below surface
protons,5.5272727272727264,75.68181818181819,0.0781391450698159,3.650917154710792,1.323591836658164,3.6509163050689835,8.926712323192671e-08,3.801419978136985,Developed
protons,5.5272727272727264,77.72727272727272,0.19149725545713103,3.634981040081202,2.1740206132246103,3.6349783470194565,5.098014140537366e-07,6.293787203272441,Developed
protons,5.5272727272727264,79.77272727272727,0.28766121969587743,3.6215707408865025,2.6899799919544085,3.6215704401942865,4.647124662212943e-07,7.816411563883368,Developed
protons,5.5272727272727264,81.81818181818181,0.3665084913645771,3.610649050842135,3.046494317192678,3.6106463052931312,0.0,8.877297365808,Developed
protons,5.5272727272727264,83.86363636363636,0.4279385915461873,3.602185514144781,3.296424921389552,3.602179573742701,0.0,9.625432690308088,Developed
protons,5.5272727272727264,85.9090909090909,0.47187323687325566,3.5961567130311667,3.4635101890945954,3.5961428574205767,0.0,10.126024414242496,Developed
protons,5.5272727272727264,87.95454545454545,0.4982564392882409,3.592546049052716,3.55983659179145,3.5925117836441,0.0,10.407548676726849,Developed
protons,5.5272727272727264,90.0,0.5077738589029615,3.59650744151388,3.59650744151388,3.591343619795641,0.0,10.520364733869298,Developed
protons,5.728282828282827,0.0,0.0,0.0,0.0,0.0,0.0,0.0,Angle < Critical
protons,5.728282828282827,2.0454545454545454,0.0,0.0,0.0,0.0,0.0,0.0,Angle < Critical
protons,5.728282828282827,4.090909090909091,0.0,0.0,0.0,0.0,0.0,0.0,Angle < Critical
protons,5.728282828282827,6.136363636363637,0.0,0.0,0.0,0.0,0.0,0.0,Angle < Critical
protons,5.728282828282827,8.181818181818182,0.0,0.0,0.0,0.0,0.0,0.0,Angle < Critical
protons,5.728282828282827,10.227272727272727,0.0,0.0,0.0,0.0,0.0,0.0,Angle < Critical
protons,5.728282828282827,12.272727272727273,0.0,0.0,0.0,0.0,0.0,0.0,Angle < Critical
protons,5.728282828282827,14.318181818181818,0.0,0.0,0.0,0.0,0.0,0.0,Angle < Critical
protons,5.728282828282827,16.363636363636363,0.0,0.0,0.0,0.0,0.0,0.0,Angle < Critical
protons,5.728282828282827,18.40909090909091,0.0,0.0,0.0,0.0,0.0,0.0,Angle < Critical
protons,5.728282828282827,20.454545454545453,0.0,0.0,0.0,0.0,0.0,0.0,Angle < Critical
protons,5.728282828282827,22.5,0.0,0.0,0.0,0.0,0.0,0.0,Angle < Critical
protons,5.728282828282827,24.545454545454547,0.0,0.0,0.0,0.0,0.0,0.0,Angle < Critical
protons,5.728282828282827,26.59090909090909,0.0,0.0,0.0,0.0,0.0,0.0,Angle < Critical
protons,5.728282828282827,28.636363636363637,0.0,0.0,0.0,0.0,0.0,0.0,Track below surface
protons,5.728282828282827,30.68181818181818,0.0,0.0,0.0,0.0,0.0,0.0,Track below surface
protons,5.728282828282827,32.72727272727273,0.0,0.0,0.0,0.0,0.0,0.0,Track below surface
protons,5.728282828282827,34.77272727272727,0.0,0.0,0.0,0.0,0.0,0.0,Track below surface
protons,5.728282828282827,36.81818181818182,0.0,0.0,0.0,0.0,0.0,0.0,Track below surface
protons,5.728282828282827,38.86363636363636,0.0,0.0,0.0,0.0,0.0,0.0,Track below surface
protons,5.728282828282827,40.90909090909091,0.0,0.0,0.0,0.0,0.0,0.0,Track below surface
protons,5.728282828282827,42.95454545454545,0.0,0.0,0.0,0.0,0.0,0.0,Track below surface
protons,5.728282828282827,45.0,0.0,0.0,0.0,0.0,0.0,0.0,Track below surface
protons,5.728282828282827,47.04545454545455,0.0,0.0,0.0,0.0,0.0,0.0,Track below surface
protons,5.728282828282827,49.09090909090909,0.0,0.0,0.0,0.0,0.0,0.0,Track below surface
protons,5.728282828282827,51.13636363636363,0.0,0.0,0.0,0.0,0.0,0.0,Track below surface
protons,5.728282828282827,53.18181818181818,0.0,0.0,0.0,0.0,0.0,0.0,Track below surface
protons,5.728282828282827,55.22727272727273,0.0,0.0,0.0,0.0,0.0,0.0,Track below surface
protons,5.728282828282827,57.27272727272727,0.0,0.0,0.0,0.0,0.0,0.0,Track below surface
protons,5.728282828282827,59.31818181818182,0.0,0.0,0.0,0.0,0.0,0.0,Track below surface
protons,5.728282828282827,61.36363636363636,0.0,0.0,0.0,0.0,0.0,0.0,Track below surface
protons,5.728282828282827,63.40909090909091,0.0,0.0,0.0,0.0,0.0,0.0,Track below surface
protons,5.728282828282827,65.45454545454545,0.0,0.0,0.0,0.0,0.0,0.0,Track below surface
protons,5.728282828282827,67.5,0.0,0.0,0.0,0.0,0.0,0.0,Track below surface
protons,5.728282828282827,69.54545454545455,0.0,0.0,0.0,0.0,0.0,0.0,Track below surface
protons,5.728282828282827,71.5909090909091,0.0,0.0,0.0,0.0,0.0,0.0,Track below surface
protons,5.728282828282827,73.63636363636364,0.0,0.0,0.0,0.0,0.0,0.0,Track below surface
protons,5.728282828282827,75.68181818181819,0.008373079404135453,2.118587624580421,0.28161011309601,2.1185865689732046,4.01310670384944e-06,0.4146940669372134,Developed
protons,5.728282828282827,77.72727272727272,0.11838581764128442,3.359540557527924,1.6873427816477644,3.359539350376891,5.959508127874905e-07,4.487424652804257,Developed
protons,5.728282828282827,79.77272727272727,0.21402870075186975,3.347190659542177,2.31426136010927,3.347187535668006,8.575075177273166e-07,6.180657711422408,Developed
protons,5.728282828282827,81.81818181818181,0.2924487247961771,3.337132255803054,2.720477438304176,3.337128600248168,4.729572167435765e-07,7.286469769257111,Developed
protons,5.728282828282827,83.86363636363636,0.35354595531960165,3.3293375912694594,2.9977483361343764,3.329328945487416,9.004050439267202e-07,8.045907201280544,Developed
protons,5.728282828282827,85.9090909090909,0.3972425331467129,3.323785165098435,3.18058588925913,3.323766961831312,1.2214950393391094e-06,8.547670390678682,Developed
protons,5.728282828282827,87.95454545454545,0.4234827736009734,3.320459764699742,3.2852198617705435,3.320403290191322,0.0,8.828821081921602,Developed
protons,5.728282828282827,90.0,0.43298773411661173,3.325229084860072,3.325229084860072,3.3193522979779013,0.0,8.937481627293307,Developed
protons,5.929292929292929,0.0,0.0,0.0,0.0,0.0,0.0,0.0,Angle < Critical
protons,5.929292929292929,2.0454545454545454,0.0,0.0,0.0,0.0,0.0,0.0,Angle < Critical
protons,5.929292929292929,4.090909090909091,0.0,0.0,0.0,0.0,0.0,0.0,Angle < Critical
protons,5.929292929292929,6.136363636363637,0.0,0.0,0.0,0.0,0.0,0.0,Angle < Critical
protons,5.929292929292929,8.181818181818182,0.0,0.0,0.0,0.0,0.0,0.0,Angle < Critical
protons,5.929292929292929,10.227272727272727,0.0,0.0,0.0,0.0,0.0,0.0,Angle < Critical
protons,5.929292929292929,12.272727272727273,0.0,0.0,0.0,0.0,0.0,0.0,Angle < Critical
protons,5.929292929292929,14.318181818181818,0.0,0.0,0.0,0.0,0.0,0.0,Angle < Critical
protons,5.929292929292929,16.363636363636363,0.0,0.0,0.0,0.0,0.0,0.0,Angle < Critical
protons,5.929292929292929,18.40909090909091,0.0,0.0,0.0,0.0,0.0,0.0,Angle < Critical
protons,5.929292929292929,20.454545454545453,0.0,0.0,0.0,0.0,0.0,0.0,Angle < Critical
protons,5.929292929292929,22.5,0.0,0.0,0.0,0.0,0.0,0.0,Angle < Critical
protons,5.929292929292929,24.545454545454547,0.0,0.0,0.0,0.0,0.0,0.0,Angle < Critical
protons,5.929292929292929,26.59090909090909,0.0,0.0,0.0,0.0,0.0,0.0,Angle < Critical
protons,5.929292929292929,28.636363636363637,0.0,0.0,0.0,0.0,0.0,0.0,Track below surface
protons,5.929292929292929,30.68181818181818,0.0,0.0,0.0,0.0,0.0,0.0,Track below surface
protons,5.929292929292929,32.72727272727273,0.0,0.0,0.0,0.0,0.0,0.0,Track below surface
protons,5.929292929292929,34.77272727272727,0.0,0.0,0.0,0.0,0.0,0.0,Track below surface
protons,5.929292929292929,36.81818181818182,0.0,0.0,0.0,0.0,0.0,0.0,Track below surface
protons,5.929292929292929,38.86363636363636,0.0,0.0,0.0,0.0,0.0,0.0,Track below surface
protons,5.929292929292929,40.90909090909091,0.0,0.0,0.0,0.0,0.0,0.0,Track below surface
protons,5.929292929292929,42.95454545454545,0.0,0.0,0.0,0.0,0.0,0.0,Track below surface
protons,5.929292929292929,45.0,0.0,0.0,0.0,0.0,0.0,0.0,Track below surface
protons,5.929292929292929,47.04545454545455,0.0,0.0,0.0,0.0,0.0,0.0,Track below surface
protons,5.929292929292929,49.09090909090909,0.0,0.0,0.0,0.0,0.0,0.0,Track below surface
protons,5.929292929292929,51.13636363636363,0.0,0.0,0.0,0.0,0.0,0.0,Track below surface
protons,5.929292929292929,53.18181818181818,0.0,0.0,0.0,0.0,0.0,0.0,Track below surface
protons,5.929292929292929,55.22727272727273,0.0,0.0,0.0,0.0,0.0,0.0,Track below surface
protons,5.929292929292929,57.27272727272727,0.0,0.0,0.0,0.0,0.0,0.0,Track below surface
protons,5.929292929292929,59.31818181818182,0.0,0.0,0.0,0.0,0.0,0.0,Track below surface
protons,5.929292929292929,61.36363636363636,0.0,0.0,0.0,0.0,0.0,0.0,Track below surface
protons,5.929292929292929,63.40909090909091,0.0,0.0,0.0,0.0,0.0,0.0,Track below surface
protons,5.929292929292929,65.45454545454545,0.0,0.0,0.0,0.0,0.0,0.0,Track below surface
protons,5.929292929292929,67.5,0.0,0.0,0.0,0.0,0.0,0.0,Track below surface
protons,5.929292929292929,69.54545454545455,0.0,0.0,0.0,0.0,0.0,0.0,Track below surface
protons,5.929292929292929,71.5909090909091,0.0,0.0,0.0,0.0,0.0,0.0,Track below surface
protons,5.929292929292929,73.63636363636364,0.0,0.0,0.0,0.0,0.0,0.0,Track below surface
protons,5.929292929292929,75.68181818181819,0.0,0.0,0.0,0.0,0.0,0.0,Track below surface
protons,5.929292929292929,77.72727272727272,0.05391986404033133,3.0973658715002412,1.0952019244732694,3.09736430903421,8.628587160483235e-08,2.6621535095299893,Developed
protons,5.929292929292929,79.77272727272727,0.14910328427022534,3.0860188034658305,1.9245283125113872,3.086018392516515,2.948686674231114e-07,4.715246414408659,Developed
protons,5.929292929292929,81.81818181818181,0.22714658305302216,3.0767772071803186,2.397680535176798,3.0767744154079075,0.0,5.892181512194599,Developed
protons,5.929292929292929,83.86363636363636,0.28795030601346383,3.069615334964269,2.7082187501467816,3.0696088004913724,0.0,6.66951479496046,Developed
protons,5.929292929292929,85.9090909090909,0.3314369680070932,3.0645135982641674,2.909321639004836,3.0644997623591737,0.0,7.174230104746834,Developed
protons,5.929292929292929,87.95454545454545,0.35755115186333875,3.061458081586103,3.023350658915503,3.0614324138420828,2.635101096897679e-06,7.456606416469934,Developed
protons,5.929292929292929,90.0,0.3664471497902273,3.0620289073878095,3.0620289073878095,3.060440517096799,0.0,7.560666021660035,Developed
protons,6.13030303030303,0.0,0.0,0.0,0.0,0.0,0.0,0.0,Angle < Critical
protons,6.13030303030303,2.0454545454545454,0.0,0.0,0.0,0.0,0.0,0.0,Angle < Critical
protons,6.13030303030303,4.090909090909091,0.0,0.0,0.0,0.0,0.0,0.0,Angle < Critical
protons,6.13030303030303,6.136363636363637,0.0,0.0,0.0,0.0,0.0,0.0,Angle < Critical
protons,6.13030303030303,8.181818181818182,0.0,0.0,0.0,0.0,0.0,0.0,Angle < Critical
protons,6.13030303030303,10.227272727272727,0.0,0.0,0.0,0.0,0.0,0.0,Angle < Critical
protons,6.13030303030303,12.272727272727273,0.0,0.0,0.0,0.0,0.0,0.0,Angle < Critical
protons,6.13030303030303,14.318181818181818,0.0,0.0,0.0,0.0,0.0,0.0,Angle < Critical
protons,6.13030303030303,16.363636363636363,0.0,0.0,0.0,0.0,0.0,0.0,Angle < Critical
protons,6.13030303030303,18.40909090909091,0.0,0.0,0.0,0.0,0.0,0.0,Angle < Critical
protons,6.13030303030303,20.454545454545453,0.0,0.0,0.0,0.0,0.0,0.0,Angle < Critical
protons,6.13030303030303,22.5,0.0,0.0,0.0,0.0,0.0,0.0,Angle < Critical
protons,6.13030303030303,24.545454545454547,0.0,0.0,0.0,0.0,0.0,0.0,Angle < Critical
protons,6.13030303030303,26.59090909090909,0.0,0.0,0.0,0.0,0.0,0.0,Angle < Critical
protons,6.13030303030303,28.636363636363637,0.0,0.0,0.0,0.0,0.0,0.0,Track below surface
protons,6.13030303030303,30.68181818181818,0.0,0.0,0.0,0.0,0.0,0.0,Track below surface
protons,6.13030303030303,32.72727272727273,0.0,0.0,0.0,0.0,0.0,0.0,Track below surface
protons,6.13030303030303,34.77272727272727,0.0,0.0,0.0,0.0,0.0,0.0,Track below surface
protons,6.13030303030303,36.81818181818182,0.0,0.0,0.0,0.0,0.0,0.0,Track below surface
protons,6.13030303030303,38.86363636363636,0.0,0.0,0.0,0.0,0.0,0.0,Track below surface
protons,6.13030303030303,40.90909090909091,0.0,0.0,0.0,0.0,0.0,0.0,Track below surface
protons,6.13030303030303,42.95454545454545,0.0,0.0,0.0,0.0,0.0,0.0,Track below surface
protons,6.13030303030303,45.0,0.0,0.0,0.0,0.0,0.0,0.0,Track below surface
protons,6.13030303030303,47.04545454545455,0.0,0.0,0.0,0.0,0.0,0.0,Track below surface
protons,6.13030303030303,49.09090909090909,0.0,0.0,0.0,0.0,0.0,0.0,Track below surface
protons,6.13030303030303,51.13636363636363,0.0,0.0,0.0,0.0,0.0,0.0,Track below surface
protons,6.13030303030303,53.18181818181818,0.0,0.0,0.0,0.0,0.0,0.0,Track below surface
protons,6.13030303030303,55.22727272727273,0.0,0.0,0.0,0.0,0.0,0.0,Track below surface
protons,6.13030303030303,57.27272727272727,0.0,0.0,0.0,0.0,0.0,0.0,Track below surface
protons,6.13030303030303,59.31818181818182,0.0,0.0,0.0,0.0,0.0,0.0,Track below surface
protons,6.13030303030303,61.36363636363636,0.0,0.0,0.0,0.0,0.0,0.0,Track below surface
protons,6.13030303030303,63.40909090909091,0.0,0.0,0.0,0.0,0.0,0.0,Track below surface
protons,6.13030303030303,65.45454545454545,0.0,0.0,0.0,0.0,0.0,0.0,Track below surface
protons,6.13030303030303,67.5,0.0,0.0,0.0,0.0,0.0,0.0,Track below surface
protons,6.13030303030303,69.54545454545455,0.0,0.0,0.0,0.0,0.0,0.0,Track below surface
protons,6.13030303030303,71.5909090909091,0.0,0.0,0.0,0.0,0.0,0.0,Track below surface
protons,6.13030303030303,73.63636363636364,0.0,0.0,0.0,0.0,0.0,0.0,Track below surface
protons,6.13030303030303,75.68181818181819,0.0,0.0,0.0,0.0,0.0,0.0,Track below surface
protons,6.13030303030303,77.72727272727272,0.0030544286462266257,1.2575198044804106,0.14001785324370328,1.2575194442809066,3.2316978563734837e-07,0.12223081938348263,Developed
protons,6.13030303030303,79.77272727272727,0.09330282503673537,2.838657921003117,1.504420984688513,2.838656783552588,5.293721059746152e-07,3.374853236022158,Developed
protons,6.13030303030303,81.81818181818181,0.17102234549455808,2.8301859042469215,2.0755162143574863,2.830182788600817,7.305864989719152e-07,4.671794114116085,Developed
protons,6.13030303030303,83.86363636363636,0.23157381197840543,2.8236203032335823,2.427631242962857,2.823614844913316,4.7328296473442174e-07,5.476272490337332,Developed
protons,6.13030303030303,85.9090909090909,0.27488006080653804,2.8189432598350055,2.6501286161839883,2.818934334894979,8.991982557780332e-07,5.986349733357922,Developed
protons,6.13030303030303,87.95454545454545,0.3008859047176635,2.816142108892273,2.7748593282271528,2.8160968676887634,0.0,6.269449334589029,Developed
protons,6.13030303030303,90.0,0.3095833653508375,2.8154413268352365,2.8154413268352365,2.815209199846508,0.0,6.370420855497145,Developed
protons,6.331313131313131,0.0,0.0,0.0,0.0,0.0,0.0,0.0,Angle < Critical
protons,6.331313131313131,2.0454545454545454,0.0,0.0,0.0,0.0,0.0,0.0,Angle < Critical
protons,6.331313131313131,4.090909090909091,0.0,0.0,0.0,0.0,0.0,0.0,Angle < Critical
protons,6.331313131313131,6.136363636363637,0.0,0.0,0.0,0.0,0.0,0.0,Angle < Critical
protons,6.331313131313131,8.181818181818182,0.0,0.0,0.0,0.0,0.0,0.0,Angle < Critical
protons,6.331313131313131,10.227272727272727,0.0,0.0,0.0,0.0,0.0,0.0,Angle < Critical
protons,6.331313131313131,12.272727272727273,0.0,0.0,0.0,0.0,0.0,0.0,Angle < Critical
protons,6.331313131313131,14.318181818181818,0.0,0.0,0.0,0.0,0.0,0.0,Angle < Critical
protons,6.331313131313131,16.363636363636363,0.0,0.0,0.0,0.0,0.0,0.0,Angle < Critical
protons,6.331313131313131,18.40909090909091,0.0,0.0,0.0,0.0,0.0,0.0,Angle < Critical
protons,6.331313131313131,20.454545454545453,0.0,0.0,0.0,0.0,0.0,0.0,Angle < Critical
protons,6.331313131313131,22.5,0.0,0.0,0.0,0.0,0.0,0.0,Angle < Critical
protons,6.331313131313131,24.545454545454547,0.0,0.0,0.0,0.0,0.0,0.0,Angle < Critical
protons,6.331313131313131,26.59090909090909,0.0,0.0,0.0,0.0,0.0,0.0,Angle < Critical
protons,6.331313131313131,28.636363636363637,0.0,0.0,0.0,0.0,0.0,0.0,Track below surface
protons,6.331313131313131,30.68181818181818,0.0,0.0,0.0,0.0,0.0,0.0,Track below surface
protons,6.331313131313131,32.72727272727273,0.0,0.0,0.0,0.0,0.0,0.0,Track below surface
protons,6.331313131313131,34.77272727272727,0.0,0.0,0.0,0.0,0.0,0.0,Track below surface
protons,6.331313131313131,36.81818181818182,0.0,0.0,0.0,0.0,0.0,0.0,Track below surface
protons,6.331313131313131,38.86363636363636,0.0,0.0,0.0,0.0,0.0,0.0,Track below surface
protons,6.331313131313131,40.90909090909091,0.0,0.0,0.0,0.0,0.0,0.0,Track below surface
protons,6.331313131313131,42.95454545454545,0.0,0.0,0.0,0.0,0.0,0.0,Track below surface
protons,6.331313131313131,45.0,0.0,0.0,0.0,0.0,0.0,0.0,Track below surface
protons,6.331313131313131,47.04545454545455,0.0,0.0,0.0,0.0,0.0,0.0,Track below surface
protons,6.331313131313131,49.09090909090909,0.0,0.0,0.0,0.0,0.0,0.0,Track below surface
protons,6.331313131313131,51.13636363636363,0.0,0.0,0.0,0.0,0.0,0.0,Track below surface
protons,6.331313131313131,53.18181818181818,0.0,0.0,0.0,0.0,0.0,0.0,Track below surface
protons,6.331313131313131,55.22727272727273,0.0,0.0,0.0,0.0,0.0,0.0,Track below surface
protons,6.331313131313131,57.27272727272727,0.0,0.0,0.0,0.0,0.0,0.0,Track below surface
protons,6.331313131313131,59.31818181818182,0.0,0.0,0.0,0.0,0.0,0.0,Track below surface
protons,6.331313131313131,61.36363636363636,0.0,0.0,0.0,0.0,0.0,0.0,Track below surface
protons,6.331313131313131,63.40909090909091,0.0,0.0,0.0,0.0,0.0,0.0,Track below surface
protons,6.331313131313131,65.45454545454545,0.0,0.0,0.0,0.0,0.0,0.0,Track below surface
protons,6.331313131313131,67.5,0.0,0.0,0.0,0.0,0.0,0.0,Track below surface
protons,6.331313131313131,69.54545454545455,0.0,0.0,0.0,0.0,0.0,0.0,Track below surface
protons,6.331313131313131,71.5909090909091,0.0,0.0,0.0,0.0,0.0,0.0,Track below surface
protons,6.331313131313131,73.63636363636364,0.0,0.0,0.0,0.0,0.0,0.0,Track below surface
protons,6.331313131313131,75.68181818181819,0.0,0.0,0.0,0.0,0.0,0.0,Track below surface
protons,6.331313131313131,77.72727272727272,0.0,0.0,0.0,0.0,0.0,0.0,Track below surface
protons,6.331313131313131,79.77272727272727,0.04465842809071319,2.604726792980881,1.0067453979629242,2.604725617357359,6.607257929169912e-08,2.0595786867632726,Developed
protons,6.331313131313131,81.81818181818181,0.1220956927825565,2.596979501140864,1.7480417782279634,2.5969775554179106,5.44240279518217e-07,3.5970077761459933,Developed
protons,6.331313131313131,83.86363636363636,0.18242725311602292,2.5909755358451663,2.1543517388627142,2.5909729217009776,0.0,4.4431172100560605,Developed
protons,6.331313131313131,85.9090909090909,0.2255762256464795,2.586698549467301,2.4023099762766105,2.5866947897306627,8.323659988417071e-07,4.9613808541845,Developed
protons,6.331313131313131,87.95454545454545,0.2514876235374839,2.5841369630888598,2.5392608613593315,2.5841200459504696,2.028521786605322e-06,5.245714788587735,Developed
protons,6.331313131313131,90.0,0.2606174690812182,2.5882096831939734,2.5882096831939734,2.5832838514159424,0.0,5.344263041396157,Developed
protons,6.532323232323232,0.0,0.0,0.0,0.0,0.0,0.0,0.0,Angle < Critical
protons,6.532323232323232,2.0454545454545454,0.0,0.0,0.0,0.0,0.0,0.0,Angle < Critical
protons,6.532323232323232,4.090909090909091,0.0,0.0,0.0,0.0,0.0,0.0,Angle < Critical
protons,6.532323232323232,6.136363636363637,0.0,0.0,0.0,0.0,0.0,0.0,Angle < Critical
protons,6.532323232323232,8.181818181818182,0.0,0.0,0.0,0.0,0.0,0.0,Angle < Critical
protons,6.532323232323232,10.227272727272727,0.0,0.0,0.0,0.0,0.0,0.0,Angle < Critical
protons,6.532323232323232,12.272727272727273,0.0,0.0,0.0,0.0,0.0,0.0,Angle < Critical
protons,6.532323232323232,14.318181818181818,0.0,0.0,0.0,0.0,0.0,0.0,Angle < Critical
protons,6.532323232323232,16.363636363636363,0.0,0.0,0.0,0.0,0.0,0.0,Angle < Critical
protons,6.532323232323232,18.40909090909091,0.0,0.0,0.0,0.0,0.0,0.0,Angle < Critical
protons,6.532323232323232,20.454545454545453,0.0,0.0,0.0,0.0,0.0,0.0,Angle < Critical
protons,6.532323232323232,22.5,0.0,0.0,0.0,0.0,0.0,0.0,Angle < Critical
protons,6.532323232323232,24.545454545454547,0.0,0.0,0.0,0.0,0.0,0.0,Angle < Critical
protons,6.532323232323232,26.59090909090909,0.0,0.0,0.0,0.0,0.0,0.0,Angle < Critical
protons,6.532323232323232,28.636363636363637,0.0,0.0,0.0,0.0,0.0,0.0,Track below surface
protons,6.532323232323232,30.68181818181818,0.0,0.0,0.0,0.0,0.0,0.0,Track below surface
protons,6.532323232323232,32.72727272727273,0.0,0.0,0.0,0.0,0.0,0.0,Track below surface
protons,6.532323232323232,34.77272727272727,0.0,0.0,0.0,0.0,0.0,0.0,Track below surface
protons,6.532323232323232,36.81818181818182,0.0,0.0,0.0,0.0,0.0,0.0,Track below surface
protons,6.532323232323232,38.86363636363636,0.0,0.0,0.0,0.0,0.0,0.0,Track below surface
protons,6.532323232323232,40.90909090909091,0.0,0.0,0.0,0.0,0.0,0.0,Track below surface
protons,6.532323232323232,42.95454545454545,0.0,0.0,0.0,0.0,0.0,0.0,Track below surface
protons,6.532323232323232,45.0,0.0,0.0,0.0,0.0,0.0,0.0,Track below surface
protons,6.532323232323232,47.04545454545455,0.0,0.0,0.0,0.0,0.0,0.0,Track below surface
protons,6.532323232323232,49.09090909090909,0.0,0.0,0.0,0.0,0.0,0.0,Track below surface
protons,6.532323232323232,51.13636363636363,0.0,0.0,0.0,0.0,0.0,0.0,Track below surface
protons,6.532323232323232,53.18181818181818,0.0,0.0,0.0,0.0,0.0,0.0,Track below surface
protons,6.532323232323232,55.22727272727273,0.0,0.0,0.0,0.0,0.0,0.0,Track below surface
protons,6.532323232323232,57.27272727272727,0.0,0.0,0.0,0.0,0.0,0.0,Track below surface
protons,6.532323232323232,59.31818181818182,0.0,0.0,0.0,0.0,0.0,0.0,Track below surface
protons,6.532323232323232,61.36363636363636,0.0,0.0,0.0,0.0,0.0,0.0,Track below surface
protons,6.532323232323232,63.40909090909091,0.0,0.0,0.0,0.0,0.0,0.0,Track below surface
protons,6.532323232323232,65.45454545454545,0.0,0.0,0.0,0.0,0.0,0.0,Track below surface
protons,6.532323232323232,67.5,0.0,0.0,0.0,0.0,0.0,0.0,Track below surface
protons,6.532323232323232,69.54545454545455,0.0,0.0,0.0,0.0,0.0,0.0,Track below surface
protons,6.532323232323232,71.5909090909091,0.0,0.0,0.0,0.0,0.0,0.0,Track below surface
protons,6.532323232323232,73.63636363636364,0.0,0.0,0.0,0.0,0.0,0.0,Track below surface
protons,6.532323232323232,75.68181818181819,0.0,0.0,0.0,0.0,0.0,0.0,Track below surface
protons,6.532323232323232,77.72727272727272,0.0,0.0,0.0,0.0,0.0,0.0,Track below surface
protons,6.532323232323232,79.77272727272727,0.0043354288489680926,1.4939139234503394,0.19916068236269446,1.4939134173006228,2.1459564091768182e-09,0.20668517823776208,Developed
protons,6.532323232323232,81.81818181818181,0.07982856816495953,2.3775832571823763,1.4057362295095215,2.3775824527751497,0.0,2.639382126956128,Developed
protons,6.532323232323232,83.86363636363636,0.13997015431979243,2.3721061480387,1.8871782260346175,2.3721038377667156,0.0,3.5520706522472256,Developed
protons,6.532323232323232,85.9090909090909,0.18298325781967684,2.3682043972626032,2.165954982065022,2.3682000164984025,0.0,4.082591858355233,Developed
protons,6.532323232323232,87.95454545454545,0.20881306497269136,2.3658675219390375,2.3169162499155185,2.3658426064300264,0.0,4.368687946282114,Developed
protons,6.532323232323232,90.0,0.21744526806525322,2.3652942759514675,2.3652942759514675,2.3650892384514464,0.0,4.465354426715109,Developed
protons,6.7333333333333325,0.0,0.0,0.0,0.0,0.0,0.0,0.0,Angle < Critical
protons,6.7333333333333325,2.0454545454545454,0.0,0.0,0.0,0.0,0.0,0.0,Angle < Critical
protons,6.7333333333333325,4.090909090909091,0.0,0.0,0.0,0.0,0.0,0.0,Angle < Critical
protons,6.7333333333333325,6.136363636363637,0.0,0.0,0.0,0.0,0.0,0.0,Angle < Critical
protons,6.7333333333333325,8.181818181818182,0.0,0.0,0.0,0.0,0.0,0.0,Angle < Critical
protons,6.7333333333333325,10.227272727272727,0.0,0.0,0.0,0.0,0.0,0.0,Angle < Critical
protons,6.7333333333333325,12.272727272727273,0.0,0.0,0.0,0.0,0.0,0.0,Angle < Critical
protons,6.7333333333333325,14.318181818181818,0.0,0.0,0.0,0.0,0.0,0.0,Angle < Critical
protons,6.7333333333333325,16.363636363636363,0.0,0.0,0.0,0.0,0.0,0.0,Angle < Critical
protons,6.7333333333333325,18.40909090909091,0.0,0.0,0.0,0.0,0.0,0.0,Angle < Critical
protons,6.7333333333333325,20.454545454545453,0.0,0.0,0.0,0.0,0.0,0.0,Angle < Critical
protons,6.7333333333333325,22.5,0.0,0.0,0.0,0.0,0.0,0.0,Angle < Critical
protons,6.7333333333333325,24.545454545454547,0.0,0.0,0.0,0.0,0.0,0.0,Angle < Critical
protons,6.7333333333333325,26.59090909090909,0.0,0.0,0.0,0.0,0.0,0.0,Angle < Critical
protons,6.7333333333333325,28.636363636363637,0.0,0.0,0.0,0.0,0.0,0.0,Track below surface
protons,6.7333333333333325,30.68181818181818,0.0,0.0,0.0,0.0,0.0,0.0,Track below surface
protons,6.7333333333333325,32.72727272727273,0.0,0.0,0.0,0.0,0.0,0.0,Track below surface
protons,6.7333333333333325,34.77272727272727,0.0,0.0,0.0,0.0,0.0,0.0,Track below surface
protons,6.7333333333333325,36.81818181818182,0.0,0.0,0.0,0.0,0.0,0.0,Track below surface
protons,6.7333333333333325,38.86363636363636,0.0,0.0,0.0,0.0,0.0,0.0,Track below surface
protons,6.7333333333333325,40.90909090909091,0.0,0.0,0.0,0.0,0.0,0.0,Track below surface
protons,6.7333333333333325,42.95454545454545,0.0,0.0,0.0,0.0,0.0,0.0,Track below surface
protons,6.7333333333333325,45.0,0.0,0.0,0.0,0.0,0.0,0.0,Track below surface
protons,6.7333333333333325,47.04545454545455,0.0,0.0,0.0,0.0,0.0,0.0,Track below surface
protons,6.7333333333333325,49.09090909090909,0.0,0.0,0.0,0.0,0.0,0.0,Track below surface
protons,6.7333333333333325,51.13636363636363,0.0,0.0,0.0,0.0,0.0,0.0,Track below surface
protons,6.7333333333333325,53.18181818181818,0.0,0.0,0.0,0.0,0.0,0.0,Track below surface
protons,6.7333333333333325,55.22727272727273,0.0,0.0,0.0,0.0,0.0,0.0,Track below surface
protons,6.7333333333333325,57.27272727272727,0.0,0.0,0.0,0.0,0.0,0.0,Track below surface
protons,6.7333333333333325,59.31818181818182,0.0,0.0,0.0,0.0,0.0,0.0,Track below surface
protons,6.7333333333333325,61.36363636363636,0.0,0.0,0.0,0.0,0.0,0.0,Track below surface
protons,6.7333333333333325,63.40909090909091,0.0,0.0,0.0,0.0,0.0,0.0,Track below surface
protons,6.7333333333333325,65.45454545454545,0.0,0.0,0.0,0.0,0.0,0.0,Track below surface
protons,6.7333333333333325,67.5,0.0,0.0,0.0,0.0,0.0,0.0,Track below surface
protons,6.7333333333333325,69.54545454545455,0.0,0.0,0.0,0.0,0.0,0.0,Track below surface
protons,6.7333333333333325,71.5909090909091,0.0,0.0,0.0,0.0,0.0,0.0,Track below surface
protons,6.7333333333333325,73.63636363636364,0.0,0.0,0.0,0.0,0.0,0.0,Track below surface
protons,6.7333333333333325,75.68181818181819,0.0,0.0,0.0,0.0,0.0,0.0,Track below surface
protons,6.7333333333333325,77.72727272727272,0.0,0.0,0.0,0.0,0.0,0.0,Track below surface
protons,6.7333333333333325,79.77272727272727,0.0,0.0,0.0,0.0,0.0,0.0,Track below surface
protons,6.7333333333333325,81.81818181818181,0.044150281098652044,2.1720333272317367,1.0254949619154923,2.172032282436092,2.888346352335674e-07,1.752744489809511,Developed
protons,6.7333333333333325,83.86363636363636,0.10413150732027354,2.167048768750939,1.6236441194470284,2.1670467409365264,2.3920177393093013e-07,2.7842780814537154,Developed
protons,6.7333333333333325,85.9090909090909,0.147029921819664,2.163497862862447,1.940651383515436,2.1634949813975535,0.0,3.3328153181231173,Developed
protons,6.7333333333333325,87.95454545454545,0.17279085705867203,2.1613711283007793,2.107847375449109,2.161350537852546,7.663045693182535e-07,3.6214090398739276,Developed
protons,6.7333333333333325,90.0,0.1815483214391609,2.162677822139056,2.162677822139056,2.1606628418840543,0.0,3.7166407525547376,Developed
protons,6.934343434343433,0.0,0.0,0.0,0.0,0.0,0.0,0.0,Angle < Critical
protons,6.934343434343433,2.0454545454545454,0.0,0.0,0.0,0.0,0.0,0.0,Angle < Critical
protons,6.934343434343433,4.090909090909091,0.0,0.0,0.0,0.0,0.0,0.0,Angle < Critical
protons,6.934343434343433,6.136363636363637,0.0,0.0,0.0,0.0,0.0,0.0,Angle < Critical
protons,6.934343434343433,8.181818181818182,0.0,0.0,0.0,0.0,0.0,0.0,Angle < Critical
protons,6.934343434343433,10.227272727272727,0.0,0.0,0.0,0.0,0.0,0.0,Angle < Critical
protons,6.934343434343433,12.272727272727273,0.0,0.0,0.0,0.0,0.0,0.0,Angle < Critical
protons,6.934343434343433,14.318181818181818,0.0,0.0,0.0,0.0,0.0,0.0,Angle < Critical
protons,6.934343434343433,16.363636363636363,0.0,0.0,0.0,0.0,0.0,0.0,Angle < Critical
protons,6.934343434343433,18.40909090909091,0.0,0.0,0.0,0.0,0.0,0.0,Angle < Critical
protons,6.934343434343433,20.454545454545453,0.0,0.0,0.0,0.0,0.0,0.0,Angle < Critical
protons,6.934343434343433,22.5,0.0,0.0,0.0,0.0,0.0,0.0,Angle < Critical
protons,6.934343434343433,24.545454545454547,0.0,0.0,0.0,0.0,0.0,0.0,Angle < Critical
protons,6.934343434343433,26.59090909090909,0.0,0.0,0.0,0.0,0.0,0.0,Angle < Critical
protons,6.934343434343433,28.636363636363637,0.0,0.0,0.0,0.0,0.0,0.0,Track below surface
protons,6.934343434343433,30.68181818181818,0.0,0.0,0.0,0.0,0.0,0.0,Track below surface
protons,6.934343434343433,32.72727272727273,0.0,0.0,0.0,0.0,0.0,0.0,Track below surface
protons,6.934343434343433,34.77272727272727,0.0,0.0,0.0,0.0,0.0,0.0,Track below surface
protons,6.934343434343433,36.81818181818182,0.0,0.0,0.0,0.0,0.0,0.0,Track below surface
protons,6.934343434343433,38.86363636363636,0.0,0.0,0.0,0.0,0.0,0.0,Track below surface
protons,6.934343434343433,40.90909090909091,0.0,0.0,0.0,0.0,0.0,0.0,Track below surface
protons,6.934343434343433,42.95454545454545,0.0,0.0,0.0,0.0,0.0,0.0,Track below surface
protons,6.934343434343433,45.0,0.0,0.0,0.0,0.0,0.0,0.0,Track below surface
protons,6.934343434343433,47.04545454545455,0.0,0.0,0.0,0.0,0.0,0.0,Track below surface
protons,6.934343434343433,49.09090909090909,0.0,0.0,0.0,0.0,0.0,0.0,Track below surface
protons,6.934343434343433,51.13636363636363,0.0,0.0,0.0,0.0,0.0,0.0,Track below surface
protons,6.934343434343433,53.18181818181818,0.0,0.0,0.0,0.0,0.0,0.0,Track below surface
protons,6.934343434343433,55.22727272727273,0.0,0.0,0.0,0.0,0.0,0.0,Track below surface
protons,6.934343434343433,57.27272727272727,0.0,0.0,0.0,0.0,0.0,0.0,Track below surface
protons,6.934343434343433,59.31818181818182,0.0,0.0,0.0,0.0,0.0,0.0,Track below surface
protons,6.934343434343433,61.36363636363636,0.0,0.0,0.0,0.0,0.0,0.0,Track below surface
protons,6.934343434343433,63.40909090909091,0.0,0.0,0.0,0.0,0.0,0.0,Track below surface
protons,6.934343434343433,65.45454545454545,0.0,0.0,0.0,0.0,0.0,0.0,Track below surface
protons,6.934343434343433,67.5,0.0,0.0,0.0,0.0,0.0,0.0,Track below surface
protons,6.934343434343433,69.54545454545455,0.0,0.0,0.0,0.0,0.0,0.0,Track below surface
protons,6.934343434343433,71.5909090909091,0.0,0.0,0.0,0.0,0.0,0.0,Track below surface
protons,6.934343434343433,73.63636363636364,0.0,0.0,0.0,0.0,0.0,0.0,Track below surface
protons,6.934343434343433,75.68181818181819,0.0,0.0,0.0,0.0,0.0,0.0,Track below surface
protons,6.934343434343433,77.72727272727272,0.0,0.0,0.0,0.0,0.0,0.0,Track below surface
protons,6.934343434343433,79.77272727272727,0.0,0.0,0.0,0.0,0.0,0.0,Track below surface
protons,6.934343434343433,81.81818181818181,0.013531735043406101,1.979179871127679,0.5147126568028805,1.979178666949667,0.0,0.7861665568707586,Developed
protons,6.934343434343433,83.86363636363636,0.07337534288690328,1.9746567737288443,1.3580136995493388,1.9746557075948892,3.084347646425993e-07,2.116979574778134,Developed
protons,6.934343434343433,85.9090909090909,0.11617533308590211,1.9714348127196561,1.7245452819633356,1.9714314160469169,4.6156025000789114e-07,2.6925926099542314,Developed
protons,6.934343434343433,87.95454545454545,0.14187716352912894,1.9695050319191274,1.910737339425634,1.9694947212089777,6.044084723876295e-07,2.984687215045497,Developed
protons,6.934343434343433,90.0,0.1504512714260695,1.9689046601748714,1.9689046601748714,1.968862327661872,0.0,3.078883998498332,Developed
protons,7.135353535353534,0.0,0.0,0.0,0.0,0.0,0.0,0.0,Angle < Critical
protons,7.135353535353534,2.0454545454545454,0.0,0.0,0.0,0.0,0.0,0.0,Angle < Critical
protons,7.135353535353534,4.090909090909091,0.0,0.0,0.0,0.0,0.0,0.0,Angle < Critical
protons,7.135353535353534,6.136363636363637,0.0,0.0,0.0,0.0,0.0,0.0,Angle < Critical
protons,7.135353535353534,8.181818181818182,0.0,0.0,0.0,0.0,0.0,0.0,Angle < Critical
protons,7.135353535353534,10.227272727272727,0.0,0.0,0.0,0.0,0.0,0.0,Angle < Critical
protons,7.135353535353534,12.272727272727273,0.0,0.0,0.0,0.0,0.0,0.0,Angle < Critical
protons,7.135353535353534,14.318181818181818,0.0,0.0,0.0,0.0,0.0,0.0,Angle < Critical
protons,7.135353535353534,16.363636363636363,0.0,0.0,0.0,0.0,0.0,0.0,Angle < Critical
protons,7.135353535353534,18.40909090909091,0.0,0.0,0.0,0.0,0.0,0.0,Angle < Critical
protons,7.135353535353534,20.454545454545453,0.0,0.0,0.0,0.0,0.0,0.0,Angle < Critical
protons,7.135353535353534,22.5,0.0,0.0,0.0,0.0,0.0,0.0,Angle < Critical
protons,7.135353535353534,24.545454545454547,0.0,0.0,0.0,0.0,0.0,0.0,Angle < Critical
protons,7.135353535353534,26.59090909090909,0.0,0.0,0.0,0.0,0.0,0.0,Angle < Critical
protons,7.135353535353534,28.636363636363637,0.0,0.0,0.0,0.0,0.0,0.0,Track below surface
protons,7.135353535353534,30.68181818181818,0.0,0.0,0.0,0.0,0.0,0.0,Track below surface
protons,7.135353535353534,32.72727272727273,0.0,0.0,0.0,0.0,0.0,0.0,Track below surface
protons,7.135353535353534,34.77272727272727,0.0,0.0,0.0,0.0,0.0,0.0,Track below surface
protons,7.135353535353534,36.81818181818182,0.0,0.0,0.0,0.0,0.0,0.0,Track below surface
protons,7.135353535353534,38.86363636363636,0.0,0.0,0.0,0.0,0.0,0.0,Track below surface
protons,7.135353535353534,40.90909090909091,0.0,0.0,0.0,0.0,0.0,0.0,Track below surface
protons,7.135353535353534,42.95454545454545,0.0,0.0,0.0,0.0,0.0,0.0,Track below surface
protons,7.135353535353534,45.0,0.0,0.0,0.0,0.0,0.0,0.0,Track below surface
protons,7.135353535353534,47.04545454545455,0.0,0.0,0.0,0.0,0.0,0.0,Track below surface
protons,7.135353535353534,49.09090909090909,0.0,0.0,0.0,0.0,0.0,0.0,Track below surface
protons,7.135353535353534,51.13636363636363,0.0,0.0,0.0,0.0,0.0,0.0,Track below surface
protons,7.135353535353534,53.18181818181818,0.0,0.0,0.0,0.0,0.0,0.0,Track below surface
protons,7.135353535353534,55.22727272727273,0.0,0.0,0.0,0.0,0.0,0.0,Track below surface
protons,7.135353535353534,57.27272727272727,0.0,0.0,0.0,0.0,0.0,0.0,Track below surface
protons,7.135353535353534,59.31818181818182,0.0,0.0,0.0,0.0,0.0,0.0,Track below surface
protons,7.135353535353534,61.36363636363636,0.0,0.0,0.0,0.0,0.0,0.0,Track below surface
protons,7.135353535353534,63.40909090909091,0.0,0.0,0.0,0.0,0.0,0.0,Track below surface
protons,7.135353535353534,65.45454545454545,0.0,0.0,0.0,0.0,0.0,0.0,Track below surface
protons,7.135353535353534,67.5,0.0,0.0,0.0,0.0,0.0,0.0,Track below surface
protons,7.135353535353534,69.54545454545455,0.0,0.0,0.0,0.0,0.0,0.0,Track below surface
protons,7.135353535353534,71.5909090909091,0.0,0.0,0.0,0.0,0.0,0.0,Track below surface
protons,7.135353535353534,73.63636363636364,0.0,0.0,0.0,0.0,0.0,0.0,Track below surface
protons,7.135353535353534,75.68181818181819,0.0,0.0,0.0,0.0,0.0,0.0,Track below surface
protons,7.135353535353534,77.72727272727272,0.0,0.0,0.0,0.0,0.0,0.0,Track below surface
protons,7.135353535353534,79.77272727272727,0.0,0.0,0.0,0.0,0.0,0.0,Track below surface
protons,7.135353535353534,81.81818181818181,0.0,0.0,0.0,0.0,0.0,0.0,Track below surface
protons,7.135353535353534,83.86363636363636,0.04712309541232784,1.794441571824511,1.0812770793238777,1.7944403111918286,0.0,1.5284784945813548,Developed
protons,7.135353535353534,85.9090909090909,0.08983907451504436,1.7915277734295183,1.5162027370092968,1.7915274570710633,0.0,2.1470774570635562,Developed
protons,7.135353535353534,87.95454545454545,0.11549045543849878,1.7897825913791983,1.725042247350626,1.7897728628640563,0.0,2.4440821600634535,Developed
protons,7.135353535353534,90.0,0.12419943870431638,1.7914652847773929,1.7914652847773929,1.7892013687647803,0.0,2.5375632497615985,Developed
protons,7.336363636363636,0.0,0.0,0.0,0.0,0.0,0.0,0.0,Angle < Critical
protons,7.336363636363636,2.0454545454545454,0.0,0.0,0.0,0.0,0.0,0.0,Angle < Critical
protons,7.336363636363636,4.090909090909091,0.0,0.0,0.0,0.0,0.0,0.0,Angle < Critical
protons,7.336363636363636,6.136363636363637,0.0,0.0,0.0,0.0,0.0,0.0,Angle < Critical
protons,7.336363636363636,8.181818181818182,0.0,0.0,0.0,0.0,0.0,0.0,Angle < Critical
protons,7.336363636363636,10.227272727272727,0.0,0.0,0.0,0.0,0.0,0.0,Angle < Critical
protons,7.336363636363636,12.272727272727273,0.0,0.0,0.0,0.0,0.0,0.0,Angle < Critical
protons,7.336363636363636,14.318181818181818,0.0,0.0,0.0,0.0,0.0,0.0,Angle < Critical
protons,7.336363636363636,16.363636363636363,0.0,0.0,0.0,0.0,0.0,0.0,Angle < Critical
protons,7.336363636363636,18.40909090909091,0.0,0.0,0.0,0.0,0.0,0.0,Angle < Critical
protons,7.336363636363636,20.454545454545453,0.0,0.0,0.0,0.0,0.0,0.0,Angle < Critical
protons,7.336363636363636,22.5,0.0,0.0,0.0,0.0,0.0,0.0,Angle < Critical
protons,7.336363636363636,24.545454545454547,0.0,0.0,0.0,0.0,0.0,0.0,Angle < Critical
protons,7.336363636363636,26.59090909090909,0.0,0.0,0.0,0.0,0.0,0.0,Angle < Critical
protons,7.336363636363636,28.636363636363637,0.0,0.0,0.0,0.0,0.0,0.0,Track below surface
protons,7.336363636363636,30.68181818181818,0.0,0.0,0.0,0.0,0.0,0.0,Track below surface
protons,7.336363636363636,32.72727272727273,0.0,0.0,0.0,0.0,0.0,0.0,Track below surface
protons,7.336363636363636,34.77272727272727,0.0,0.0,0.0,0.0,0.0,0.0,Track below surface
protons,7.336363636363636,36.81818181818182,0.0,0.0,0.0,0.0,0.0,0.0,Track below surface
protons,7.336363636363636,38.86363636363636,0.0,0.0,0.0,0.0,0.0,0.0,Track below surface
protons,7.336363636363636,40.90909090909091,0.0,0.0,0.0,0.0,0.0,0.0,Track below surface
protons,7.336363636363636,42.95454545454545,0.0,0.0,0.0,0.0,0.0,0.0,Track below surface
protons,7.336363636363636,45.0,0.0,0.0,0.0,0.0,0.0,0.0,Track below surface
protons,7.336363636363636,47.04545454545455,0.0,0.0,0.0,0.0,0.0,0.0,Track below surface
protons,7.336363636363636,49.09090909090909,0.0,0.0,0.0,0.0,0.0,0.0,Track below surface
protons,7.336363636363636,51.13636363636363,0.0,0.0,0.0,0.0,0.0,0.0,Track below surface
protons,7.336363636363636,53.18181818181818,0.0,0.0,0.0,0.0,0.0,0.0,Track below surface
protons,7.336363636363636,55.22727272727273,0.0,0.0,0.0,0.0,0.0,0.0,Track below surface
protons,7.336363636363636,57.27272727272727,0.0,0.0,0.0,0.0,0.0,0.0,Track below surface
protons,7.336363636363636,59.31818181818182,0.0,0.0,0.0,0.0,0.0,0.0,Track below surface
protons,7.336363636363636,61.36363636363636,0.0,0.0,0.0,0.0,0.0,0.0,Track below surface
protons,7.336363636363636,63.40909090909091,0.0,0.0,0.0,0.0,0.0,0.0,Track below surface
protons,7.336363636363636,65.45454545454545,0.0,0.0,0.0,0.0,0.0,0.0,Track below surface
protons,7.336363636363636,67.5,0.0,0.0,0.0,0.0,0.0,0.0,Track below surface
protons,7.336363636363636,69.54545454545455,0.0,0.0,0.0,0.0,0.0,0.0,Track below surface
protons,7.336363636363636,71.5909090909091,0.0,0.0,0.0,0.0,0.0,0.0,Track below surface
protons,7.336363636363636,73.63636363636364,0.0,0.0,0.0,0.0,0.0,0.0,Track below surface
protons,7.336363636363636,75.68181818181819,0.0,0.0,0.0,0.0,0.0,0.0,Track below surface
protons,7.336363636363636,77.72727272727272,0.0,0.0,0.0,0.0,0.0,0.0,Track below surface
protons,7.336363636363636,79.77272727272727,0.0,0.0,0.0,0.0,0.0,0.0,Track below surface
protons,7.336363636363636,81.81818181818181,0.0,0.0,0.0,0.0,0.0,0.0,Track below surface
protons,7.336363636363636,83.86363636363636,0.025198914839942077,1.62756608801318,0.7758780181158179,1.627565136262222,0.0,0.9923066861903239,Developed
protons,7.336363636363636,85.9090909090909,0.06784473330415786,1.6249381378861878,1.3157640950339051,1.624936359638874,0.0,1.68720560504547,Developed
protons,7.336363636363636,87.95454545454545,0.09345398204892952,1.623364108656387,1.551817045002526,1.6233555621221443,0.0,1.9910553922804004,Developed
protons,7.336363636363636,90.0,0.10218693260559952,1.6259511212936528,1.6259511212936528,1.6228398689342314,0.0,2.084122672271591,Developed
protons,7.537373737373737,0.0,0.0,0.0,0.0,0.0,0.0,0.0,Angle < Critical
protons,7.537373737373737,2.0454545454545454,0.0,0.0,0.0,0.0,0.0,0.0,Angle < Critical
protons,7.537373737373737,4.090909090909091,0.0,0.0,0.0,0.0,0.0,0.0,Angle < Critical
protons,7.537373737373737,6.136363636363637,0.0,0.0,0.0,0.0,0.0,0.0,Angle < Critical
protons,7.537373737373737,8.181818181818182,0.0,0.0,0.0,0.0,0.0,0.0,Angle < Critical
protons,7.537373737373737,10.227272727272727,0.0,0.0,0.0,0.0,0.0,0.0,Angle < Critical
protons,7.537373737373737,12.272727272727273,0.0,0.0,0.0,0.0,0.0,0.0,Angle < Critical
protons,7.537373737373737,14.318181818181818,0.0,0.0,0.0,0.0,0.0,0.0,Angle < Critical
protons,7.537373737373737,16.363636363636363,0.0,0.0,0.0,0.0,0.0,0.0,Angle < Critical
protons,7.537373737373737,18.40909090909091,0.0,0.0,0.0,0.0,0.0,0.0,Angle < Critical
protons,7.537373737373737,20.454545454545453,0.0,0.0,0.0,0.0,0.0,0.0,Angle < Critical
protons,7.537373737373737,22.5,0.0,0.0,0.0,0.0,0.0,0.0,Angle < Critical
protons,7.537373737373737,24.545454545454547,0.0,0.0,0.0,0.0,0.0,0.0,Angle < Critical
protons,7.537373737373737,26.59090909090909,0.0,0.0,0.0,0.0,0.0,0.0,Angle < Critical
protons,7.537373737373737,28.636363636363637,0.0,0.0,0.0,0.0,0.0,0.0,Track below surface
protons,7.537373737373737,30.68181818181818,0.0,0.0,0.0,0.0,0.0,0.0,Track below surface
protons,7.537373737373737,32.72727272727273,0.0,0.0,0.0,0.0,0.0,0.0,Track below surface
protons,7.537373737373737,34.77272727272727,0.0,0.0,0.0,0.0,0.0,0.0,Track below surface
protons,7.537373737373737,36.81818181818182,0.0,0.0,0.0,0.0,0.0,0.0,Track below surface
protons,7.537373737373737,38.86363636363636,0.0,0.0,0.0,0.0,0.0,0.0,Track below surface
protons,7.537373737373737,40.90909090909091,0.0,0.0,0.0,0.0,0.0,0.0,Track below surface
protons,7.537373737373737,42.95454545454545,0.0,0.0,0.0,0.0,0.0,0.0,Track below surface
protons,7.537373737373737,45.0,0.0,0.0,0.0,0.0,0.0,0.0,Track below surface
protons,7.537373737373737,47.04545454545455,0.0,0.0,0.0,0.0,0.0,0.0,Track below surface
protons,7.537373737373737,49.09090909090909,0.0,0.0,0.0,0.0,0.0,0.0,Track below surface
protons,7.537373737373737,51.13636363636363,0.0,0.0,0.0,0.0,0.0,0.0,Track below surface
protons,7.537373737373737,53.18181818181818,0.0,0.0,0.0,0.0,0.0,0.0,Track below surface
protons,7.537373737373737,55.22727272727273,0.0,0.0,0.0,0.0,0.0,0.0,Track below surface
protons,7.537373737373737,57.27272727272727,0.0,0.0,0.0,0.0,0.0,0.0,Track below surface
protons,7.537373737373737,59.31818181818182,0.0,0.0,0.0,0.0,0.0,0.0,Track below surface
protons,7.537373737373737,61.36363636363636,0.0,0.0,0.0,0.0,0.0,0.0,Track below surface
protons,7.537373737373737,63.40909090909091,0.0,0.0,0.0,0.0,0.0,0.0,Track below surface
protons,7.537373737373737,65.45454545454545,0.0,0.0,0.0,0.0,0.0,0.0,Track below surface
protons,7.537373737373737,67.5,0.0,0.0,0.0,0.0,0.0,0.0,Track below surface
protons,7.537373737373737,69.54545454545455,0.0,0.0,0.0,0.0,0.0,0.0,Track below surface
protons,7.537373737373737,71.5909090909091,0.0,0.0,0.0,0.0,0.0,0.0,Track below surface
protons,7.537373737373737,73.63636363636364,0.0,0.0,0.0,0.0,0.0,0.0,Track below surface
protons,7.537373737373737,75.68181818181819,0.0,0.0,0.0,0.0,0.0,0.0,Track below surface
protons,7.537373737373737,77.72727272727272,0.0,0.0,0.0,0.0,0.0,0.0,Track below surface
protons,7.537373737373737,79.77272727272727,0.0,0.0,0.0,0.0,0.0,0.0,Track below surface
protons,7.537373737373737,81.81818181818181,0.0,0.0,0.0,0.0,0.0,0.0,Track below surface
protons,7.537373737373737,83.86363636363636,0.006816662767890946,1.4733673723171725,0.36092546219871985,1.4733670465364024,0.0,0.40792376960300175,Developed
protons,7.537373737373737,85.9090909090909,0.049403655291579085,1.4710039334281,1.1206862832723006,1.471002727956114,0.0,1.2991179289703834,Developed
protons,7.537373737373737,87.95454545454545,0.07497757845935737,1.4695885452053918,1.390263504393115,1.4695833935551292,0.0,1.6126715409177592,Developed
protons,7.537373737373737,90.0,0.08356699345227092,1.4702073399094187,1.4702073399094187,1.469117156016641,0.0,1.7055969731259308,Developed
protons,7.738383838383838,0.0,0.0,0.0,0.0,0.0,0.0,0.0,Angle < Critical
protons,7.738383838383838,2.0454545454545454,0.0,0.0,0.0,0.0,0.0,0.0,Angle < Critical
protons,7.738383838383838,4.090909090909091,0.0,0.0,0.0,0.0,0.0,0.0,Angle < Critical
protons,7.738383838383838,6.136363636363637,0.0,0.0,0.0,0.0,0.0,0.0,Angle < Critical
protons,7.738383838383838,8.181818181818182,0.0,0.0,0.0,0.0,0.0,0.0,Angle < Critical
protons,7.738383838383838,10.227272727272727,0.0,0.0,0.0,0.0,0.0,0.0,Angle < Critical
protons,7.738383838383838,12.272727272727273,0.0,0.0,0.0,0.0,0.0,0.0,Angle < Critical
protons,7.738383838383838,14.318181818181818,0.0,0.0,0.0,0.0,0.0,0.0,Angle < Critical
protons,7.738383838383838,16.363636363636363,0.0,0.0,0.0,0.0,0.0,0.0,Angle < Critical
protons,7.738383838383838,18.40909090909091,0.0,0.0,0.0,0.0,0.0,0.0,Angle < Critical
protons,7.738383838383838,20.454545454545453,0.0,0.0,0.0,0.0,0.0,0.0,Angle < Critical
protons,7.738383838383838,22.5,0.0,0.0,0.0,0.0,0.0,0.0,Angle < Critical
protons,7.738383838383838,24.545454545454547,0.0,0.0,0.0,0.0,0.0,0.0,Angle < Critical
protons,7.738383838383838,26.59090909090909,0.0,0.0,0.0,0.0,0.0,0.0,Angle < Critical
protons,7.738383838383838,28.636363636363637,0.0,0.0,0.0,0.0,0.0,0.0,Track below surface
protons,7.738383838383838,30.68181818181818,0.0,0.0,0.0,0.0,0.0,0.0,Track below surface
protons,7.738383838383838,32.72727272727273,0.0,0.0,0.0,0.0,0.0,0.0,Track below surface
protons,7.738383838383838,34.77272727272727,0.0,0.0,0.0,0.0,0.0,0.0,Track below surface
protons,7.738383838383838,36.81818181818182,0.0,0.0,0.0,0.0,0.0,0.0,Track below surface
protons,7.738383838383838,38.86363636363636,0.0,0.0,0.0,0.0,0.0,0.0,Track below surface
protons,7.738383838383838,40.90909090909091,0.0,0.0,0.0,0.0,0.0,0.0,Track below surface
protons,7.738383838383838,42.95454545454545,0.0,0.0,0.0,0.0,0.0,0.0,Track below surface
protons,7.738383838383838,45.0,0.0,0.0,0.0,0.0,0.0,0.0,Track below surface
protons,7.738383838383838,47.04545454545455,0.0,0.0,0.0,0.0,0.0,0.0,Track below surface
protons,7.738383838383838,49.09090909090909,0.0,0.0,0.0,0.0,0.0,0.0,Track below surface
protons,7.738383838383838,51.13636363636363,0.0,0.0,0.0,0.0,0.0,0.0,Track below surface
protons,7.738383838383838,53.18181818181818,0.0,0.0,0.0,0.0,0.0,0.0,Track below surface
protons,7.738383838383838,55.22727272727273,0.0,0.0,0.0,0.0,0.0,0.0,Track below surface
protons,7.738383838383838,57.27272727272727,0.0,0.0,0.0,0.0,0.0,0.0,Track below surface
protons,7.738383838383838,59.31818181818182,0.0,0.0,0.0,0.0,0.0,0.0,Track below surface
protons,7.738383838383838,61.36363636363636,0.0,0.0,0.0,0.0,0.0,0.0,Track below surface
protons,7.738383838383838,63.40909090909091,0.0,0.0,0.0,0.0,0.0,0.0,Track below surface
protons,7.738383838383838,65.45454545454545,0.0,0.0,0.0,0.0,0.0,0.0,Track below surface
protons,7.738383838383838,67.5,0.0,0.0,0.0,0.0,0.0,0.0,Track below surface
protons,7.738383838383838,69.54545454545455,0.0,0.0,0.0,0.0,0.0,0.0,Track below surface
protons,7.738383838383838,71.5909090909091,0.0,0.0,0.0,0.0,0.0,0.0,Track below surface
protons,7.738383838383838,73.63636363636364,0.0,0.0,0.0,0.0,0.0,0.0,Track below surface
protons,7.738383838383838,75.68181818181819,0.0,0.0,0.0,0.0,0.0,0.0,Track below surface
protons,7.738383838383838,77.72727272727272,0.0,0.0,0.0,0.0,0.0,0.0,Track below surface
protons,7.738383838383838,79.77272727272727,0.0,0.0,0.0,0.0,0.0,0.0,Track below surface
protons,7.738383838383838,81.81818181818181,0.0,0.0,0.0,0.0,0.0,0.0,Track below surface
protons,7.738383838383838,83.86363636363636,0.0,0.0,0.0,0.0,0.0,0.0,Track below surface
protons,7.738383838383838,85.9090909090909,0.03400549568028843,1.3289596189310193,0.9269889696111377,1.3289590405529674,0.0,0.9696507408634268,Developed
protons,7.738383838383838,87.95454545454545,0.059549922260472954,1.3276912703008283,1.2394239456675304,1.3276872649094664,0.0,1.2974567427764936,Developed
protons,7.738383838383838,90.0,0.06818023906867587,1.3294780723980844,1.3294780723980844,1.3272688407560147,0.0,1.3905087680565933,Developed
protons,7.939393939393939,0.0,0.0,0.0,0.0,0.0,0.0,0.0,Angle < Critical
protons,7.939393939393939,2.0454545454545454,0.0,0.0,0.0,0.0,0.0,0.0,Angle < Critical
protons,7.939393939393939,4.090909090909091,0.0,0.0,0.0,0.0,0.0,0.0,Angle < Critical
protons,7.939393939393939,6.136363636363637,0.0,0.0,0.0,0.0,0.0,0.0,Angle < Critical
protons,7.939393939393939,8.181818181818182,0.0,0.0,0.0,0.0,0.0,0.0,Angle < Critical
protons,7.939393939393939,10.227272727272727,0.0,0.0,0.0,0.0,0.0,0.0,Angle < Critical
protons,7.939393939393939,12.272727272727273,0.0,0.0,0.0,0.0,0.0,0.0,Angle < Critical
protons,7.939393939393939,14.318181818181818,0.0,0.0,0.0,0.0,0.0,0.0,Angle < Critical
protons,7.939393939393939,16.363636363636363,0.0,0.0,0.0,0.0,0.0,0.0,Angle < Critical
protons,7.939393939393939,18.40909090909091,0.0,0.0,0.0,0.0,0.0,0.0,Angle < Critical
protons,7.939393939393939,20.454545454545453,0.0,0.0,0.0,0.0,0.0,0.0,Angle < Critical
protons,7.939393939393939,22.5,0.0,0.0,0.0,0.0,0.0,0.0,Angle < Critical
protons,7.939393939393939,24.545454545454547,0.0,0.0,0.0,0.0,0.0,0.0,Angle < Critical
protons,7.939393939393939,26.59090909090909,0.0,0.0,0.0,0.0,0.0,0.0,Angle < Critical
protons,7.939393939393939,28.636363636363637,0.0,0.0,0.0,0.0,0.0,0.0,Track below surface
protons,7.939393939393939,30.68181818181818,0.0,0.0,0.0,0.0,0.0,0.0,Track below surface
protons,7.939393939393939,32.72727272727273,0.0,0.0,0.0,0.0,0.0,0.0,Track below surface
protons,7.939393939393939,34.77272727272727,0.0,0.0,0.0,0.0,0.0,0.0,Track below surface
protons,7.939393939393939,36.81818181818182,0.0,0.0,0.0,0.0,0.0,0.0,Track below surface
protons,7.939393939393939,38.86363636363636,0.0,0.0,0.0,0.0,0.0,0.0,Track below surface
protons,7.939393939393939,40.90909090909091,0.0,0.0,0.0,0.0,0.0,0.0,Track below surface
protons,7.939393939393939,42.95454545454545,0.0,0.0,0.0,0.0,0.0,0.0,Track below surface
protons,7.939393939393939,45.0,0.0,0.0,0.0,0.0,0.0,0.0,Track below surface
protons,7.939393939393939,47.04545454545455,0.0,0.0,0.0,0.0,0.0,0.0,Track below surface
protons,7.939393939393939,49.09090909090909,0.0,0.0,0.0,0.0,0.0,0.0,Track below surface
protons,7.939393939393939,51.13636363636363,0.0,0.0,0.0,0.0,0.0,0.0,Track below surface
protons,7.939393939393939,53.18181818181818,0.0,0.0,0.0,0.0,0.0,0.0,Track below surface
protons,7.939393939393939,55.22727272727273,0.0,0.0,0.0,0.0,0.0,0.0,Track below surface
protons,7.939393939393939,57.27272727272727,0.0,0.0,0.0,0.0,0.0,0.0,Track below surface
protons,7.939393939393939,59.31818181818182,0.0,0.0,0.0,0.0,0.0,0.0,Track below surface
protons,7.939393939393939,61.36363636363636,0.0,0.0,0.0,0.0,0.0,0.0,Track below surface
protons,7.939393939393939,63.40909090909091,0.0,0.0,0.0,0.0,0.0,0.0,Track below surface
protons,7.939393939393939,65.45454545454545,0.0,0.0,0.0,0.0,0.0,0.0,Track below surface
protons,7.939393939393939,67.5,0.0,0.0,0.0,0.0,0.0,0.0,Track below surface
protons,7.939393939393939,69.54545454545455,0.0,0.0,0.0,0.0,0.0,0.0,Track below surface
protons,7.939393939393939,71.5909090909091,0.0,0.0,0.0,0.0,0.0,0.0,Track below surface
protons,7.939393939393939,73.63636363636364,0.0,0.0,0.0,0.0,0.0,0.0,Track below surface
protons,7.939393939393939,75.68181818181819,0.0,0.0,0.0,0.0,0.0,0.0,Track below surface
protons,7.939393939393939,77.72727272727272,0.0,0.0,0.0,0.0,0.0,0.0,Track below surface
protons,7.939393939393939,79.77272727272727,0.0,0.0,0.0,0.0,0.0,0.0,Track below surface
protons,7.939393939393939,81.81818181818181,0.0,0.0,0.0,0.0,0.0,0.0,Track below surface
protons,7.939393939393939,83.86363636363636,0.0,0.0,0.0,0.0,0.0,0.0,Track below surface
protons,7.939393939393939,85.9090909090909,0.021289056764453917,1.1980839955572942,0.7276921299268304,1.198083414192919,0.0,0.6854483675713098,Developed
protons,7.939393939393939,87.95454545454545,0.04680912383910041,1.1969519896556056,1.0983246039594128,1.1969506834680046,0.0,1.035596760287153,Developed
protons,7.939393939393939,90.0,0.055424424463968336,1.1988756501518356,1.1988756501518356,1.1965749660824787,0.0,1.1290512341213046,Developed
protons,8.14040404040404,0.0,0.0,0.0,0.0,0.0,0.0,0.0,Angle < Critical
protons,8.14040404040404,2.0454545454545454,0.0,0.0,0.0,0.0,0.0,0.0,Angle < Critical
protons,8.14040404040404,4.090909090909091,0.0,0.0,0.0,0.0,0.0,0.0,Angle < Critical
protons,8.14040404040404,6.136363636363637,0.0,0.0,0.0,0.0,0.0,0.0,Angle < Critical
protons,8.14040404040404,8.181818181818182,0.0,0.0,0.0,0.0,0.0,0.0,Angle < Critical
protons,8.14040404040404,10.227272727272727,0.0,0.0,0.0,0.0,0.0,0.0,Angle < Critical
protons,8.14040404040404,12.272727272727273,0.0,0.0,0.0,0.0,0.0,0.0,Angle < Critical
protons,8.14040404040404,14.318181818181818,0.0,0.0,0.0,0.0,0.0,0.0,Angle < Critical
protons,8.14040404040404,16.363636363636363,0.0,0.0,0.0,0.0,0.0,0.0,Angle < Critical
protons,8.14040404040404,18.40909090909091,0.0,0.0,0.0,0.0,0.0,0.0,Angle < Critical
protons,8.14040404040404,20.454545454545453,0.0,0.0,0.0,0.0,0.0,0.0,Angle < Critical
protons,8.14040404040404,22.5,0.0,0.0,0.0,0.0,0.0,0.0,Angle < Critical
protons,8.14040404040404,24.545454545454547,0.0,0.0,0.0,0.0,0.0,0.0,Angle < Critical
protons,8.14040404040404,26.59090909090909,0.0,0.0,0.0,0.0,0.0,0.0,Angle < Critical
protons,8.14040404040404,28.636363636363637,0.0,0.0,0.0,0.0,0.0,0.0,Track below surface
protons,8.14040404040404,30.68181818181818,0.0,0.0,0.0,0.0,0.0,0.0,Track below surface
protons,8.14040404040404,32.72727272727273,0.0,0.0,0.0,0.0,0.0,0.0,Track below surface
protons,8.14040404040404,34.77272727272727,0.0,0.0,0.0,0.0,0.0,0.0,Track below surface
protons,8.14040404040404,36.81818181818182,0.0,0.0,0.0,0.0,0.0,0.0,Track below surface
protons,8.14040404040404,38.86363636363636,0.0,0.0,0.0,0.0,0.0,0.0,Track below surface
protons,8.14040404040404,40.90909090909091,0.0,0.0,0.0,0.0,0.0,0.0,Track below surface
protons,8.14040404040404,42.95454545454545,0.0,0.0,0.0,0.0,0.0,0.0,Track below surface
protons,8.14040404040404,45.0,0.0,0.0,0.0,0.0,0.0,0.0,Track below surface
protons,8.14040404040404,47.04545454545455,0.0,0.0,0.0,0.0,0.0,0.0,Track below surface
protons,8.14040404040404,49.09090909090909,0.0,0.0,0.0,0.0,0.0,0.0,Track below surface
protons,8.14040404040404,51.13636363636363,0.0,0.0,0.0,0.0,0.0,0.0,Track below surface
protons,8.14040404040404,53.18181818181818,0.0,0.0,0.0,0.0,0.0,0.0,Track below surface
protons,8.14040404040404,55.22727272727273,0.0,0.0,0.0,0.0,0.0,0.0,Track below surface
protons,8.14040404040404,57.27272727272727,0.0,0.0,0.0,0.0,0.0,0.0,Track below surface
protons,8.14040404040404,59.31818181818182,0.0,0.0,0.0,0.0,0.0,0.0,Track below surface
protons,8.14040404040404,61.36363636363636,0.0,0.0,0.0,0.0,0.0,0.0,Track below surface
protons,8.14040404040404,63.40909090909091,0.0,0.0,0.0,0.0,0.0,0.0,Track below surface
protons,8.14040404040404,65.45454545454545,0.0,0.0,0.0,0.0,0.0,0.0,Track below surface
protons,8.14040404040404,67.5,0.0,0.0,0.0,0.0,0.0,0.0,Track below surface
protons,8.14040404040404,69.54545454545455,0.0,0.0,0.0,0.0,0.0,0.0,Track below surface
protons,8.14040404040404,71.5909090909091,0.0,0.0,0.0,0.0,0.0,0.0,Track below surface
protons,8.14040404040404,73.63636363636364,0.0,0.0,0.0,0.0,0.0,0.0,Track below surface
protons,8.14040404040404,75.68181818181819,0.0,0.0,0.0,0.0,0.0,0.0,Track below surface
protons,8.14040404040404,77.72727272727272,0.0,0.0,0.0,0.0,0.0,0.0,Track below surface
protons,8.14040404040404,79.77272727272727,0.0,0.0,0.0,0.0,0.0,0.0,Track below surface
protons,8.14040404040404,81.81818181818181,0.0,0.0,0.0,0.0,0.0,0.0,Track below surface
protons,8.14040404040404,83.86363636363636,0.0,0.0,0.0,0.0,0.0,0.0,Track below surface
protons,8.14040404040404,85.9090909090909,0.010739101049841437,1.0776370233331847,0.5063580682215426,1.0776367652278143,0.0,0.428263065045967,Developed
protons,8.14040404040404,87.95454545454545,0.03623895871630367,1.0766316107759324,0.9658887760398478,1.076629426606142,0.0,0.8185635758629444,Developed
protons,8.14040404040404,90.0,0.044755510955168276,1.0766132253664424,1.0766132253664424,1.0762967278757696,0.0,0.9127405091409514,Developed
protons,8.341414141414141,0.0,0.0,0.0,0.0,0.0,0.0,0.0,Angle < Critical
protons,8.341414141414141,2.0454545454545454,0.0,0.0,0.0,0.0,0.0,0.0,Angle < Critical
protons,8.341414141414141,4.090909090909091,0.0,0.0,0.0,0.0,0.0,0.0,Angle < Critical
protons,8.341414141414141,6.136363636363637,0.0,0.0,0.0,0.0,0.0,0.0,Angle < Critical
protons,8.341414141414141,8.181818181818182,0.0,0.0,0.0,0.0,0.0,0.0,Angle < Critical
protons,8.341414141414141,10.227272727272727,0.0,0.0,0.0,0.0,0.0,0.0,Angle < Critical
protons,8.341414141414141,12.272727272727273,0.0,0.0,0.0,0.0,0.0,0.0,Angle < Critical
protons,8.341414141414141,14.318181818181818,0.0,0.0,0.0,0.0,0.0,0.0,Angle < Critical
protons,8.341414141414141,16.363636363636363,0.0,0.0,0.0,0.0,0.0,0.0,Angle < Critical
protons,8.341414141414141,18.40909090909091,0.0,0.0,0.0,0.0,0.0,0.0,Angle < Critical
protons,8.341414141414141,20.454545454545453,0.0,0.0,0.0,0.0,0.0,0.0,Angle < Critical
protons,8.341414141414141,22.5,0.0,0.0,0.0,0.0,0.0,0.0,Angle < Critical
protons,8.341414141414141,24.545454545454547,0.0,0.0,0.0,0.0,0.0,0.0,Angle < Critical
protons,8.341414141414141,26.59090909090909,0.0,0.0,0.0,0.0,0.0,0.0,Angle < Critical
protons,8.341414141414141,28.636363636363637,0.0,0.0,0.0,0.0,0.0,0.0,Track below surface
protons,8.341414141414141,30.68181818181818,0.0,0.0,0.0,0.0,0.0,0.0,Track below surface
protons,8.341414141414141,32.72727272727273,0.0,0.0,0.0,0.0,0.0,0.0,Track below surface
protons,8.341414141414141,34.77272727272727,0.0,0.0,0.0,0.0,0.0,0.0,Track below surface
protons,8.341414141414141,36.81818181818182,0.0,0.0,0.0,0.0,0.0,0.0,Track below surface
protons,8.341414141414141,38.86363636363636,0.0,0.0,0.0,0.0,0.0,0.0,Track below surface
protons,8.341414141414141,40.90909090909091,0.0,0.0,0.0,0.0,0.0,0.0,Track below surface
protons,8.341414141414141,42.95454545454545,0.0,0.0,0.0,0.0,0.0,0.0,Track below surface
protons,8.341414141414141,45.0,0.0,0.0,0.0,0.0,0.0,0.0,Track below surface
protons,8.341414141414141,47.04545454545455,0.0,0.0,0.0,0.0,0.0,0.0,Track below surface
protons,8.341414141414141,49.09090909090909,0.0,0.0,0.0,0.0,0.0,0.0,Track below surface
protons,8.341414141414141,51.13636363636363,0.0,0.0,0.0,0.0,0.0,0.0,Track below surface
protons,8.341414141414141,53.18181818181818,0.0,0.0,0.0,0.0,0.0,0.0,Track below surface
protons,8.341414141414141,55.22727272727273,0.0,0.0,0.0,0.0,0.0,0.0,Track below surface
protons,8.341414141414141,57.27272727272727,0.0,0.0,0.0,0.0,0.0,0.0,Track below surface
protons,8.341414141414141,59.31818181818182,0.0,0.0,0.0,0.0,0.0,0.0,Track below surface
protons,8.341414141414141,61.36363636363636,0.0,0.0,0.0,0.0,0.0,0.0,Track below surface
protons,8.341414141414141,63.40909090909091,0.0,0.0,0.0,0.0,0.0,0.0,Track below surface
protons,8.341414141414141,65.45454545454545,0.0,0.0,0.0,0.0,0.0,0.0,Track below surface
protons,8.341414141414141,67.5,0.0,0.0,0.0,0.0,0.0,0.0,Track below surface
protons,8.341414141414141,69.54545454545455,0.0,0.0,0.0,0.0,0.0,0.0,Track below surface
protons,8.341414141414141,71.5909090909091,0.0,0.0,0.0,0.0,0.0,0.0,Track below surface
protons,8.341414141414141,73.63636363636364,0.0,0.0,0.0,0.0,0.0,0.0,Track below surface
protons,8.341414141414141,75.68181818181819,0.0,0.0,0.0,0.0,0.0,0.0,Track below surface
protons,8.341414141414141,77.72727272727272,0.0,0.0,0.0,0.0,0.0,0.0,Track below surface
protons,8.341414141414141,79.77272727272727,0.0,0.0,0.0,0.0,0.0,0.0,Track below surface
protons,8.341414141414141,81.81818181818181,0.0,0.0,0.0,0.0,0.0,0.0,Track below surface
protons,8.341414141414141,83.86363636363636,0.0,0.0,0.0,0.0,0.0,0.0,Track below surface
protons,8.341414141414141,85.9090909090909,0.0020245106605276675,0.9669576983788924,0.18322802135942043,0.9669575251498056,0.0,0.12924906741746017,Developed
protons,8.341414141414141,87.95454545454545,0.02750767472949356,0.966069238331929,0.8409777379671818,0.9660672297871433,0.0,0.6391222712885511,Developed
protons,8.341414141414141,90.0,0.03603110292586642,0.9664643965440851,0.9664643965440851,0.965773520066105,0.0,0.7344202904451943,Developed
protons,8.542424242424241,0.0,0.0,0.0,0.0,0.0,0.0,0.0,Angle < Critical
protons,8.542424242424241,2.0454545454545454,0.0,0.0,0.0,0.0,0.0,0.0,Angle < Critical
protons,8.542424242424241,4.090909090909091,0.0,0.0,0.0,0.0,0.0,0.0,Angle < Critical
protons,8.542424242424241,6.136363636363637,0.0,0.0,0.0,0.0,0.0,0.0,Angle < Critical
protons,8.542424242424241,8.181818181818182,0.0,0.0,0.0,0.0,0.0,0.0,Angle < Critical
protons,8.542424242424241,10.227272727272727,0.0,0.0,0.0,0.0,0.0,0.0,Angle < Critical
protons,8.542424242424241,12.272727272727273,0.0,0.0,0.0,0.0,0.0,0.0,Angle < Critical
protons,8.542424242424241,14.318181818181818,0.0,0.0,0.0,0.0,0.0,0.0,Angle < Critical
protons,8.542424242424241,16.363636363636363,0.0,0.0,0.0,0.0,0.0,0.0,Angle < Critical
protons,8.542424242424241,18.40909090909091,0.0,0.0,0.0,0.0,0.0,0.0,Angle < Critical
protons,8.542424242424241,20.454545454545453,0.0,0.0,0.0,0.0,0.0,0.0,Angle < Critical
protons,8.542424242424241,22.5,0.0,0.0,0.0,0.0,0.0,0.0,Angle < Critical
protons,8.542424242424241,24.545454545454547,0.0,0.0,0.0,0.0,0.0,0.0,Angle < Critical
protons,8.542424242424241,26.59090909090909,0.0,0.0,0.0,0.0,0.0,0.0,Angle < Critical
protons,8.542424242424241,28.636363636363637,0.0,0.0,0.0,0.0,0.0,0.0,Track below surface
protons,8.542424242424241,30.68181818181818,0.0,0.0,0.0,0.0,0.0,0.0,Track below surface
protons,8.542424242424241,32.72727272727273,0.0,0.0,0.0,0.0,0.0,0.0,Track below surface
protons,8.542424242424241,34.77272727272727,0.0,0.0,0.0,0.0,0.0,0.0,Track below surface
protons,8.542424242424241,36.81818181818182,0.0,0.0,0.0,0.0,0.0,0.0,Track below surface
protons,8.542424242424241,38.86363636363636,0.0,0.0,0.0,0.0,0.0,0.0,Track below surface
protons,8.542424242424241,40.90909090909091,0.0,0.0,0.0,0.0,0.0,0.0,Track below surface
protons,8.542424242424241,42.95454545454545,0.0,0.0,0.0,0.0,0.0,0.0,Track below surface
protons,8.542424242424241,45.0,0.0,0.0,0.0,0.0,0.0,0.0,Track below surface
protons,8.542424242424241,47.04545454545455,0.0,0.0,0.0,0.0,0.0,0.0,Track below surface
protons,8.542424242424241,49.09090909090909,0.0,0.0,0.0,0.0,0.0,0.0,Track below surface
protons,8.542424242424241,51.13636363636363,0.0,0.0,0.0,0.0,0.0,0.0,Track below surface
protons,8.542424242424241,53.18181818181818,0.0,0.0,0.0,0.0,0.0,0.0,Track below surface
protons,8.542424242424241,55.22727272727273,0.0,0.0,0.0,0.0,0.0,0.0,Track below surface
protons,8.542424242424241,57.27272727272727,0.0,0.0,0.0,0.0,0.0,0.0,Track below surface
protons,8.542424242424241,59.31818181818182,0.0,0.0,0.0,0.0,0.0,0.0,Track below surface
protons,8.542424242424241,61.36363636363636,0.0,0.0,0.0,0.0,0.0,0.0,Track below surface
protons,8.542424242424241,63.40909090909091,0.0,0.0,0.0,0.0,0.0,0.0,Track below surface
protons,8.542424242424241,65.45454545454545,0.0,0.0,0.0,0.0,0.0,0.0,Track below surface
protons,8.542424242424241,67.5,0.0,0.0,0.0,0.0,0.0,0.0,Track below surface
protons,8.542424242424241,69.54545454545455,0.0,0.0,0.0,0.0,0.0,0.0,Track below surface
protons,8.542424242424241,71.5909090909091,0.0,0.0,0.0,0.0,0.0,0.0,Track below surface
protons,8.542424242424241,73.63636363636364,0.0,0.0,0.0,0.0,0.0,0.0,Track below surface
protons,8.542424242424241,75.68181818181819,0.0,0.0,0.0,0.0,0.0,0.0,Track below surface
protons,8.542424242424241,77.72727272727272,0.0,0.0,0.0,0.0,0.0,0.0,Track below surface
protons,8.542424242424241,79.77272727272727,0.0,0.0,0.0,0.0,0.0,0.0,Track below surface
protons,8.542424242424241,81.81818181818181,0.0,0.0,0.0,0.0,0.0,0.0,Track below surface
protons,8.542424242424241,83.86363636363636,0.0,0.0,0.0,0.0,0.0,0.0,Track below surface
protons,8.542424242424241,85.9090909090909,0.0,0.0,0.0,0.0,0.0,0.0,Track below surface
protons,8.542424242424241,87.95454545454545,0.020344518121456545,0.8648896334047913,0.7225748382395775,0.8648886396077202,0.0,0.49137217233168307,Developed
protons,8.542424242424241,90.0,0.028872155137744215,0.8656685738794813,0.8656685738794813,0.8646302799718393,0.0,0.5883245715807984,Developed
protons,8.743434343434343,0.0,0.0,0.0,0.0,0.0,0.0,0.0,Angle < Critical
protons,8.743434343434343,2.0454545454545454,0.0,0.0,0.0,0.0,0.0,0.0,Angle < Critical
protons,8.743434343434343,4.090909090909091,0.0,0.0,0.0,0.0,0.0,0.0,Angle < Critical
protons,8.743434343434343,6.136363636363637,0.0,0.0,0.0,0.0,0.0,0.0,Angle < Critical
protons,8.743434343434343,8.181818181818182,0.0,0.0,0.0,0.0,0.0,0.0,Angle < Critical
protons,8.743434343434343,10.227272727272727,0.0,0.0,0.0,0.0,0.0,0.0,Angle < Critical
protons,8.743434343434343,12.272727272727273,0.0,0.0,0.0,0.0,0.0,0.0,Angle < Critical
protons,8.743434343434343,14.318181818181818,0.0,0.0,0.0,0.0,0.0,0.0,Angle < Critical
protons,8.743434343434343,16.363636363636363,0.0,0.0,0.0,0.0,0.0,0.0,Angle < Critical
protons,8.743434343434343,18.40909090909091,0.0,0.0,0.0,0.0,0.0,0.0,Angle < Critical
protons,8.743434343434343,20.454545454545453,0.0,0.0,0.0,0.0,0.0,0.0,Angle < Critical
protons,8.743434343434343,22.5,0.0,0.0,0.0,0.0,0.0,0.0,Angle < Critical
protons,8.743434343434343,24.545454545454547,0.0,0.0,0.0,0.0,0.0,0.0,Angle < Critical
protons,8.743434343434343,26.59090909090909,0.0,0.0,0.0,0.0,0.0,0.0,Angle < Critical
protons,8.743434343434343,28.636363636363637,0.0,0.0,0.0,0.0,0.0,0.0,Track below surface
protons,8.743434343434343,30.68181818181818,0.0,0.0,0.0,0.0,0.0,0.0,Track below surface
protons,8.743434343434343,32.72727272727273,0.0,0.0,0.0,0.0,0.0,0.0,Track below surface
protons,8.743434343434343,34.77272727272727,0.0,0.0,0.0,0.0,0.0,0.0,Track below surface
protons,8.743434343434343,36.81818181818182,0.0,0.0,0.0,0.0,0.0,0.0,Track below surface
protons,8.743434343434343,38.86363636363636,0.0,0.0,0.0,0.0,0.0,0.0,Track below surface
protons,8.743434343434343,40.90909090909091,0.0,0.0,0.0,0.0,0.0,0.0,Track below surface
protons,8.743434343434343,42.95454545454545,0.0,0.0,0.0,0.0,0.0,0.0,Track below surface
protons,8.743434343434343,45.0,0.0,0.0,0.0,0.0,0.0,0.0,Track below surface
protons,8.743434343434343,47.04545454545455,0.0,0.0,0.0,0.0,0.0,0.0,Track below surface
protons,8.743434343434343,49.09090909090909,0.0,0.0,0.0,0.0,0.0,0.0,Track below surface
protons,8.743434343434343,51.13636363636363,0.0,0.0,0.0,0.0,0.0,0.0,Track below surface
protons,8.743434343434343,53.18181818181818,0.0,0.0,0.0,0.0,0.0,0.0,Track below surface
protons,8.743434343434343,55.22727272727273,0.0,0.0,0.0,0.0,0.0,0.0,Track below surface
protons,8.743434343434343,57.27272727272727,0.0,0.0,0.0,0.0,0.0,0.0,Track below surface
protons,8.743434343434343,59.31818181818182,0.0,0.0,0.0,0.0,0.0,0.0,Track below surface
protons,8.743434343434343,61.36363636363636,0.0,0.0,0.0,0.0,0.0,0.0,Track below surface
protons,8.743434343434343,63.40909090909091,0.0,0.0,0.0,0.0,0.0,0.0,Track below surface
protons,8.743434343434343,65.45454545454545,0.0,0.0,0.0,0.0,0.0,0.0,Track below surface
protons,8.743434343434343,67.5,0.0,0.0,0.0,0.0,0.0,0.0,Track below surface
protons,8.743434343434343,69.54545454545455,0.0,0.0,0.0,0.0,0.0,0.0,Track below surface
protons,8.743434343434343,71.5909090909091,0.0,0.0,0.0,0.0,0.0,0.0,Track below surface
protons,8.743434343434343,73.63636363636364,0.0,0.0,0.0,0.0,0.0,0.0,Track below surface
protons,8.743434343434343,75.68181818181819,0.0,0.0,0.0,0.0,0.0,0.0,Track below surface
protons,8.743434343434343,77.72727272727272,0.0,0.0,0.0,0.0,0.0,0.0,Track below surface
protons,8.743434343434343,79.77272727272727,0.0,0.0,0.0,0.0,0.0,0.0,Track below surface
protons,8.743434343434343,81.81818181818181,0.0,0.0,0.0,0.0,0.0,0.0,Track below surface
protons,8.743434343434343,83.86363636363636,0.0,0.0,0.0,0.0,0.0,0.0,Track below surface
protons,8.743434343434343,85.9090909090909,0.0,0.0,0.0,0.0,0.0,0.0,Track below surface
protons,8.743434343434343,87.95454545454545,0.014542186696472115,0.7726643627258767,0.6092585665580588,0.772663799170453,0.0,0.3699787047806523,Developed
protons,8.743434343434343,90.0,0.02305385359187717,0.7731842346164545,0.7731842346164545,0.7724387768434295,0.0,0.4693434187568382,Developed
protons,8.944444444444443,0.0,0.0,0.0,0.0,0.0,0.0,0.0,Angle < Critical
protons,8.944444444444443,2.0454545454545454,0.0,0.0,0.0,0.0,0.0,0.0,Angle < Critical
protons,8.944444444444443,4.090909090909091,0.0,0.0,0.0,0.0,0.0,0.0,Angle < Critical
protons,8.944444444444443,6.136363636363637,0.0,0.0,0.0,0.0,0.0,0.0,Angle < Critical
protons,8.944444444444443,8.181818181818182,0.0,0.0,0.0,0.0,0.0,0.0,Angle < Critical
protons,8.944444444444443,10.227272727272727,0.0,0.0,0.0,0.0,0.0,0.0,Angle < Critical
protons,8.944444444444443,12.272727272727273,0.0,0.0,0.0,0.0,0.0,0.0,Angle < Critical
protons,8.944444444444443,14.318181818181818,0.0,0.0,0.0,0.0,0.0,0.0,Angle < Critical
protons,8.944444444444443,16.363636363636363,0.0,0.0,0.0,0.0,0.0,0.0,Angle < Critical
protons,8.944444444444443,18.40909090909091,0.0,0.0,0.0,0.0,0.0,0.0,Angle < Critical
protons,8.944444444444443,20.454545454545453,0.0,0.0,0.0,0.0,0.0,0.0,Angle < Critical
protons,8.944444444444443,22.5,0.0,0.0,0.0,0.0,0.0,0.0,Angle < Critical
protons,8.944444444444443,24.545454545454547,0.0,0.0,0.0,0.0,0.0,0.0,Angle < Critical
protons,8.944444444444443,26.59090909090909,0.0,0.0,0.0,0.0,0.0,0.0,Angle < Critical
protons,8.944444444444443,28.636363636363637,0.0,0.0,0.0,0.0,0.0,0.0,Track below surface
protons,8.944444444444443,30.68181818181818,0.0,0.0,0.0,0.0,0.0,0.0,Track below surface
protons,8.944444444444443,32.72727272727273,0.0,0.0,0.0,0.0,0.0,0.0,Track below surface
protons,8.944444444444443,34.77272727272727,0.0,0.0,0.0,0.0,0.0,0.0,Track below surface
protons,8.944444444444443,36.81818181818182,0.0,0.0,0.0,0.0,0.0,0.0,Track below surface
protons,8.944444444444443,38.86363636363636,0.0,0.0,0.0,0.0,0.0,0.0,Track below surface
protons,8.944444444444443,40.90909090909091,0.0,0.0,0.0,0.0,0.0,0.0,Track below surface
protons,8.944444444444443,42.95454545454545,0.0,0.0,0.0,0.0,0.0,0.0,Track below surface
protons,8.944444444444443,45.0,0.0,0.0,0.0,0.0,0.0,0.0,Track below surface
protons,8.944444444444443,47.04545454545455,0.0,0.0,0.0,0.0,0.0,0.0,Track below surface
protons,8.944444444444443,49.09090909090909,0.0,0.0,0.0,0.0,0.0,0.0,Track below surface
protons,8.944444444444443,51.13636363636363,0.0,0.0,0.0,0.0,0.0,0.0,Track below surface
protons,8.944444444444443,53.18181818181818,0.0,0.0,0.0,0.0,0.0,0.0,Track below surface
protons,8.944444444444443,55.22727272727273,0.0,0.0,0.0,0.0,0.0,0.0,Track below surface
protons,8.944444444444443,57.27272727272727,0.0,0.0,0.0,0.0,0.0,0.0,Track below surface
protons,8.944444444444443,59.31818181818182,0.0,0.0,0.0,0.0,0.0,0.0,Track below surface
protons,8.944444444444443,61.36363636363636,0.0,0.0,0.0,0.0,0.0,0.0,Track below surface
protons,8.944444444444443,63.40909090909091,0.0,0.0,0.0,0.0,0.0,0.0,Track below surface
protons,8.944444444444443,65.45454545454545,0.0,0.0,0.0,0.0,0.0,0.0,Track below surface
protons,8.944444444444443,67.5,0.0,0.0,0.0,0.0,0.0,0.0,Track below surface
protons,8.944444444444443,69.54545454545455,0.0,0.0,0.0,0.0,0.0,0.0,Track below surface
protons,8.944444444444443,71.5909090909091,0.0,0.0,0.0,0.0,0.0,0.0,Track below surface
protons,8.944444444444443,73.63636363636364,0.0,0.0,0.0,0.0,0.0,0.0,Track below surface
protons,8.944444444444443,75.68181818181819,0.0,0.0,0.0,0.0,0.0,0.0,Track below surface
protons,8.944444444444443,77.72727272727272,0.0,0.0,0.0,0.0,0.0,0.0,Track below surface
protons,8.944444444444443,79.77272727272727,0.0,0.0,0.0,0.0,0.0,0.0,Track below surface
protons,8.944444444444443,81.81818181818181,0.0,0.0,0.0,0.0,0.0,0.0,Track below surface
protons,8.944444444444443,83.86363636363636,0.0,0.0,0.0,0.0,0.0,0.0,Track below surface
protons,8.944444444444443,85.9090909090909,0.0,0.0,0.0,0.0,0.0,0.0,Track below surface
protons,8.944444444444443,87.95454545454545,0.009804626735869348,0.6889139810532886,0.4988774322117964,0.6889134223426244,0.0,0.26999526899743365,Developed
protons,8.944444444444443,90.0,0.018319332824862755,0.6897870172218237,0.6897870172218237,0.6887197711341703,0.0,0.3729816893326258,Developed
protons,9.145454545454545,0.0,0.0,0.0,0.0,0.0,0.0,0.0,Angle < Critical
protons,9.145454545454545,2.0454545454545454,0.0,0.0,0.0,0.0,0.0,0.0,Angle < Critical
protons,9.145454545454545,4.090909090909091,0.0,0.0,0.0,0.0,0.0,0.0,Angle < Critical
protons,9.145454545454545,6.136363636363637,0.0,0.0,0.0,0.0,0.0,0.0,Angle < Critical
protons,9.145454545454545,8.181818181818182,0.0,0.0,0.0,0.0,0.0,0.0,Angle < Critical
protons,9.145454545454545,10.227272727272727,0.0,0.0,0.0,0.0,0.0,0.0,Angle < Critical
protons,9.145454545454545,12.272727272727273,0.0,0.0,0.0,0.0,0.0,0.0,Angle < Critical
protons,9.145454545454545,14.318181818181818,0.0,0.0,0.0,0.0,0.0,0.0,Angle < Critical
protons,9.145454545454545,16.363636363636363,0.0,0.0,0.0,0.0,0.0,0.0,Angle < Critical
protons,9.145454545454545,18.40909090909091,0.0,0.0,0.0,0.0,0.0,0.0,Angle < Critical
protons,9.145454545454545,20.454545454545453,0.0,0.0,0.0,0.0,0.0,0.0,Angle < Critical
protons,9.145454545454545,22.5,0.0,0.0,0.0,0.0,0.0,0.0,Angle < Critical
protons,9.145454545454545,24.545454545454547,0.0,0.0,0.0,0.0,0.0,0.0,Angle < Critical
protons,9.145454545454545,26.59090909090909,0.0,0.0,0.0,0.0,0.0,0.0,Angle < Critical
protons,9.145454545454545,28.636363636363637,0.0,0.0,0.0,0.0,0.0,0.0,Track below surface
protons,9.145454545454545,30.68181818181818,0.0,0.0,0.0,0.0,0.0,0.0,Track below surface
protons,9.145454545454545,32.72727272727273,0.0,0.0,0.0,0.0,0.0,0.0,Track below surface
protons,9.145454545454545,34.77272727272727,0.0,0.0,0.0,0.0,0.0,0.0,Track below surface
protons,9.145454545454545,36.81818181818182,0.0,0.0,0.0,0.0,0.0,0.0,Track below surface
protons,9.145454545454545,38.86363636363636,0.0,0.0,0.0,0.0,0.0,0.0,Track below surface
protons,9.145454545454545,40.90909090909091,0.0,0.0,0.0,0.0,0.0,0.0,Track below surface
protons,9.145454545454545,42.95454545454545,0.0,0.0,0.0,0.0,0.0,0.0,Track below surface
protons,9.145454545454545,45.0,0.0,0.0,0.0,0.0,0.0,0.0,Track below surface
protons,9.145454545454545,47.04545454545455,0.0,0.0,0.0,0.0,0.0,0.0,Track below surface
protons,9.145454545454545,49.09090909090909,0.0,0.0,0.0,0.0,0.0,0.0,Track below surface
protons,9.145454545454545,51.13636363636363,0.0,0.0,0.0,0.0,0.0,0.0,Track below surface
protons,9.145454545454545,53.18181818181818,0.0,0.0,0.0,0.0,0.0,0.0,Track below surface
protons,9.145454545454545,55.22727272727273,0.0,0.0,0.0,0.0,0.0,0.0,Track below surface
protons,9.145454545454545,57.27272727272727,0.0,0.0,0.0,0.0,0.0,0.0,Track below surface
protons,9.145454545454545,59.31818181818182,0.0,0.0,0.0,0.0,0.0,0.0,Track below surface
protons,9.145454545454545,61.36363636363636,0.0,0.0,0.0,0.0,0.0,0.0,Track below surface
protons,9.145454545454545,63.40909090909091,0.0,0.0,0.0,0.0,0.0,0.0,Track below surface
protons,9.145454545454545,65.45454545454545,0.0,0.0,0.0,0.0,0.0,0.0,Track below surface
protons,9.145454545454545,67.5,0.0,0.0,0.0,0.0,0.0,0.0,Track below surface
protons,9.145454545454545,69.54545454545455,0.0,0.0,0.0,0.0,0.0,0.0,Track below surface
protons,9.145454545454545,71.5909090909091,0.0,0.0,0.0,0.0,0.0,0.0,Track below surface
protons,9.145454545454545,73.63636363636364,0.0,0.0,0.0,0.0,0.0,0.0,Track below surface
protons,9.145454545454545,75.68181818181819,0.0,0.0,0.0,0.0,0.0,0.0,Track below surface
protons,9.145454545454545,77.72727272727272,0.0,0.0,0.0,0.0,0.0,0.0,Track below surface
protons,9.145454545454545,79.77272727272727,0.0,0.0,0.0,0.0,0.0,0.0,Track below surface
protons,9.145454545454545,81.81818181818181,0.0,0.0,0.0,0.0,0.0,0.0,Track below surface
protons,9.145454545454545,83.86363636363636,0.0,0.0,0.0,0.0,0.0,0.0,Track below surface
protons,9.145454545454545,85.9090909090909,0.0,0.0,0.0,0.0,0.0,0.0,Track below surface
protons,9.145454545454545,87.95454545454545,0.006008434841662691,0.6130756513325228,0.3875866369315952,0.6130752645351953,0.0,0.1865773773793713,Developed
protons,9.145454545454545,90.0,0.014512688400783347,0.6137660073619471,0.6137660073619471,0.6129107146632486,0.0,0.29530238239006545,Developed
protons,9.346464646464646,0.0,0.0,0.0,0.0,0.0,0.0,0.0,Angle < Critical
protons,9.346464646464646,2.0454545454545454,0.0,0.0,0.0,0.0,0.0,0.0,Angle < Critical
protons,9.346464646464646,4.090909090909091,0.0,0.0,0.0,0.0,0.0,0.0,Angle < Critical
protons,9.346464646464646,6.136363636363637,0.0,0.0,0.0,0.0,0.0,0.0,Angle < Critical
protons,9.346464646464646,8.181818181818182,0.0,0.0,0.0,0.0,0.0,0.0,Angle < Critical
protons,9.346464646464646,10.227272727272727,0.0,0.0,0.0,0.0,0.0,0.0,Angle < Critical
protons,9.346464646464646,12.272727272727273,0.0,0.0,0.0,0.0,0.0,0.0,Angle < Critical
protons,9.346464646464646,14.318181818181818,0.0,0.0,0.0,0.0,0.0,0.0,Angle < Critical
protons,9.346464646464646,16.363636363636363,0.0,0.0,0.0,0.0,0.0,0.0,Angle < Critical
protons,9.346464646464646,18.40909090909091,0.0,0.0,0.0,0.0,0.0,0.0,Angle < Critical
protons,9.346464646464646,20.454545454545453,0.0,0.0,0.0,0.0,0.0,0.0,Angle < Critical
protons,9.346464646464646,22.5,0.0,0.0,0.0,0.0,0.0,0.0,Angle < Critical
protons,9.346464646464646,24.545454545454547,0.0,0.0,0.0,0.0,0.0,0.0,Angle < Critical
protons,9.346464646464646,26.59090909090909,0.0,0.0,0.0,0.0,0.0,0.0,Angle < Critical
protons,9.346464646464646,28.636363636363637,0.0,0.0,0.0,0.0,0.0,0.0,Track below surface
protons,9.346464646464646,30.68181818181818,0.0,0.0,0.0,0.0,0.0,0.0,Track below surface
protons,9.346464646464646,32.72727272727273,0.0,0.0,0.0,0.0,0.0,0.0,Track below surface
protons,9.346464646464646,34.77272727272727,0.0,0.0,0.0,0.0,0.0,0.0,Track below surface
protons,9.346464646464646,36.81818181818182,0.0,0.0,0.0,0.0,0.0,0.0,Track below surface
protons,9.346464646464646,38.86363636363636,0.0,0.0,0.0,0.0,0.0,0.0,Track below surface
protons,9.346464646464646,40.90909090909091,0.0,0.0,0.0,0.0,0.0,0.0,Track below surface
protons,9.346464646464646,42.95454545454545,0.0,0.0,0.0,0.0,0.0,0.0,Track below surface
protons,9.346464646464646,45.0,0.0,0.0,0.0,0.0,0.0,0.0,Track below surface
protons,9.346464646464646,47.04545454545455,0.0,0.0,0.0,0.0,0.0,0.0,Track below surface
protons,9.346464646464646,49.09090909090909,0.0,0.0,0.0,0.0,0.0,0.0,Track below surface
protons,9.346464646464646,51.13636363636363,0.0,0.0,0.0,0.0,0.0,0.0,Track below surface
protons,9.346464646464646,53.18181818181818,0.0,0.0,0.0,0.0,0.0,0.0,Track below surface
protons,9.346464646464646,55.22727272727273,0.0,0.0,0.0,0.0,0.0,0.0,Track below surface
protons,9.346464646464646,57.27272727272727,0.0,0.0,0.0,0.0,0.0,0.0,Track below surface
protons,9.346464646464646,59.31818181818182,0.0,0.0,0.0,0.0,0.0,0.0,Track below surface
protons,9.346464646464646,61.36363636363636,0.0,0.0,0.0,0.0,0.0,0.0,Track below surface
protons,9.346464646464646,63.40909090909091,0.0,0.0,0.0,0.0,0.0,0.0,Track below surface
protons,9.346464646464646,65.45454545454545,0.0,0.0,0.0,0.0,0.0,0.0,Track below surface
protons,9.346464646464646,67.5,0.0,0.0,0.0,0.0,0.0,0.0,Track below surface
protons,9.346464646464646,69.54545454545455,0.0,0.0,0.0,0.0,0.0,0.0,Track below surface
protons,9.346464646464646,71.5909090909091,0.0,0.0,0.0,0.0,0.0,0.0,Track below surface
protons,9.346464646464646,73.63636363636364,0.0,0.0,0.0,0.0,0.0,0.0,Track below surface
protons,9.346464646464646,75.68181818181819,0.0,0.0,0.0,0.0,0.0,0.0,Track below surface
protons,9.346464646464646,77.72727272727272,0.0,0.0,0.0,0.0,0.0,0.0,Track below surface
protons,9.346464646464646,79.77272727272727,0.0,0.0,0.0,0.0,0.0,0.0,Track below surface
protons,9.346464646464646,81.81818181818181,0.0,0.0,0.0,0.0,0.0,0.0,Track below surface
protons,9.346464646464646,83.86363636363636,0.0,0.0,0.0,0.0,0.0,0.0,Track below surface
protons,9.346464646464646,85.9090909090909,0.0,0.0,0.0,0.0,0.0,0.0,Track below surface
protons,9.346464646464646,87.95454545454545,0.0029517160534862086,0.5444443231125797,0.26625315496815855,0.5444441636470168,0.0,0.11364958777136482,Developed
protons,9.346464646464646,90.0,0.011448399784393715,0.5449988653906584,0.5449988653906584,0.5443068671954195,0.0,0.23283675402254836,Developed
protons,9.547474747474746,0.0,0.0,0.0,0.0,0.0,0.0,0.0,Angle < Critical
protons,9.547474747474746,2.0454545454545454,0.0,0.0,0.0,0.0,0.0,0.0,Angle < Critical
protons,9.547474747474746,4.090909090909091,0.0,0.0,0.0,0.0,0.0,0.0,Angle < Critical
protons,9.547474747474746,6.136363636363637,0.0,0.0,0.0,0.0,0.0,0.0,Angle < Critical
protons,9.547474747474746,8.181818181818182,0.0,0.0,0.0,0.0,0.0,0.0,Angle < Critical
protons,9.547474747474746,10.227272727272727,0.0,0.0,0.0,0.0,0.0,0.0,Angle < Critical
protons,9.547474747474746,12.272727272727273,0.0,0.0,0.0,0.0,0.0,0.0,Angle < Critical
protons,9.547474747474746,14.318181818181818,0.0,0.0,0.0,0.0,0.0,0.0,Angle < Critical
protons,9.547474747474746,16.363636363636363,0.0,0.0,0.0,0.0,0.0,0.0,Angle < Critical
protons,9.547474747474746,18.40909090909091,0.0,0.0,0.0,0.0,0.0,0.0,Angle < Critical
protons,9.547474747474746,20.454545454545453,0.0,0.0,0.0,0.0,0.0,0.0,Angle < Critical
protons,9.547474747474746,22.5,0.0,0.0,0.0,0.0,0.0,0.0,Angle < Critical
protons,9.547474747474746,24.545454545454547,0.0,0.0,0.0,0.0,0.0,0.0,Angle < Critical
protons,9.547474747474746,26.59090909090909,0.0,0.0,0.0,0.0,0.0,0.0,Angle < Critical
protons,9.547474747474746,28.636363636363637,0.0,0.0,0.0,0.0,0.0,0.0,Track below surface
protons,9.547474747474746,30.68181818181818,0.0,0.0,0.0,0.0,0.0,0.0,Track below surface
protons,9.547474747474746,32.72727272727273,0.0,0.0,0.0,0.0,0.0,0.0,Track below surface
protons,9.547474747474746,34.77272727272727,0.0,0.0,0.0,0.0,0.0,0.0,Track below surface
protons,9.547474747474746,36.81818181818182,0.0,0.0,0.0,0.0,0.0,0.0,Track below surface
protons,9.547474747474746,38.86363636363636,0.0,0.0,0.0,0.0,0.0,0.0,Track below surface
protons,9.547474747474746,40.90909090909091,0.0,0.0,0.0,0.0,0.0,0.0,Track below surface
protons,9.547474747474746,42.95454545454545,0.0,0.0,0.0,0.0,0.0,0.0,Track below surface
protons,9.547474747474746,45.0,0.0,0.0,0.0,0.0,0.0,0.0,Track below surface
protons,9.547474747474746,47.04545454545455,0.0,0.0,0.0,0.0,0.0,0.0,Track below surface
protons,9.547474747474746,49.09090909090909,0.0,0.0,0.0,0.0,0.0,0.0,Track below surface
protons,9.547474747474746,51.13636363636363,0.0,0.0,0.0,0.0,0.0,0.0,Track below surface
protons,9.547474747474746,53.18181818181818,0.0,0.0,0.0,0.0,0.0,0.0,Track below surface
protons,9.547474747474746,55.22727272727273,0.0,0.0,0.0,0.0,0.0,0.0,Track below surface
protons,9.547474747474746,57.27272727272727,0.0,0.0,0.0,0.0,0.0,0.0,Track below surface
protons,9.547474747474746,59.31818181818182,0.0,0.0,0.0,0.0,0.0,0.0,Track below surface
protons,9.547474747474746,61.36363636363636,0.0,0.0,0.0,0.0,0.0,0.0,Track below surface
protons,9.547474747474746,63.40909090909091,0.0,0.0,0.0,0.0,0.0,0.0,Track below surface
protons,9.547474747474746,65.45454545454545,0.0,0.0,0.0,0.0,0.0,0.0,Track below surface
protons,9.547474747474746,67.5,0.0,0.0,0.0,0.0,0.0,0.0,Track below surface
protons,9.547474747474746,69.54545454545455,0.0,0.0,0.0,0.0,0.0,0.0,Track below surface
protons,9.547474747474746,71.5909090909091,0.0,0.0,0.0,0.0,0.0,0.0,Track below surface
protons,9.547474747474746,73.63636363636364,0.0,0.0,0.0,0.0,0.0,0.0,Track below surface
protons,9.547474747474746,75.68181818181819,0.0,0.0,0.0,0.0,0.0,0.0,Track below surface
protons,9.547474747474746,77.72727272727272,0.0,0.0,0.0,0.0,0.0,0.0,Track below surface
protons,9.547474747474746,79.77272727272727,0.0,0.0,0.0,0.0,0.0,0.0,Track below surface
protons,9.547474747474746,81.81818181818181,0.0,0.0,0.0,0.0,0.0,0.0,Track below surface
protons,9.547474747474746,83.86363636363636,0.0,0.0,0.0,0.0,0.0,0.0,Track below surface
protons,9.547474747474746,85.9090909090909,0.0,0.0,0.0,0.0,0.0,0.0,Track below surface
protons,9.547474747474746,87.95454545454545,0.0004855231584262043,0.48242586507034474,0.08949303232843424,0.4824255757939848,0.0,0.030524040085926577,Developed
protons,9.547474747474746,90.0,0.008983549648682754,0.48325311060560977,0.48325311060560977,0.4823133335740977,0.0,0.18277710512725961,Developed
protons,9.748484848484848,0.0,0.0,0.0,0.0,0.0,0.0,0.0,Angle < Critical
protons,9.748484848484848,2.0454545454545454,0.0,0.0,0.0,0.0,0.0,0.0,Angle < Critical
protons,9.748484848484848,4.090909090909091,0.0,0.0,0.0,0.0,0.0,0.0,Angle < Critical
protons,9.748484848484848,6.136363636363637,0.0,0.0,0.0,0.0,0.0,0.0,Angle < Critical
protons,9.748484848484848,8.181818181818182,0.0,0.0,0.0,0.0,0.0,0.0,Angle < Critical
protons,9.748484848484848,10.227272727272727,0.0,0.0,0.0,0.0,0.0,0.0,Angle < Critical
protons,9.748484848484848,12.272727272727273,0.0,0.0,0.0,0.0,0.0,0.0,Angle < Critical
protons,9.748484848484848,14.318181818181818,0.0,0.0,0.0,0.0,0.0,0.0,Angle < Critical
protons,9.748484848484848,16.363636363636363,0.0,0.0,0.0,0.0,0.0,0.0,Angle < Critical
protons,9.748484848484848,18.40909090909091,0.0,0.0,0.0,0.0,0.0,0.0,Angle < Critical
protons,9.748484848484848,20.454545454545453,0.0,0.0,0.0,0.0,0.0,0.0,Angle < Critical
protons,9.748484848484848,22.5,0.0,0.0,0.0,0.0,0.0,0.0,Angle < Critical
protons,9.748484848484848,24.545454545454547,0.0,0.0,0.0,0.0,0.0,0.0,Angle < Critical
protons,9.748484848484848,26.59090909090909,0.0,0.0,0.0,0.0,0.0,0.0,Angle < Critical
protons,9.748484848484848,28.636363636363637,0.0,0.0,0.0,0.0,0.0,0.0,Track below surface
protons,9.748484848484848,30.68181818181818,0.0,0.0,0.0,0.0,0.0,0.0,Track below surface
protons,9.748484848484848,32.72727272727273,0.0,0.0,0.0,0.0,0.0,0.0,Track below surface
protons,9.748484848484848,34.77272727272727,0.0,0.0,0.0,0.0,0.0,0.0,Track below surface
protons,9.748484848484848,36.81818181818182,0.0,0.0,0.0,0.0,0.0,0.0,Track below surface
protons,9.748484848484848,38.86363636363636,0.0,0.0,0.0,0.0,0.0,0.0,Track below surface
protons,9.748484848484848,40.90909090909091,0.0,0.0,0.0,0.0,0.0,0.0,Track below surface
protons,9.748484848484848,42.95454545454545,0.0,0.0,0.0,0.0,0.0,0.0,Track below surface
protons,9.748484848484848,45.0,0.0,0.0,0.0,0.0,0.0,0.0,Track below surface
protons,9.748484848484848,47.04545454545455,0.0,0.0,0.0,0.0,0.0,0.0,Track below surface
protons,9.748484848484848,49.09090909090909,0.0,0.0,0.0,0.0,0.0,0.0,Track below surface
protons,9.748484848484848,51.13636363636363,0.0,0.0,0.0,0.0,0.0,0.0,Track below surface
protons,9.748484848484848,53.18181818181818,0.0,0.0,0.0,0.0,0.0,0.0,Track below surface
protons,9.748484848484848,55.22727272727273,0.0,0.0,0.0,0.0,0.0,0.0,Track below surface
protons,9.748484848484848,57.27272727272727,0.0,0.0,0.0,0.0,0.0,0.0,Track below surface
protons,9.748484848484848,59.31818181818182,0.0,0.0,0.0,0.0,0.0,0.0,Track below surface
protons,9.748484848484848,61.36363636363636,0.0,0.0,0.0,0.0,0.0,0.0,Track below surface
protons,9.748484848484848,63.40909090909091,0.0,0.0,0.0,0.0,0.0,0.0,Track below surface
protons,9.748484848484848,65.45454545454545,0.0,0.0,0.0,0.0,0.0,0.0,Track below surface
protons,9.748484848484848,67.5,0.0,0.0,0.0,0.0,0.0,0.0,Track below surface
protons,9.748484848484848,69.54545454545455,0.0,0.0,0.0,0.0,0.0,0.0,Track below surface
protons,9.748484848484848,71.5909090909091,0.0,0.0,0.0,0.0,0.0,0.0,Track below surface
protons,9.748484848484848,73.63636363636364,0.0,0.0,0.0,0.0,0.0,0.0,Track below surface
protons,9.748484848484848,75.68181818181819,0.0,0.0,0.0,0.0,0.0,0.0,Track below surface
protons,9.748484848484848,77.72727272727272,0.0,0.0,0.0,0.0,0.0,0.0,Track below surface
protons,9.748484848484848,79.77272727272727,0.0,0.0,0.0,0.0,0.0,0.0,Track below surface
protons,9.748484848484848,81.81818181818181,0.0,0.0,0.0,0.0,0.0,0.0,Track below surface
protons,9.748484848484848,83.86363636363636,0.0,0.0,0.0,0.0,0.0,0.0,Track below surface
protons,9.748484848484848,85.9090909090909,0.0,0.0,0.0,0.0,0.0,0.0,Track below surface
protons,9.748484848484848,87.95454545454545,0.0,0.0,0.0,0.0,0.0,0.0,Track below surface
protons,9.748484848484848,90.0,0.007022046818347505,0.4271839530572508,0.4271839530572508,0.42638698749409154,0.0,0.14281702412122568,Developed
protons,9.949494949494948,0.0,0.0,0.0,0.0,0.0,0.0,0.0,Angle < Critical
protons,9.949494949494948,2.0454545454545454,0.0,0.0,0.0,0.0,0.0,0.0,Angle < Critical
protons,9.949494949494948,4.090909090909091,0.0,0.0,0.0,0.0,0.0,0.0,Angle < Critical
protons,9.949494949494948,6.136363636363637,0.0,0.0,0.0,0.0,0.0,0.0,Angle < Critical
protons,9.949494949494948,8.181818181818182,0.0,0.0,0.0,0.0,0.0,0.0,Angle < Critical
protons,9.949494949494948,10.227272727272727,0.0,0.0,0.0,0.0,0.0,0.0,Angle < Critical
protons,9.949494949494948,12.272727272727273,0.0,0.0,0.0,0.0,0.0,0.0,Angle < Critical
protons,9.949494949494948,14.318181818181818,0.0,0.0,0.0,0.0,0.0,0.0,Angle < Critical
protons,9.949494949494948,16.363636363636363,0.0,0.0,0.0,0.0,0.0,0.0,Angle < Critical
protons,9.949494949494948,18.40909090909091,0.0,0.0,0.0,0.0,0.0,0.0,Angle < Critical
protons,9.949494949494948,20.454545454545453,0.0,0.0,0.0,0.0,0.0,0.0,Angle < Critical
protons,9.949494949494948,22.5,0.0,0.0,0.0,0.0,0.0,0.0,Angle < Critical
protons,9.949494949494948,24.545454545454547,0.0,0.0,0.0,0.0,0.0,0.0,Angle < Critical
protons,9.949494949494948,26.59090909090909,0.0,0.0,0.0,0.0,0.0,0.0,Angle < Critical
protons,9.949494949494948,28.636363636363637,0.0,0.0,0.0,0.0,0.0,0.0,Track below surface
protons,9.949494949494948,30.68181818181818,0.0,0.0,0.0,0.0,0.0,0.0,Track below surface
protons,9.949494949494948,32.72727272727273,0.0,0.0,0.0,0.0,0.0,0.0,Track below surface
protons,9.949494949494948,34.77272727272727,0.0,0.0,0.0,0.0,0.0,0.0,Track below surface
protons,9.949494949494948,36.81818181818182,0.0,0.0,0.0,0.0,0.0,0.0,Track below surface
protons,9.949494949494948,38.86363636363636,0.0,0.0,0.0,0.0,0.0,0.0,Track below surface
protons,9.949494949494948,40.90909090909091,0.0,0.0,0.0,0.0,0.0,0.0,Track below surface
protons,9.949494949494948,42.95454545454545,0.0,0.0,0.0,0.0,0.0,0.0,Track below surface
protons,9.949494949494948,45.0,0.0,0.0,0.0,0.0,0.0,0.0,Track below surface
protons,9.949494949494948,47.04545454545455,0.0,0.0,0.0,0.0,0.0,0.0,Track below surface
protons,9.949494949494948,49.09090909090909,0.0,0.0,0.0,0.0,0.0,0.0,Track below surface
protons,9.949494949494948,51.13636363636363,0.0,0.0,0.0,0.0,0.0,0.0,Track below surface
protons,9.949494949494948,53.18181818181818,0.0,0.0,0.0,0.0,0.0,0.0,Track below surface
protons,9.949494949494948,55.22727272727273,0.0,0.0,0.0,0.0,0.0,0.0,Track below surface
protons,9.949494949494948,57.27272727272727,0.0,0.0,0.0,0.0,0.0,0.0,Track below surface
protons,9.949494949494948,59.31818181818182,0.0,0.0,0.0,0.0,0.0,0.0,Track below surface
protons,9.949494949494948,61.36363636363636,0.0,0.0,0.0,0.0,0.0,0.0,Track below surface
protons,9.949494949494948,63.40909090909091,0.0,0.0,0.0,0.0,0.0,0.0,Track below surface
protons,9.949494949494948,65.45454545454545,0.0,0.0,0.0,0.0,0.0,0.0,Track below surface
protons,9.949494949494948,67.5,0.0,0.0,0.0,0.0,0.0,0.0,Track below surface
protons,9.949494949494948,69.54545454545455,0.0,0.0,0.0,0.0,0.0,0.0,Track below surface
protons,9.949494949494948,71.5909090909091,0.0,0.0,0.0,0.0,0.0,0.0,Track below surface
protons,9.949494949494948,73.63636363636364,0.0,0.0,0.0,0.0,0.0,0.0,Track below surface
protons,9.949494949494948,75.68181818181819,0.0,0.0,0.0,0.0,0.0,0.0,Track below surface
protons,9.949494949494948,77.72727272727272,0.0,0.0,0.0,0.0,0.0,0.0,Track below surface
protons,9.949494949494948,79.77272727272727,0.0,0.0,0.0,0.0,0.0,0.0,Track below surface
protons,9.949494949494948,81.81818181818181,0.0,0.0,0.0,0.0,0.0,0.0,Track below surface
protons,9.949494949494948,83.86363636363636,0.0,0.0,0.0,0.0,0.0,0.0,Track below surface
protons,9.949494949494948,85.9090909090909,0.0,0.0,0.0,0.0,0.0,0.0,Track below surface
protons,9.949494949494948,87.95454545454545,0.0,0.0,0.0,0.0,0.0,0.0,Track below surface
protons,9.949494949494948,90.0,0.005461912056967222,0.3767052314024637,0.3767052314024637,0.37602613626001397,0.0,0.11104780180308206,Developed
protons,10.15050505050505,0.0,0.0,0.0,0.0,0.0,0.0,0.0,Angle < Critical
protons,10.15050505050505,2.0454545454545454,0.0,0.0,0.0,0.0,0.0,0.0,Angle < Critical
protons,10.15050505050505,4.090909090909091,0.0,0.0,0.0,0.0,0.0,0.0,Angle < Critical
protons,10.15050505050505,6.136363636363637,0.0,0.0,0.0,0.0,0.0,0.0,Angle < Critical
protons,10.15050505050505,8.181818181818182,0.0,0.0,0.0,0.0,0.0,0.0,Angle < Critical
protons,10.15050505050505,10.227272727272727,0.0,0.0,0.0,0.0,0.0,0.0,Angle < Critical
protons,10.15050505050505,12.272727272727273,0.0,0.0,0.0,0.0,0.0,0.0,Angle < Critical
protons,10.15050505050505,14.318181818181818,0.0,0.0,0.0,0.0,0.0,0.0,Angle < Critical
protons,10.15050505050505,16.363636363636363,0.0,0.0,0.0,0.0,0.0,0.0,Angle < Critical
protons,10.15050505050505,18.40909090909091,0.0,0.0,0.0,0.0,0.0,0.0,Angle < Critical
protons,10.15050505050505,20.454545454545453,0.0,0.0,0.0,0.0,0.0,0.0,Angle < Critical
protons,10.15050505050505,22.5,0.0,0.0,0.0,0.0,0.0,0.0,Angle < Critical
protons,10.15050505050505,24.545454545454547,0.0,0.0,0.0,0.0,0.0,0.0,Angle < Critical
protons,10.15050505050505,26.59090909090909,0.0,0.0,0.0,0.0,0.0,0.0,Angle < Critical
protons,10.15050505050505,28.636363636363637,0.0,0.0,0.0,0.0,0.0,0.0,Track below surface
protons,10.15050505050505,30.68181818181818,0.0,0.0,0.0,0.0,0.0,0.0,Track below surface
protons,10.15050505050505,32.72727272727273,0.0,0.0,0.0,0.0,0.0,0.0,Track below surface
protons,10.15050505050505,34.77272727272727,0.0,0.0,0.0,0.0,0.0,0.0,Track below surface
protons,10.15050505050505,36.81818181818182,0.0,0.0,0.0,0.0,0.0,0.0,Track below surface
protons,10.15050505050505,38.86363636363636,0.0,0.0,0.0,0.0,0.0,0.0,Track below surface
protons,10.15050505050505,40.90909090909091,0.0,0.0,0.0,0.0,0.0,0.0,Track below surface
protons,10.15050505050505,42.95454545454545,0.0,0.0,0.0,0.0,0.0,0.0,Track below surface
protons,10.15050505050505,45.0,0.0,0.0,0.0,0.0,0.0,0.0,Track below surface
protons,10.15050505050505,47.04545454545455,0.0,0.0,0.0,0.0,0.0,0.0,Track below surface
protons,10.15050505050505,49.09090909090909,0.0,0.0,0.0,0.0,0.0,0.0,Track below surface
protons,10.15050505050505,51.13636363636363,0.0,0.0,0.0,0.0,0.0,0.0,Track below surface
protons,10.15050505050505,53.18181818181818,0.0,0.0,0.0,0.0,0.0,0.0,Track below surface
protons,10.15050505050505,55.22727272727273,0.0,0.0,0.0,0.0,0.0,0.0,Track below surface
protons,10.15050505050505,57.27272727272727,0.0,0.0,0.0,0.0,0.0,0.0,Track below surface
protons,10.15050505050505,59.31818181818182,0.0,0.0,0.0,0.0,0.0,0.0,Track below surface
protons,10.15050505050505,61.36363636363636,0.0,0.0,0.0,0.0,0.0,0.0,Track below surface
protons,10.15050505050505,63.40909090909091,0.0,0.0,0.0,0.0,0.0,0.0,Track below surface
protons,10.15050505050505,65.45454545454545,0.0,0.0,0.0,0.0,0.0,0.0,Track below surface
protons,10.15050505050505,67.5,0.0,0.0,0.0,0.0,0.0,0.0,Track below surface
protons,10.15050505050505,69.54545454545455,0.0,0.0,0.0,0.0,0.0,0.0,Track below surface
protons,10.15050505050505,71.5909090909091,0.0,0.0,0.0,0.0,0.0,0.0,Track below surface
protons,10.15050505050505,73.63636363636364,0.0,0.0,0.0,0.0,0.0,0.0,Track below surface
protons,10.15050505050505,75.68181818181819,0.0,0.0,0.0,0.0,0.0,0.0,Track below surface
protons,10.15050505050505,77.72727272727272,0.0,0.0,0.0,0.0,0.0,0.0,Track below surface
protons,10.15050505050505,79.77272727272727,0.0,0.0,0.0,0.0,0.0,0.0,Track below surface
protons,10.15050505050505,81.81818181818181,0.0,0.0,0.0,0.0,0.0,0.0,Track below surface
protons,10.15050505050505,83.86363636363636,0.0,0.0,0.0,0.0,0.0,0.0,Track below surface
protons,10.15050505050505,85.9090909090909,0.0,0.0,0.0,0.0,0.0,0.0,Track below surface
protons,10.15050505050505,87.95454545454545,0.0,0.0,0.0,0.0,0.0,0.0,Track below surface
protons,10.15050505050505,90.0,0.00422389468771911,0.33124030166842244,0.33124030166842244,0.33065970537144596,0.0,0.08584453123664179,Developed
protons,10.35151515151515,0.0,0.0,0.0,0.0,0.0,0.0,0.0,Angle < Critical
protons,10.35151515151515,2.0454545454545454,0.0,0.0,0.0,0.0,0.0,0.0,Angle < Critical
protons,10.35151515151515,4.090909090909091,0.0,0.0,0.0,0.0,0.0,0.0,Angle < Critical
protons,10.35151515151515,6.136363636363637,0.0,0.0,0.0,0.0,0.0,0.0,Angle < Critical
protons,10.35151515151515,8.181818181818182,0.0,0.0,0.0,0.0,0.0,0.0,Angle < Critical
protons,10.35151515151515,10.227272727272727,0.0,0.0,0.0,0.0,0.0,0.0,Angle < Critical
protons,10.35151515151515,12.272727272727273,0.0,0.0,0.0,0.0,0.0,0.0,Angle < Critical
protons,10.35151515151515,14.318181818181818,0.0,0.0,0.0,0.0,0.0,0.0,Angle < Critical
protons,10.35151515151515,16.363636363636363,0.0,0.0,0.0,0.0,0.0,0.0,Angle < Critical
protons,10.35151515151515,18.40909090909091,0.0,0.0,0.0,0.0,0.0,0.0,Angle < Critical
protons,10.35151515151515,20.454545454545453,0.0,0.0,0.0,0.0,0.0,0.0,Angle < Critical
protons,10.35151515151515,22.5,0.0,0.0,0.0,0.0,0.0,0.0,Angle < Critical
protons,10.35151515151515,24.545454545454547,0.0,0.0,0.0,0.0,0.0,0.0,Angle < Critical
protons,10.35151515151515,26.59090909090909,0.0,0.0,0.0,0.0,0.0,0.0,Angle < Critical
protons,10.35151515151515,28.636363636363637,0.0,0.0,0.0,0.0,0.0,0.0,Track below surface
protons,10.35151515151515,30.68181818181818,0.0,0.0,0.0,0.0,0.0,0.0,Track below surface
protons,10.35151515151515,32.72727272727273,0.0,0.0,0.0,0.0,0.0,0.0,Track below surface
protons,10.35151515151515,34.77272727272727,0.0,0.0,0.0,0.0,0.0,0.0,Track below surface
protons,10.35151515151515,36.81818181818182,0.0,0.0,0.0,0.0,0.0,0.0,Track below surface
protons,10.35151515151515,38.86363636363636,0.0,0.0,0.0,0.0,0.0,0.0,Track below surface
protons,10.35151515151515,40.90909090909091,0.0,0.0,0.0,0.0,0.0,0.0,Track below surface
protons,10.35151515151515,42.95454545454545,0.0,0.0,0.0,0.0,0.0,0.0,Track below surface
protons,10.35151515151515,45.0,0.0,0.0,0.0,0.0,0.0,0.0,Track below surface
protons,10.35151515151515,47.04545454545455,0.0,0.0,0.0,0.0,0.0,0.0,Track below surface
protons,10.35151515151515,49.09090909090909,0.0,0.0,0.0,0.0,0.0,0.0,Track below surface
protons,10.35151515151515,51.13636363636363,0.0,0.0,0.0,0.0,0.0,0.0,Track below surface
protons,10.35151515151515,53.18181818181818,0.0,0.0,0.0,0.0,0.0,0.0,Track below surface
protons,10.35151515151515,55.22727272727273,0.0,0.0,0.0,0.0,0.0,0.0,Track below surface
protons,10.35151515151515,57.27272727272727,0.0,0.0,0.0,0.0,0.0,0.0,Track below surface
protons,10.35151515151515,59.31818181818182,0.0,0.0,0.0,0.0,0.0,0.0,Track below surface
protons,10.35151515151515,61.36363636363636,0.0,0.0,0.0,0.0,0.0,0.0,Track below surface
protons,10.35151515151515,63.40909090909091,0.0,0.0,0.0,0.0,0.0,0.0,Track below surface
protons,10.35151515151515,65.45454545454545,0.0,0.0,0.0,0.0,0.0,0.0,Track below surface
protons,10.35151515151515,67.5,0.0,0.0,0.0,0.0,0.0,0.0,Track below surface
protons,10.35151515151515,69.54545454545455,0.0,0.0,0.0,0.0,0.0,0.0,Track below surface
protons,10.35151515151515,71.5909090909091,0.0,0.0,0.0,0.0,0.0,0.0,Track below surface
protons,10.35151515151515,73.63636363636364,0.0,0.0,0.0,0.0,0.0,0.0,Track below surface
protons,10.35151515151515,75.68181818181819,0.0,0.0,0.0,0.0,0.0,0.0,Track below surface
protons,10.35151515151515,77.72727272727272,0.0,0.0,0.0,0.0,0.0,0.0,Track below surface
protons,10.35151515151515,79.77272727272727,0.0,0.0,0.0,0.0,0.0,0.0,Track below surface
protons,10.35151515151515,81.81818181818181,0.0,0.0,0.0,0.0,0.0,0.0,Track below surface
protons,10.35151515151515,83.86363636363636,0.0,0.0,0.0,0.0,0.0,0.0,Track below surface
protons,10.35151515151515,85.9090909090909,0.0,0.0,0.0,0.0,0.0,0.0,Track below surface
protons,10.35151515151515,87.95454545454545,0.0,0.0,0.0,0.0,0.0,0.0,Track below surface
protons,10.35151515151515,90.0,0.003244803419120146,0.29030002996776133,0.29030002996776133,0.28980265856316767,0.0,0.06591345545569066,Developed
protons,10.552525252525252,0.0,0.0,0.0,0.0,0.0,0.0,0.0,Angle < Critical
protons,10.552525252525252,2.0454545454545454,0.0,0.0,0.0,0.0,0.0,0.0,Angle < Critical
protons,10.552525252525252,4.090909090909091,0.0,0.0,0.0,0.0,0.0,0.0,Angle < Critical
protons,10.552525252525252,6.136363636363637,0.0,0.0,0.0,0.0,0.0,0.0,Angle < Critical
protons,10.552525252525252,8.181818181818182,0.0,0.0,0.0,0.0,0.0,0.0,Angle < Critical
protons,10.552525252525252,10.227272727272727,0.0,0.0,0.0,0.0,0.0,0.0,Angle < Critical
protons,10.552525252525252,12.272727272727273,0.0,0.0,0.0,0.0,0.0,0.0,Angle < Critical
protons,10.552525252525252,14.318181818181818,0.0,0.0,0.0,0.0,0.0,0.0,Angle < Critical
protons,10.552525252525252,16.363636363636363,0.0,0.0,0.0,0.0,0.0,0.0,Angle < Critical
protons,10.552525252525252,18.40909090909091,0.0,0.0,0.0,0.0,0.0,0.0,Angle < Critical
protons,10.552525252525252,20.454545454545453,0.0,0.0,0.0,0.0,0.0,0.0,Angle < Critical
protons,10.552525252525252,22.5,0.0,0.0,0.0,0.0,0.0,0.0,Angle < Critical
protons,10.552525252525252,24.545454545454547,0.0,0.0,0.0,0.0,0.0,0.0,Angle < Critical
protons,10.552525252525252,26.59090909090909,0.0,0.0,0.0,0.0,0.0,0.0,Angle < Critical
protons,10.552525252525252,28.636363636363637,0.0,0.0,0.0,0.0,0.0,0.0,Track below surface
protons,10.552525252525252,30.68181818181818,0.0,0.0,0.0,0.0,0.0,0.0,Track below surface
protons,10.552525252525252,32.72727272727273,0.0,0.0,0.0,0.0,0.0,0.0,Track below surface
protons,10.552525252525252,34.77272727272727,0.0,0.0,0.0,0.0,0.0,0.0,Track below surface
protons,10.552525252525252,36.81818181818182,0.0,0.0,0.0,0.0,0.0,0.0,Track below surface
protons,10.552525252525252,38.86363636363636,0.0,0.0,0.0,0.0,0.0,0.0,Track below surface
protons,10.552525252525252,40.90909090909091,0.0,0.0,0.0,0.0,0.0,0.0,Track below surface
protons,10.552525252525252,42.95454545454545,0.0,0.0,0.0,0.0,0.0,0.0,Track below surface
protons,10.552525252525252,45.0,0.0,0.0,0.0,0.0,0.0,0.0,Track below surface
protons,10.552525252525252,47.04545454545455,0.0,0.0,0.0,0.0,0.0,0.0,Track below surface
protons,10.552525252525252,49.09090909090909,0.0,0.0,0.0,0.0,0.0,0.0,Track below surface
protons,10.552525252525252,51.13636363636363,0.0,0.0,0.0,0.0,0.0,0.0,Track below surface
protons,10.552525252525252,53.18181818181818,0.0,0.0,0.0,0.0,0.0,0.0,Track below surface
protons,10.552525252525252,55.22727272727273,0.0,0.0,0.0,0.0,0.0,0.0,Track below surface
protons,10.552525252525252,57.27272727272727,0.0,0.0,0.0,0.0,0.0,0.0,Track below surface
protons,10.552525252525252,59.31818181818182,0.0,0.0,0.0,0.0,0.0,0.0,Track below surface
protons,10.552525252525252,61.36363636363636,0.0,0.0,0.0,0.0,0.0,0.0,Track below surface
protons,10.552525252525252,63.40909090909091,0.0,0.0,0.0,0.0,0.0,0.0,Track below surface
protons,10.552525252525252,65.45454545454545,0.0,0.0,0.0,0.0,0.0,0.0,Track below surface
protons,10.552525252525252,67.5,0.0,0.0,0.0,0.0,0.0,0.0,Track below surface
protons,10.552525252525252,69.54545454545455,0.0,0.0,0.0,0.0,0.0,0.0,Track below surface
protons,10.552525252525252,71.5909090909091,0.0,0.0,0.0,0.0,0.0,0.0,Track below surface
protons,10.552525252525252,73.63636363636364,0.0,0.0,0.0,0.0,0.0,0.0,Track below surface
protons,10.552525252525252,75.68181818181819,0.0,0.0,0.0,0.0,0.0,0.0,Track below surface
protons,10.552525252525252,77.72727272727272,0.0,0.0,0.0,0.0,0.0,0.0,Track below surface
protons,10.552525252525252,79.77272727272727,0.0,0.0,0.0,0.0,0.0,0.0,Track below surface
protons,10.552525252525252,81.81818181818181,0.0,0.0,0.0,0.0,0.0,0.0,Track below surface
protons,10.552525252525252,83.86363636363636,0.0,0.0,0.0,0.0,0.0,0.0,Track below surface
protons,10.552525252525252,85.9090909090909,0.0,0.0,0.0,0.0,0.0,0.0,Track below surface
protons,10.552525252525252,87.95454545454545,0.0,0.0,0.0,0.0,0.0,0.0,Track below surface
protons,10.552525252525252,90.0,0.0024798734369841924,0.25377058402422387,0.25377058402422387,0.25334362992166526,0.0,0.05033834825228928,Developed
protons,10.753535353535353,0.0,0.0,0.0,0.0,0.0,0.0,0.0,Angle < Critical
protons,10.753535353535353,2.0454545454545454,0.0,0.0,0.0,0.0,0.0,0.0,Angle < Critical
protons,10.753535353535353,4.090909090909091,0.0,0.0,0.0,0.0,0.0,0.0,Angle < Critical
protons,10.753535353535353,6.136363636363637,0.0,0.0,0.0,0.0,0.0,0.0,Angle < Critical
protons,10.753535353535353,8.181818181818182,0.0,0.0,0.0,0.0,0.0,0.0,Angle < Critical
protons,10.753535353535353,10.227272727272727,0.0,0.0,0.0,0.0,0.0,0.0,Angle < Critical
protons,10.753535353535353,12.272727272727273,0.0,0.0,0.0,0.0,0.0,0.0,Angle < Critical
protons,10.753535353535353,14.318181818181818,0.0,0.0,0.0,0.0,0.0,0.0,Angle < Critical
protons,10.753535353535353,16.363636363636363,0.0,0.0,0.0,0.0,0.0,0.0,Angle < Critical
protons,10.753535353535353,18.40909090909091,0.0,0.0,0.0,0.0,0.0,0.0,Angle < Critical
protons,10.753535353535353,20.454545454545453,0.0,0.0,0.0,0.0,0.0,0.0,Angle < Critical
protons,10.753535353535353,22.5,0.0,0.0,0.0,0.0,0.0,0.0,Angle < Critical
protons,10.753535353535353,24.545454545454547,0.0,0.0,0.0,0.0,0.0,0.0,Angle < Critical
protons,10.753535353535353,26.59090909090909,0.0,0.0,0.0,0.0,0.0,0.0,Angle < Critical
protons,10.753535353535353,28.636363636363637,0.0,0.0,0.0,0.0,0.0,0.0,Track below surface
protons,10.753535353535353,30.68181818181818,0.0,0.0,0.0,0.0,0.0,0.0,Track below surface
protons,10.753535353535353,32.72727272727273,0.0,0.0,0.0,0.0,0.0,0.0,Track below surface
protons,10.753535353535353,34.77272727272727,0.0,0.0,0.0,0.0,0.0,0.0,Track below surface
protons,10.753535353535353,36.81818181818182,0.0,0.0,0.0,0.0,0.0,0.0,Track below surface
protons,10.753535353535353,38.86363636363636,0.0,0.0,0.0,0.0,0.0,0.0,Track below surface
protons,10.753535353535353,40.90909090909091,0.0,0.0,0.0,0.0,0.0,0.0,Track below surface
protons,10.753535353535353,42.95454545454545,0.0,0.0,0.0,0.0,0.0,0.0,Track below surface
protons,10.753535353535353,45.0,0.0,0.0,0.0,0.0,0.0,0.0,Track below surface
protons,10.753535353535353,47.04545454545455,0.0,0.0,0.0,0.0,0.0,0.0,Track below surface
protons,10.753535353535353,49.09090909090909,0.0,0.0,0.0,0.0,0.0,0.0,Track below surface
protons,10.753535353535353,51.13636363636363,0.0,0.0,0.0,0.0,0.0,0.0,Track below surface
protons,10.753535353535353,53.18181818181818,0.0,0.0,0.0,0.0,0.0,0.0,Track below surface
protons,10.753535353535353,55.22727272727273,0.0,0.0,0.0,0.0,0.0,0.0,Track below surface
protons,10.753535353535353,57.27272727272727,0.0,0.0,0.0,0.0,0.0,0.0,Track below surface
protons,10.753535353535353,59.31818181818182,0.0,0.0,0.0,0.0,0.0,0.0,Track below surface
protons,10.753535353535353,61.36363636363636,0.0,0.0,0.0,0.0,0.0,0.0,Track below surface
protons,10.753535353535353,63.40909090909091,0.0,0.0,0.0,0.0,0.0,0.0,Track below surface
protons,10.753535353535353,65.45454545454545,0.0,0.0,0.0,0.0,0.0,0.0,Track below surface
protons,10.753535353535353,67.5,0.0,0.0,0.0,0.0,0.0,0.0,Track below surface
protons,10.753535353535353,69.54545454545455,0.0,0.0,0.0,0.0,0.0,0.0,Track below surface
protons,10.753535353535353,71.5909090909091,0.0,0.0,0.0,0.0,0.0,0.0,Track below surface
protons,10.753535353535353,73.63636363636364,0.0,0.0,0.0,0.0,0.0,0.0,Track below surface
protons,10.753535353535353,75.68181818181819,0.0,0.0,0.0,0.0,0.0,0.0,Track below surface
protons,10.753535353535353,77.72727272727272,0.0,0.0,0.0,0.0,0.0,0.0,Track below surface
protons,10.753535353535353,79.77272727272727,0.0,0.0,0.0,0.0,0.0,0.0,Track below surface
protons,10.753535353535353,81.81818181818181,0.0,0.0,0.0,0.0,0.0,0.0,Track below surface
protons,10.753535353535353,83.86363636363636,0.0,0.0,0.0,0.0,0.0,0.0,Track below surface
protons,10.753535353535353,85.9090909090909,0.0,0.0,0.0,0.0,0.0,0.0,Track below surface
protons,10.753535353535353,87.95454545454545,0.0,0.0,0.0,0.0,0.0,0.0,Track below surface
protons,10.753535353535353,90.0,0.0018885789200524528,0.22144899284632816,0.22144899284632816,0.22108170132348356,0.0,0.03829068015243827,Developed
protons,10.954545454545453,0.0,0.0,0.0,0.0,0.0,0.0,0.0,Angle < Critical
protons,10.954545454545453,2.0454545454545454,0.0,0.0,0.0,0.0,0.0,0.0,Angle < Critical
protons,10.954545454545453,4.090909090909091,0.0,0.0,0.0,0.0,0.0,0.0,Angle < Critical
protons,10.954545454545453,6.136363636363637,0.0,0.0,0.0,0.0,0.0,0.0,Angle < Critical
protons,10.954545454545453,8.181818181818182,0.0,0.0,0.0,0.0,0.0,0.0,Angle < Critical
protons,10.954545454545453,10.227272727272727,0.0,0.0,0.0,0.0,0.0,0.0,Angle < Critical
protons,10.954545454545453,12.272727272727273,0.0,0.0,0.0,0.0,0.0,0.0,Angle < Critical
protons,10.954545454545453,14.318181818181818,0.0,0.0,0.0,0.0,0.0,0.0,Angle < Critical
protons,10.954545454545453,16.363636363636363,0.0,0.0,0.0,0.0,0.0,0.0,Angle < Critical
protons,10.954545454545453,18.40909090909091,0.0,0.0,0.0,0.0,0.0,0.0,Angle < Critical
protons,10.954545454545453,20.454545454545453,0.0,0.0,0.0,0.0,0.0,0.0,Angle < Critical
protons,10.954545454545453,22.5,0.0,0.0,0.0,0.0,0.0,0.0,Angle < Critical
protons,10.954545454545453,24.545454545454547,0.0,0.0,0.0,0.0,0.0,0.0,Angle < Critical
protons,10.954545454545453,26.59090909090909,0.0,0.0,0.0,0.0,0.0,0.0,Angle < Critical
protons,10.954545454545453,28.636363636363637,0.0,0.0,0.0,0.0,0.0,0.0,Track below surface
protons,10.954545454545453,30.68181818181818,0.0,0.0,0.0,0.0,0.0,0.0,Track below surface
protons,10.954545454545453,32.72727272727273,0.0,0.0,0.0,0.0,0.0,0.0,Track below surface
protons,10.954545454545453,34.77272727272727,0.0,0.0,0.0,0.0,0.0,0.0,Track below surface
protons,10.954545454545453,36.81818181818182,0.0,0.0,0.0,0.0,0.0,0.0,Track below surface
protons,10.954545454545453,38.86363636363636,0.0,0.0,0.0,0.0,0.0,0.0,Track below surface
protons,10.954545454545453,40.90909090909091,0.0,0.0,0.0,0.0,0.0,0.0,Track below surface
protons,10.954545454545453,42.95454545454545,0.0,0.0,0.0,0.0,0.0,0.0,Track below surface
protons,10.954545454545453,45.0,0.0,0.0,0.0,0.0,0.0,0.0,Track below surface
protons,10.954545454545453,47.04545454545455,0.0,0.0,0.0,0.0,0.0,0.0,Track below surface
protons,10.954545454545453,49.09090909090909,0.0,0.0,0.0,0.0,0.0,0.0,Track below surface
protons,10.954545454545453,51.13636363636363,0.0,0.0,0.0,0.0,0.0,0.0,Track below surface
protons,10.954545454545453,53.18181818181818,0.0,0.0,0.0,0.0,0.0,0.0,Track below surface
protons,10.954545454545453,55.22727272727273,0.0,0.0,0.0,0.0,0.0,0.0,Track below surface
protons,10.954545454545453,57.27272727272727,0.0,0.0,0.0,0.0,0.0,0.0,Track below surface
protons,10.954545454545453,59.31818181818182,0.0,0.0,0.0,0.0,0.0,0.0,Track below surface
protons,10.954545454545453,61.36363636363636,0.0,0.0,0.0,0.0,0.0,0.0,Track below surface
protons,10.954545454545453,63.40909090909091,0.0,0.0,0.0,0.0,0.0,0.0,Track below surface
protons,10.954545454545453,65.45454545454545,0.0,0.0,0.0,0.0,0.0,0.0,Track below surface
protons,10.954545454545453,67.5,0.0,0.0,0.0,0.0,0.0,0.0,Track below surface
protons,10.954545454545453,69.54545454545455,0.0,0.0,0.0,0.0,0.0,0.0,Track below surface
protons,10.954545454545453,71.5909090909091,0.0,0.0,0.0,0.0,0.0,0.0,Track below surface
protons,10.954545454545453,73.63636363636364,0.0,0.0,0.0,0.0,0.0,0.0,Track below surface
protons,10.954545454545453,75.68181818181819,0.0,0.0,0.0,0.0,0.0,0.0,Track below surface
protons,10.954545454545453,77.72727272727272,0.0,0.0,0.0,0.0,0.0,0.0,Track below surface
protons,10.954545454545453,79.77272727272727,0.0,0.0,0.0,0.0,0.0,0.0,Track below surface
protons,10.954545454545453,81.81818181818181,0.0,0.0,0.0,0.0,0.0,0.0,Track below surface
protons,10.954545454545453,83.86363636363636,0.0,0.0,0.0,0.0,0.0,0.0,Track below surface
protons,10.954545454545453,85.9090909090909,0.0,0.0,0.0,0.0,0.0,0.0,Track below surface
protons,10.954545454545453,87.95454545454545,0.0,0.0,0.0,0.0,0.0,0.0,Track below surface
protons,10.954545454545453,90.0,0.001435501597409683,0.19306002764539545,0.19306002764539545,0.19274335153697528,0.0,0.029046589487197585,Developed
protons,11.155555555555555,0.0,0.0,0.0,0.0,0.0,0.0,0.0,Angle < Critical
protons,11.155555555555555,2.0454545454545454,0.0,0.0,0.0,0.0,0.0,0.0,Angle < Critical
protons,11.155555555555555,4.090909090909091,0.0,0.0,0.0,0.0,0.0,0.0,Angle < Critical
protons,11.155555555555555,6.136363636363637,0.0,0.0,0.0,0.0,0.0,0.0,Angle < Critical
protons,11.155555555555555,8.181818181818182,0.0,0.0,0.0,0.0,0.0,0.0,Angle < Critical
protons,11.155555555555555,10.227272727272727,0.0,0.0,0.0,0.0,0.0,0.0,Angle < Critical
protons,11.155555555555555,12.272727272727273,0.0,0.0,0.0,0.0,0.0,0.0,Angle < Critical
protons,11.155555555555555,14.318181818181818,0.0,0.0,0.0,0.0,0.0,0.0,Angle < Critical
protons,11.155555555555555,16.363636363636363,0.0,0.0,0.0,0.0,0.0,0.0,Angle < Critical
protons,11.155555555555555,18.40909090909091,0.0,0.0,0.0,0.0,0.0,0.0,Angle < Critical
protons,11.155555555555555,20.454545454545453,0.0,0.0,0.0,0.0,0.0,0.0,Angle < Critical
protons,11.155555555555555,22.5,0.0,0.0,0.0,0.0,0.0,0.0,Angle < Critical
protons,11.155555555555555,24.545454545454547,0.0,0.0,0.0,0.0,0.0,0.0,Angle < Critical
protons,11.155555555555555,26.59090909090909,0.0,0.0,0.0,0.0,0.0,0.0,Angle < Critical
protons,11.155555555555555,28.636363636363637,0.0,0.0,0.0,0.0,0.0,0.0,Track below surface
protons,11.155555555555555,30.68181818181818,0.0,0.0,0.0,0.0,0.0,0.0,Track below surface
protons,11.155555555555555,32.72727272727273,0.0,0.0,0.0,0.0,0.0,0.0,Track below surface
protons,11.155555555555555,34.77272727272727,0.0,0.0,0.0,0.0,0.0,0.0,Track below surface
protons,11.155555555555555,36.81818181818182,0.0,0.0,0.0,0.0,0.0,0.0,Track below surface
protons,11.155555555555555,38.86363636363636,0.0,0.0,0.0,0.0,0.0,0.0,Track below surface
protons,11.155555555555555,40.90909090909091,0.0,0.0,0.0,0.0,0.0,0.0,Track below surface
protons,11.155555555555555,42.95454545454545,0.0,0.0,0.0,0.0,0.0,0.0,Track below surface
protons,11.155555555555555,45.0,0.0,0.0,0.0,0.0,0.0,0.0,Track below surface
protons,11.155555555555555,47.04545454545455,0.0,0.0,0.0,0.0,0.0,0.0,Track below surface
protons,11.155555555555555,49.09090909090909,0.0,0.0,0.0,0.0,0.0,0.0,Track below surface
protons,11.155555555555555,51.13636363636363,0.0,0.0,0.0,0.0,0.0,0.0,Track below surface
protons,11.155555555555555,53.18181818181818,0.0,0.0,0.0,0.0,0.0,0.0,Track below surface
protons,11.155555555555555,55.22727272727273,0.0,0.0,0.0,0.0,0.0,0.0,Track below surface
protons,11.155555555555555,57.27272727272727,0.0,0.0,0.0,0.0,0.0,0.0,Track below surface
protons,11.155555555555555,59.31818181818182,0.0,0.0,0.0,0.0,0.0,0.0,Track below surface
protons,11.155555555555555,61.36363636363636,0.0,0.0,0.0,0.0,0.0,0.0,Track below surface
protons,11.155555555555555,63.40909090909091,0.0,0.0,0.0,0.0,0.0,0.0,Track below surface
protons,11.155555555555555,65.45454545454545,0.0,0.0,0.0,0.0,0.0,0.0,Track below surface
protons,11.155555555555555,67.5,0.0,0.0,0.0,0.0,0.0,0.0,Track below surface
protons,11.155555555555555,69.54545454545455,0.0,0.0,0.0,0.0,0.0,0.0,Track below surface
protons,11.155555555555555,71.5909090909091,0.0,0.0,0.0,0.0,0.0,0.0,Track below surface
protons,11.155555555555555,73.63636363636364,0.0,0.0,0.0,0.0,0.0,0.0,Track below surface
protons,11.155555555555555,75.68181818181819,0.0,0.0,0.0,0.0,0.0,0.0,Track below surface
protons,11.155555555555555,77.72727272727272,0.0,0.0,0.0,0.0,0.0,0.0,Track below surface
protons,11.155555555555555,79.77272727272727,0.0,0.0,0.0,0.0,0.0,0.0,Track below surface
protons,11.155555555555555,81.81818181818181,0.0,0.0,0.0,0.0,0.0,0.0,Track below surface
protons,11.155555555555555,83.86363636363636,0.0,0.0,0.0,0.0,0.0,0.0,Track below surface
protons,11.155555555555555,85.9090909090909,0.0,0.0,0.0,0.0,0.0,0.0,Track below surface
protons,11.155555555555555,87.95454545454545,0.0,0.0,0.0,0.0,0.0,0.0,Track below surface
protons,11.155555555555555,90.0,0.0010897713482069804,0.16820786546335723,0.16820786546335723,0.16793430142803523,0.0,0.021974813905583875,Developed
protons,11.356565656565655,0.0,0.0,0.0,0.0,0.0,0.0,0.0,Angle < Critical
protons,11.356565656565655,2.0454545454545454,0.0,0.0,0.0,0.0,0.0,0.0,Angle < Critical
protons,11.356565656565655,4.090909090909091,0.0,0.0,0.0,0.0,0.0,0.0,Angle < Critical
protons,11.356565656565655,6.136363636363637,0.0,0.0,0.0,0.0,0.0,0.0,Angle < Critical
protons,11.356565656565655,8.181818181818182,0.0,0.0,0.0,0.0,0.0,0.0,Angle < Critical
protons,11.356565656565655,10.227272727272727,0.0,0.0,0.0,0.0,0.0,0.0,Angle < Critical
protons,11.356565656565655,12.272727272727273,0.0,0.0,0.0,0.0,0.0,0.0,Angle < Critical
protons,11.356565656565655,14.318181818181818,0.0,0.0,0.0,0.0,0.0,0.0,Angle < Critical
protons,11.356565656565655,16.363636363636363,0.0,0.0,0.0,0.0,0.0,0.0,Angle < Critical
protons,11.356565656565655,18.40909090909091,0.0,0.0,0.0,0.0,0.0,0.0,Angle < Critical
protons,11.356565656565655,20.454545454545453,0.0,0.0,0.0,0.0,0.0,0.0,Angle < Critical
protons,11.356565656565655,22.5,0.0,0.0,0.0,0.0,0.0,0.0,Angle < Critical
protons,11.356565656565655,24.545454545454547,0.0,0.0,0.0,0.0,0.0,0.0,Angle < Critical
protons,11.356565656565655,26.59090909090909,0.0,0.0,0.0,0.0,0.0,0.0,Angle < Critical
protons,11.356565656565655,28.636363636363637,0.0,0.0,0.0,0.0,0.0,0.0,Track below surface
protons,11.356565656565655,30.68181818181818,0.0,0.0,0.0,0.0,0.0,0.0,Track below surface
protons,11.356565656565655,32.72727272727273,0.0,0.0,0.0,0.0,0.0,0.0,Track below surface
protons,11.356565656565655,34.77272727272727,0.0,0.0,0.0,0.0,0.0,0.0,Track below surface
protons,11.356565656565655,36.81818181818182,0.0,0.0,0.0,0.0,0.0,0.0,Track below surface
protons,11.356565656565655,38.86363636363636,0.0,0.0,0.0,0.0,0.0,0.0,Track below surface
protons,11.356565656565655,40.90909090909091,0.0,0.0,0.0,0.0,0.0,0.0,Track below surface
protons,11.356565656565655,42.95454545454545,0.0,0.0,0.0,0.0,0.0,0.0,Track below surface
protons,11.356565656565655,45.0,0.0,0.0,0.0,0.0,0.0,0.0,Track below surface
protons,11.356565656565655,47.04545454545455,0.0,0.0,0.0,0.0,0.0,0.0,Track below surface
protons,11.356565656565655,49.09090909090909,0.0,0.0,0.0,0.0,0.0,0.0,Track below surface
protons,11.356565656565655,51.13636363636363,0.0,0.0,0.0,0.0,0.0,0.0,Track below surface
protons,11.356565656565655,53.18181818181818,0.0,0.0,0.0,0.0,0.0,0.0,Track below surface
protons,11.356565656565655,55.22727272727273,0.0,0.0,0.0,0.0,0.0,0.0,Track below surface
protons,11.356565656565655,57.27272727272727,0.0,0.0,0.0,0.0,0.0,0.0,Track below surface
protons,11.356565656565655,59.31818181818182,0.0,0.0,0.0,0.0,0.0,0.0,Track below surface
protons,11.356565656565655,61.36363636363636,0.0,0.0,0.0,0.0,0.0,0.0,Track below surface
protons,11.356565656565655,63.40909090909091,0.0,0.0,0.0,0.0,0.0,0.0,Track below surface
protons,11.356565656565655,65.45454545454545,0.0,0.0,0.0,0.0,0.0,0.0,Track below surface
protons,11.356565656565655,67.5,0.0,0.0,0.0,0.0,0.0,0.0,Track below surface
protons,11.356565656565655,69.54545454545455,0.0,0.0,0.0,0.0,0.0,0.0,Track below surface
protons,11.356565656565655,71.5909090909091,0.0,0.0,0.0,0.0,0.0,0.0,Track below surface
protons,11.356565656565655,73.63636363636364,0.0,0.0,0.0,0.0,0.0,0.0,Track below surface
protons,11.356565656565655,75.68181818181819,0.0,0.0,0.0,0.0,0.0,0.0,Track below surface
protons,11.356565656565655,77.72727272727272,0.0,0.0,0.0,0.0,0.0,0.0,Track below surface
protons,11.356565656565655,79.77272727272727,0.0,0.0,0.0,0.0,0.0,0.0,Track below surface
protons,11.356565656565655,81.81818181818181,0.0,0.0,0.0,0.0,0.0,0.0,Track below surface
protons,11.356565656565655,83.86363636363636,0.0,0.0,0.0,0.0,0.0,0.0,Track below surface
protons,11.356565656565655,85.9090909090909,0.0,0.0,0.0,0.0,0.0,0.0,Track below surface
protons,11.356565656565655,87.95454545454545,0.0,0.0,0.0,0.0,0.0,0.0,Track below surface
protons,11.356565656565655,90.0,0.0008251683648516916,0.14636619109130966,0.14636619109130966,0.14612971260911486,0.0,0.016537844329264178,Developed
protons,11.557575757575757,0.0,0.0,0.0,0.0,0.0,0.0,0.0,Angle < Critical
protons,11.557575757575757,2.0454545454545454,0.0,0.0,0.0,0.0,0.0,0.0,Angle < Critical
protons,11.557575757575757,4.090909090909091,0.0,0.0,0.0,0.0,0.0,0.0,Angle < Critical
protons,11.557575757575757,6.136363636363637,0.0,0.0,0.0,0.0,0.0,0.0,Angle < Critical
protons,11.557575757575757,8.181818181818182,0.0,0.0,0.0,0.0,0.0,0.0,Angle < Critical
protons,11.557575757575757,10.227272727272727,0.0,0.0,0.0,0.0,0.0,0.0,Angle < Critical
protons,11.557575757575757,12.272727272727273,0.0,0.0,0.0,0.0,0.0,0.0,Angle < Critical
protons,11.557575757575757,14.318181818181818,0.0,0.0,0.0,0.0,0.0,0.0,Angle < Critical
protons,11.557575757575757,16.363636363636363,0.0,0.0,0.0,0.0,0.0,0.0,Angle < Critical
protons,11.557575757575757,18.40909090909091,0.0,0.0,0.0,0.0,0.0,0.0,Angle < Critical
protons,11.557575757575757,20.454545454545453,0.0,0.0,0.0,0.0,0.0,0.0,Angle < Critical
protons,11.557575757575757,22.5,0.0,0.0,0.0,0.0,0.0,0.0,Angle < Critical
protons,11.557575757575757,24.545454545454547,0.0,0.0,0.0,0.0,0.0,0.0,Angle < Critical
protons,11.557575757575757,26.59090909090909,0.0,0.0,0.0,0.0,0.0,0.0,Angle < Critical
protons,11.557575757575757,28.636363636363637,0.0,0.0,0.0,0.0,0.0,0.0,Track below surface
protons,11.557575757575757,30.68181818181818,0.0,0.0,0.0,0.0,0.0,0.0,Track below surface
protons,11.557575757575757,32.72727272727273,0.0,0.0,0.0,0.0,0.0,0.0,Track below surface
protons,11.557575757575757,34.77272727272727,0.0,0.0,0.0,0.0,0.0,0.0,Track below surface
protons,11.557575757575757,36.81818181818182,0.0,0.0,0.0,0.0,0.0,0.0,Track below surface
protons,11.557575757575757,38.86363636363636,0.0,0.0,0.0,0.0,0.0,0.0,Track below surface
protons,11.557575757575757,40.90909090909091,0.0,0.0,0.0,0.0,0.0,0.0,Track below surface
protons,11.557575757575757,42.95454545454545,0.0,0.0,0.0,0.0,0.0,0.0,Track below surface
protons,11.557575757575757,45.0,0.0,0.0,0.0,0.0,0.0,0.0,Track below surface
protons,11.557575757575757,47.04545454545455,0.0,0.0,0.0,0.0,0.0,0.0,Track below surface
protons,11.557575757575757,49.09090909090909,0.0,0.0,0.0,0.0,0.0,0.0,Track below surface
protons,11.557575757575757,51.13636363636363,0.0,0.0,0.0,0.0,0.0,0.0,Track below surface
protons,11.557575757575757,53.18181818181818,0.0,0.0,0.0,0.0,0.0,0.0,Track below surface
protons,11.557575757575757,55.22727272727273,0.0,0.0,0.0,0.0,0.0,0.0,Track below surface
protons,11.557575757575757,57.27272727272727,0.0,0.0,0.0,0.0,0.0,0.0,Track below surface
protons,11.557575757575757,59.31818181818182,0.0,0.0,0.0,0.0,0.0,0.0,Track below surface
protons,11.557575757575757,61.36363636363636,0.0,0.0,0.0,0.0,0.0,0.0,Track below surface
protons,11.557575757575757,63.40909090909091,0.0,0.0,0.0,0.0,0.0,0.0,Track below surface
protons,11.557575757575757,65.45454545454545,0.0,0.0,0.0,0.0,0.0,0.0,Track below surface
protons,11.557575757575757,67.5,0.0,0.0,0.0,0.0,0.0,0.0,Track below surface
protons,11.557575757575757,69.54545454545455,0.0,0.0,0.0,0.0,0.0,0.0,Track below surface
protons,11.557575757575757,71.5909090909091,0.0,0.0,0.0,0.0,0.0,0.0,Track below surface
protons,11.557575757575757,73.63636363636364,0.0,0.0,0.0,0.0,0.0,0.0,Track below surface
protons,11.557575757575757,75.68181818181819,0.0,0.0,0.0,0.0,0.0,0.0,Track below surface
protons,11.557575757575757,77.72727272727272,0.0,0.0,0.0,0.0,0.0,0.0,Track below surface
protons,11.557575757575757,79.77272727272727,0.0,0.0,0.0,0.0,0.0,0.0,Track below surface
protons,11.557575757575757,81.81818181818181,0.0,0.0,0.0,0.0,0.0,0.0,Track below surface
protons,11.557575757575757,83.86363636363636,0.0,0.0,0.0,0.0,0.0,0.0,Track below surface
protons,11.557575757575757,85.9090909090909,0.0,0.0,0.0,0.0,0.0,0.0,Track below surface
protons,11.557575757575757,87.95454545454545,0.0,0.0,0.0,0.0,0.0,0.0,Track below surface
protons,11.557575757575757,90.0,0.00062309494239976,0.12718609520683544,0.12718609520683544,0.12698164279837576,0.0,0.012352129740268124,Developed
protons,11.758585858585858,0.0,0.0,0.0,0.0,0.0,0.0,0.0,Angle < Critical
protons,11.758585858585858,2.0454545454545454,0.0,0.0,0.0,0.0,0.0,0.0,Angle < Critical
protons,11.758585858585858,4.090909090909091,0.0,0.0,0.0,0.0,0.0,0.0,Angle < Critical
protons,11.758585858585858,6.136363636363637,0.0,0.0,0.0,0.0,0.0,0.0,Angle < Critical
protons,11.758585858585858,8.181818181818182,0.0,0.0,0.0,0.0,0.0,0.0,Angle < Critical
protons,11.758585858585858,10.227272727272727,0.0,0.0,0.0,0.0,0.0,0.0,Angle < Critical
protons,11.758585858585858,12.272727272727273,0.0,0.0,0.0,0.0,0.0,0.0,Angle < Critical
protons,11.758585858585858,14.318181818181818,0.0,0.0,0.0,0.0,0.0,0.0,Angle < Critical
protons,11.758585858585858,16.363636363636363,0.0,0.0,0.0,0.0,0.0,0.0,Angle < Critical
protons,11.758585858585858,18.40909090909091,0.0,0.0,0.0,0.0,0.0,0.0,Angle < Critical
protons,11.758585858585858,20.454545454545453,0.0,0.0,0.0,0.0,0.0,0.0,Angle < Critical
protons,11.758585858585858,22.5,0.0,0.0,0.0,0.0,0.0,0.0,Angle < Critical
protons,11.758585858585858,24.545454545454547,0.0,0.0,0.0,0.0,0.0,0.0,Angle < Critical
protons,11.758585858585858,26.59090909090909,0.0,0.0,0.0,0.0,0.0,0.0,Angle < Critical
protons,11.758585858585858,28.636363636363637,0.0,0.0,0.0,0.0,0.0,0.0,Track below surface
protons,11.758585858585858,30.68181818181818,0.0,0.0,0.0,0.0,0.0,0.0,Track below surface
protons,11.758585858585858,32.72727272727273,0.0,0.0,0.0,0.0,0.0,0.0,Track below surface
protons,11.758585858585858,34.77272727272727,0.0,0.0,0.0,0.0,0.0,0.0,Track below surface
protons,11.758585858585858,36.81818181818182,0.0,0.0,0.0,0.0,0.0,0.0,Track below surface
protons,11.758585858585858,38.86363636363636,0.0,0.0,0.0,0.0,0.0,0.0,Track below surface
protons,11.758585858585858,40.90909090909091,0.0,0.0,0.0,0.0,0.0,0.0,Track below surface
protons,11.758585858585858,42.95454545454545,0.0,0.0,0.0,0.0,0.0,0.0,Track below surface
protons,11.758585858585858,45.0,0.0,0.0,0.0,0.0,0.0,0.0,Track below surface
protons,11.758585858585858,47.04545454545455,0.0,0.0,0.0,0.0,0.0,0.0,Track below surface
protons,11.758585858585858,49.09090909090909,0.0,0.0,0.0,0.0,0.0,0.0,Track below surface
protons,11.758585858585858,51.13636363636363,0.0,0.0,0.0,0.0,0.0,0.0,Track below surface
protons,11.758585858585858,53.18181818181818,0.0,0.0,0.0,0.0,0.0,0.0,Track below surface
protons,11.758585858585858,55.22727272727273,0.0,0.0,0.0,0.0,0.0,0.0,Track below surface
protons,11.758585858585858,57.27272727272727,0.0,0.0,0.0,0.0,0.0,0.0,Track below surface
protons,11.758585858585858,59.31818181818182,0.0,0.0,0.0,0.0,0.0,0.0,Track below surface
protons,11.758585858585858,61.36363636363636,0.0,0.0,0.0,0.0,0.0,0.0,Track below surface
protons,11.758585858585858,63.40909090909091,0.0,0.0,0.0,0.0,0.0,0.0,Track below surface
protons,11.758585858585858,65.45454545454545,0.0,0.0,0.0,0.0,0.0,0.0,Track below surface
protons,11.758585858585858,67.5,0.0,0.0,0.0,0.0,0.0,0.0,Track below surface
protons,11.758585858585858,69.54545454545455,0.0,0.0,0.0,0.0,0.0,0.0,Track below surface
protons,11.758585858585858,71.5909090909091,0.0,0.0,0.0,0.0,0.0,0.0,Track below surface
protons,11.758585858585858,73.63636363636364,0.0,0.0,0.0,0.0,0.0,0.0,Track below surface
protons,11.758585858585858,75.68181818181819,0.0,0.0,0.0,0.0,0.0,0.0,Track below surface
protons,11.758585858585858,77.72727272727272,0.0,0.0,0.0,0.0,0.0,0.0,Track below surface
protons,11.758585858585858,79.77272727272727,0.0,0.0,0.0,0.0,0.0,0.0,Track below surface
protons,11.758585858585858,81.81818181818181,0.0,0.0,0.0,0.0,0.0,0.0,Track below surface
protons,11.758585858585858,83.86363636363636,0.0,0.0,0.0,0.0,0.0,0.0,Track below surface
protons,11.758585858585858,85.9090909090909,0.0,0.0,0.0,0.0,0.0,0.0,Track below surface
protons,11.758585858585858,87.95454545454545,0.0,0.0,0.0,0.0,0.0,0.0,Track below surface
protons,11.758585858585858,90.0,0.0004691662981084477,0.11036226854908801,0.11036226854908801,0.11018554645873749,0.0,0.009117992670533582,Developed
protons,11.959595959595958,0.0,0.0,0.0,0.0,0.0,0.0,0.0,Angle < Critical
protons,11.959595959595958,2.0454545454545454,0.0,0.0,0.0,0.0,0.0,0.0,Angle < Critical
protons,11.959595959595958,4.090909090909091,0.0,0.0,0.0,0.0,0.0,0.0,Angle < Critical
protons,11.959595959595958,6.136363636363637,0.0,0.0,0.0,0.0,0.0,0.0,Angle < Critical
protons,11.959595959595958,8.181818181818182,0.0,0.0,0.0,0.0,0.0,0.0,Angle < Critical
protons,11.959595959595958,10.227272727272727,0.0,0.0,0.0,0.0,0.0,0.0,Angle < Critical
protons,11.959595959595958,12.272727272727273,0.0,0.0,0.0,0.0,0.0,0.0,Angle < Critical
protons,11.959595959595958,14.318181818181818,0.0,0.0,0.0,0.0,0.0,0.0,Angle < Critical
protons,11.959595959595958,16.363636363636363,0.0,0.0,0.0,0.0,0.0,0.0,Angle < Critical
protons,11.959595959595958,18.40909090909091,0.0,0.0,0.0,0.0,0.0,0.0,Angle < Critical
protons,11.959595959595958,20.454545454545453,0.0,0.0,0.0,0.0,0.0,0.0,Angle < Critical
protons,11.959595959595958,22.5,0.0,0.0,0.0,0.0,0.0,0.0,Angle < Critical
protons,11.959595959595958,24.545454545454547,0.0,0.0,0.0,0.0,0.0,0.0,Angle < Critical
protons,11.959595959595958,26.59090909090909,0.0,0.0,0.0,0.0,0.0,0.0,Angle < Critical
protons,11.959595959595958,28.636363636363637,0.0,0.0,0.0,0.0,0.0,0.0,Track below surface
protons,11.959595959595958,30.68181818181818,0.0,0.0,0.0,0.0,0.0,0.0,Track below surface
protons,11.959595959595958,32.72727272727273,0.0,0.0,0.0,0.0,0.0,0.0,Track below surface
protons,11.959595959595958,34.77272727272727,0.0,0.0,0.0,0.0,0.0,0.0,Track below surface
protons,11.959595959595958,36.81818181818182,0.0,0.0,0.0,0.0,0.0,0.0,Track below surface
protons,11.959595959595958,38.86363636363636,0.0,0.0,0.0,0.0,0.0,0.0,Track below surface
protons,11.959595959595958,40.90909090909091,0.0,0.0,0.0,0.0,0.0,0.0,Track below surface
protons,11.959595959595958,42.95454545454545,0.0,0.0,0.0,0.0,0.0,0.0,Track below surface
protons,11.959595959595958,45.0,0.0,0.0,0.0,0.0,0.0,0.0,Track below surface
protons,11.959595959595958,47.04545454545455,0.0,0.0,0.0,0.0,0.0,0.0,Track below surface
protons,11.959595959595958,49.09090909090909,0.0,0.0,0.0,0.0,0.0,0.0,Track below surface
protons,11.959595959595958,51.13636363636363,0.0,0.0,0.0,0.0,0.0,0.0,Track below surface
protons,11.959595959595958,53.18181818181818,0.0,0.0,0.0,0.0,0.0,0.0,Track below surface
protons,11.959595959595958,55.22727272727273,0.0,0.0,0.0,0.0,0.0,0.0,Track below surface
protons,11.959595959595958,57.27272727272727,0.0,0.0,0.0,0.0,0.0,0.0,Track below surface
protons,11.959595959595958,59.31818181818182,0.0,0.0,0.0,0.0,0.0,0.0,Track below surface
protons,11.959595959595958,61.36363636363636,0.0,0.0,0.0,0.0,0.0,0.0,Track below surface
protons,11.959595959595958,63.40909090909091,0.0,0.0,0.0,0.0,0.0,0.0,Track below surface
protons,11.959595959595958,65.45454545454545,0.0,0.0,0.0,0.0,0.0,0.0,Track below surface
protons,11.959595959595958,67.5,0.0,0.0,0.0,0.0,0.0,0.0,Track below surface
protons,11.959595959595958,69.54545454545455,0.0,0.0,0.0,0.0,0.0,0.0,Track below surface
protons,11.959595959595958,71.5909090909091,0.0,0.0,0.0,0.0,0.0,0.0,Track below surface
protons,11.959595959595958,73.63636363636364,0.0,0.0,0.0,0.0,0.0,0.0,Track below surface
protons,11.959595959595958,75.68181818181819,0.0,0.0,0.0,0.0,0.0,0.0,Track below surface
protons,11.959595959595958,77.72727272727272,0.0,0.0,0.0,0.0,0.0,0.0,Track below surface
protons,11.959595959595958,79.77272727272727,0.0,0.0,0.0,0.0,0.0,0.0,Track below surface
protons,11.959595959595958,81.81818181818181,0.0,0.0,0.0,0.0,0.0,0.0,Track below surface
protons,11.959595959595958,83.86363636363636,0.0,0.0,0.0,0.0,0.0,0.0,Track below surface
protons,11.959595959595958,85.9090909090909,0.0,0.0,0.0,0.0,0.0,0.0,Track below surface
protons,11.959595959595958,87.95454545454545,0.0,0.0,0.0,0.0,0.0,0.0,Track below surface
protons,11.959595959595958,90.0,0.00035222210399155074,0.09562280659578903,0.09562280659578903,0.09547013846648683,0.0,0.006598678223109411,Developed
protons,12.16060606060606,0.0,0.0,0.0,0.0,0.0,0.0,0.0,Angle < Critical
protons,12.16060606060606,2.0454545454545454,0.0,0.0,0.0,0.0,0.0,0.0,Angle < Critical
protons,12.16060606060606,4.090909090909091,0.0,0.0,0.0,0.0,0.0,0.0,Angle < Critical
protons,12.16060606060606,6.136363636363637,0.0,0.0,0.0,0.0,0.0,0.0,Angle < Critical
protons,12.16060606060606,8.181818181818182,0.0,0.0,0.0,0.0,0.0,0.0,Angle < Critical
protons,12.16060606060606,10.227272727272727,0.0,0.0,0.0,0.0,0.0,0.0,Angle < Critical
protons,12.16060606060606,12.272727272727273,0.0,0.0,0.0,0.0,0.0,0.0,Angle < Critical
protons,12.16060606060606,14.318181818181818,0.0,0.0,0.0,0.0,0.0,0.0,Angle < Critical
protons,12.16060606060606,16.363636363636363,0.0,0.0,0.0,0.0,0.0,0.0,Angle < Critical
protons,12.16060606060606,18.40909090909091,0.0,0.0,0.0,0.0,0.0,0.0,Angle < Critical
protons,12.16060606060606,20.454545454545453,0.0,0.0,0.0,0.0,0.0,0.0,Angle < Critical
protons,12.16060606060606,22.5,0.0,0.0,0.0,0.0,0.0,0.0,Angle < Critical
protons,12.16060606060606,24.545454545454547,0.0,0.0,0.0,0.0,0.0,0.0,Angle < Critical
protons,12.16060606060606,26.59090909090909,0.0,0.0,0.0,0.0,0.0,0.0,Angle < Critical
protons,12.16060606060606,28.636363636363637,0.0,0.0,0.0,0.0,0.0,0.0,Track below surface
protons,12.16060606060606,30.68181818181818,0.0,0.0,0.0,0.0,0.0,0.0,Track below surface
protons,12.16060606060606,32.72727272727273,0.0,0.0,0.0,0.0,0.0,0.0,Track below surface
protons,12.16060606060606,34.77272727272727,0.0,0.0,0.0,0.0,0.0,0.0,Track below surface
protons,12.16060606060606,36.81818181818182,0.0,0.0,0.0,0.0,0.0,0.0,Track below surface
protons,12.16060606060606,38.86363636363636,0.0,0.0,0.0,0.0,0.0,0.0,Track below surface
protons,12.16060606060606,40.90909090909091,0.0,0.0,0.0,0.0,0.0,0.0,Track below surface
protons,12.16060606060606,42.95454545454545,0.0,0.0,0.0,0.0,0.0,0.0,Track below surface
protons,12.16060606060606,45.0,0.0,0.0,0.0,0.0,0.0,0.0,Track below surface
protons,12.16060606060606,47.04545454545455,0.0,0.0,0.0,0.0,0.0,0.0,Track below surface
protons,12.16060606060606,49.09090909090909,0.0,0.0,0.0,0.0,0.0,0.0,Track below surface
protons,12.16060606060606,51.13636363636363,0.0,0.0,0.0,0.0,0.0,0.0,Track below surface
protons,12.16060606060606,53.18181818181818,0.0,0.0,0.0,0.0,0.0,0.0,Track below surface
protons,12.16060606060606,55.22727272727273,0.0,0.0,0.0,0.0,0.0,0.0,Track below surface
protons,12.16060606060606,57.27272727272727,0.0,0.0,0.0,0.0,0.0,0.0,Track below surface
protons,12.16060606060606,59.31818181818182,0.0,0.0,0.0,0.0,0.0,0.0,Track below surface
protons,12.16060606060606,61.36363636363636,0.0,0.0,0.0,0.0,0.0,0.0,Track below surface
protons,12.16060606060606,63.40909090909091,0.0,0.0,0.0,0.0,0.0,0.0,Track below surface
protons,12.16060606060606,65.45454545454545,0.0,0.0,0.0,0.0,0.0,0.0,Track below surface
protons,12.16060606060606,67.5,0.0,0.0,0.0,0.0,0.0,0.0,Track below surface
protons,12.16060606060606,69.54545454545455,0.0,0.0,0.0,0.0,0.0,0.0,Track below surface
protons,12.16060606060606,71.5909090909091,0.0,0.0,0.0,0.0,0.0,0.0,Track below surface
protons,12.16060606060606,73.63636363636364,0.0,0.0,0.0,0.0,0.0,0.0,Track below surface
protons,12.16060606060606,75.68181818181819,0.0,0.0,0.0,0.0,0.0,0.0,Track below surface
protons,12.16060606060606,77.72727272727272,0.0,0.0,0.0,0.0,0.0,0.0,Track below surface
protons,12.16060606060606,79.77272727272727,0.0,0.0,0.0,0.0,0.0,0.0,Track below surface
protons,12.16060606060606,81.81818181818181,0.0,0.0,0.0,0.0,0.0,0.0,Track below surface
protons,12.16060606060606,83.86363636363636,0.0,0.0,0.0,0.0,0.0,0.0,Track below surface
protons,12.16060606060606,85.9090909090909,0.0,0.0,0.0,0.0,0.0,0.0,Track below surface
protons,12.16060606060606,87.95454545454545,0.0,0.0,0.0,0.0,0.0,0.0,Track below surface
protons,12.16060606060606,90.0,0.0002638095789819772,0.08275522326675633,0.08275522326675633,0.08262339452578997,0.0,0.004609234699321111,Developed
protons,12.36161616161616,0.0,0.0,0.0,0.0,0.0,0.0,0.0,Angle < Critical
protons,12.36161616161616,2.0454545454545454,0.0,0.0,0.0,0.0,0.0,0.0,Angle < Critical
protons,12.36161616161616,4.090909090909091,0.0,0.0,0.0,0.0,0.0,0.0,Angle < Critical
protons,12.36161616161616,6.136363636363637,0.0,0.0,0.0,0.0,0.0,0.0,Angle < Critical
protons,12.36161616161616,8.181818181818182,0.0,0.0,0.0,0.0,0.0,0.0,Angle < Critical
protons,12.36161616161616,10.227272727272727,0.0,0.0,0.0,0.0,0.0,0.0,Angle < Critical
protons,12.36161616161616,12.272727272727273,0.0,0.0,0.0,0.0,0.0,0.0,Angle < Critical
protons,12.36161616161616,14.318181818181818,0.0,0.0,0.0,0.0,0.0,0.0,Angle < Critical
protons,12.36161616161616,16.363636363636363,0.0,0.0,0.0,0.0,0.0,0.0,Angle < Critical
protons,12.36161616161616,18.40909090909091,0.0,0.0,0.0,0.0,0.0,0.0,Angle < Critical
protons,12.36161616161616,20.454545454545453,0.0,0.0,0.0,0.0,0.0,0.0,Angle < Critical
protons,12.36161616161616,22.5,0.0,0.0,0.0,0.0,0.0,0.0,Angle < Critical
protons,12.36161616161616,24.545454545454547,0.0,0.0,0.0,0.0,0.0,0.0,Angle < Critical
protons,12.36161616161616,26.59090909090909,0.0,0.0,0.0,0.0,0.0,0.0,Angle < Critical
protons,12.36161616161616,28.636363636363637,0.0,0.0,0.0,0.0,0.0,0.0,Track below surface
protons,12.36161616161616,30.68181818181818,0.0,0.0,0.0,0.0,0.0,0.0,Track below surface
protons,12.36161616161616,32.72727272727273,0.0,0.0,0.0,0.0,0.0,0.0,Track below surface
protons,12.36161616161616,34.77272727272727,0.0,0.0,0.0,0.0,0.0,0.0,Track below surface
protons,12.36161616161616,36.81818181818182,0.0,0.0,0.0,0.0,0.0,0.0,Track below surface
protons,12.36161616161616,38.86363636363636,0.0,0.0,0.0,0.0,0.0,0.0,Track below surface
protons,12.36161616161616,40.90909090909091,0.0,0.0,0.0,0.0,0.0,0.0,Track below surface
protons,12.36161616161616,42.95454545454545,0.0,0.0,0.0,0.0,0.0,0.0,Track below surface
protons,12.36161616161616,45.0,0.0,0.0,0.0,0.0,0.0,0.0,Track below surface
protons,12.36161616161616,47.04545454545455,0.0,0.0,0.0,0.0,0.0,0.0,Track below surface
protons,12.36161616161616,49.09090909090909,0.0,0.0,0.0,0.0,0.0,0.0,Track below surface
protons,12.36161616161616,51.13636363636363,0.0,0.0,0.0,0.0,0.0,0.0,Track below surface
protons,12.36161616161616,53.18181818181818,0.0,0.0,0.0,0.0,0.0,0.0,Track below surface
protons,12.36161616161616,55.22727272727273,0.0,0.0,0.0,0.0,0.0,0.0,Track below surface
protons,12.36161616161616,57.27272727272727,0.0,0.0,0.0,0.0,0.0,0.0,Track below surface
protons,12.36161616161616,59.31818181818182,0.0,0.0,0.0,0.0,0.0,0.0,Track below surface
protons,12.36161616161616,61.36363636363636,0.0,0.0,0.0,0.0,0.0,0.0,Track below surface
protons,12.36161616161616,63.40909090909091,0.0,0.0,0.0,0.0,0.0,0.0,Track below surface
protons,12.36161616161616,65.45454545454545,0.0,0.0,0.0,0.0,0.0,0.0,Track below surface
protons,12.36161616161616,67.5,0.0,0.0,0.0,0.0,0.0,0.0,Track below surface
protons,12.36161616161616,69.54545454545455,0.0,0.0,0.0,0.0,0.0,0.0,Track below surface
protons,12.36161616161616,71.5909090909091,0.0,0.0,0.0,0.0,0.0,0.0,Track below surface
protons,12.36161616161616,73.63636363636364,0.0,0.0,0.0,0.0,0.0,0.0,Track below surface
protons,12.36161616161616,75.68181818181819,0.0,0.0,0.0,0.0,0.0,0.0,Track below surface
protons,12.36161616161616,77.72727272727272,0.0,0.0,0.0,0.0,0.0,0.0,Track below surface
protons,12.36161616161616,79.77272727272727,0.0,0.0,0.0,0.0,0.0,0.0,Track below surface
protons,12.36161616161616,81.81818181818181,0.0,0.0,0.0,0.0,0.0,0.0,Track below surface
protons,12.36161616161616,83.86363636363636,0.0,0.0,0.0,0.0,0.0,0.0,Track below surface
protons,12.36161616161616,85.9090909090909,0.0,0.0,0.0,0.0,0.0,0.0,Track below surface
protons,12.36161616161616,87.95454545454545,0.0,0.0,0.0,0.0,0.0,0.0,Track below surface
protons,12.36161616161616,90.0,0.00019724309223434489,0.07155644251860488,0.07155644251860488,0.07144264590441095,0.0,0.0029959196508959384,Developed
protons,12.562626262626262,0.0,0.0,0.0,0.0,0.0,0.0,0.0,Angle < Critical
protons,12.562626262626262,2.0454545454545454,0.0,0.0,0.0,0.0,0.0,0.0,Angle < Critical
protons,12.562626262626262,4.090909090909091,0.0,0.0,0.0,0.0,0.0,0.0,Angle < Critical
protons,12.562626262626262,6.136363636363637,0.0,0.0,0.0,0.0,0.0,0.0,Angle < Critical
protons,12.562626262626262,8.181818181818182,0.0,0.0,0.0,0.0,0.0,0.0,Angle < Critical
protons,12.562626262626262,10.227272727272727,0.0,0.0,0.0,0.0,0.0,0.0,Angle < Critical
protons,12.562626262626262,12.272727272727273,0.0,0.0,0.0,0.0,0.0,0.0,Angle < Critical
protons,12.562626262626262,14.318181818181818,0.0,0.0,0.0,0.0,0.0,0.0,Angle < Critical
protons,12.562626262626262,16.363636363636363,0.0,0.0,0.0,0.0,0.0,0.0,Angle < Critical
protons,12.562626262626262,18.40909090909091,0.0,0.0,0.0,0.0,0.0,0.0,Angle < Critical
protons,12.562626262626262,20.454545454545453,0.0,0.0,0.0,0.0,0.0,0.0,Angle < Critical
protons,12.562626262626262,22.5,0.0,0.0,0.0,0.0,0.0,0.0,Angle < Critical
protons,12.562626262626262,24.545454545454547,0.0,0.0,0.0,0.0,0.0,0.0,Angle < Critical
protons,12.562626262626262,26.59090909090909,0.0,0.0,0.0,0.0,0.0,0.0,Angle < Critical
protons,12.562626262626262,28.636363636363637,0.0,0.0,0.0,0.0,0.0,0.0,Track below surface
protons,12.562626262626262,30.68181818181818,0.0,0.0,0.0,0.0,0.0,0.0,Track below surface
protons,12.562626262626262,32.72727272727273,0.0,0.0,0.0,0.0,0.0,0.0,Track below surface
protons,12.562626262626262,34.77272727272727,0.0,0.0,0.0,0.0,0.0,0.0,Track below surface
protons,12.562626262626262,36.81818181818182,0.0,0.0,0.0,0.0,0.0,0.0,Track below surface
protons,12.562626262626262,38.86363636363636,0.0,0.0,0.0,0.0,0.0,0.0,Track below surface
protons,12.562626262626262,40.90909090909091,0.0,0.0,0.0,0.0,0.0,0.0,Track below surface
protons,12.562626262626262,42.95454545454545,0.0,0.0,0.0,0.0,0.0,0.0,Track below surface
protons,12.562626262626262,45.0,0.0,0.0,0.0,0.0,0.0,0.0,Track below surface
protons,12.562626262626262,47.04545454545455,0.0,0.0,0.0,0.0,0.0,0.0,Track below surface
protons,12.562626262626262,49.09090909090909,0.0,0.0,0.0,0.0,0.0,0.0,Track below surface
protons,12.562626262626262,51.13636363636363,0.0,0.0,0.0,0.0,0.0,0.0,Track below surface
protons,12.562626262626262,53.18181818181818,0.0,0.0,0.0,0.0,0.0,0.0,Track below surface
protons,12.562626262626262,55.22727272727273,0.0,0.0,0.0,0.0,0.0,0.0,Track below surface
protons,12.562626262626262,57.27272727272727,0.0,0.0,0.0,0.0,0.0,0.0,Track below surface
protons,12.562626262626262,59.31818181818182,0.0,0.0,0.0,0.0,0.0,0.0,Track below surface
protons,12.562626262626262,61.36363636363636,0.0,0.0,0.0,0.0,0.0,0.0,Track below surface
protons,12.562626262626262,63.40909090909091,0.0,0.0,0.0,0.0,0.0,0.0,Track below surface
protons,12.562626262626262,65.45454545454545,0.0,0.0,0.0,0.0,0.0,0.0,Track below surface
protons,12.562626262626262,67.5,0.0,0.0,0.0,0.0,0.0,0.0,Track below surface
protons,12.562626262626262,69.54545454545455,0.0,0.0,0.0,0.0,0.0,0.0,Track below surface
protons,12.562626262626262,71.5909090909091,0.0,0.0,0.0,0.0,0.0,0.0,Track below surface
protons,12.562626262626262,73.63636363636364,0.0,0.0,0.0,0.0,0.0,0.0,Track below surface
protons,12.562626262626262,75.68181818181819,0.0,0.0,0.0,0.0,0.0,0.0,Track below surface
protons,12.562626262626262,77.72727272727272,0.0,0.0,0.0,0.0,0.0,0.0,Track below surface
protons,12.562626262626262,79.77272727272727,0.0,0.0,0.0,0.0,0.0,0.0,Track below surface
protons,12.562626262626262,81.81818181818181,0.0,0.0,0.0,0.0,0.0,0.0,Track below surface
protons,12.562626262626262,83.86363636363636,0.0,0.0,0.0,0.0,0.0,0.0,Track below surface
protons,12.562626262626262,85.9090909090909,0.0,0.0,0.0,0.0,0.0,0.0,Track below surface
protons,12.562626262626262,87.95454545454545,0.0,0.0,0.0,0.0,0.0,0.0,Track below surface
protons,12.562626262626262,90.0,0.00014699029184583878,0.0617718251490626,0.0617718251490626,0.06167371475946617,0.0,0.001619015493496238,Developed
protons,12.763636363636362,0.0,0.0,0.0,0.0,0.0,0.0,0.0,Angle < Critical
protons,12.763636363636362,2.0454545454545454,0.0,0.0,0.0,0.0,0.0,0.0,Angle < Critical
protons,12.763636363636362,4.090909090909091,0.0,0.0,0.0,0.0,0.0,0.0,Angle < Critical
protons,12.763636363636362,6.136363636363637,0.0,0.0,0.0,0.0,0.0,0.0,Angle < Critical
protons,12.763636363636362,8.181818181818182,0.0,0.0,0.0,0.0,0.0,0.0,Angle < Critical
protons,12.763636363636362,10.227272727272727,0.0,0.0,0.0,0.0,0.0,0.0,Angle < Critical
protons,12.763636363636362,12.272727272727273,0.0,0.0,0.0,0.0,0.0,0.0,Angle < Critical
protons,12.763636363636362,14.318181818181818,0.0,0.0,0.0,0.0,0.0,0.0,Angle < Critical
protons,12.763636363636362,16.363636363636363,0.0,0.0,0.0,0.0,0.0,0.0,Angle < Critical
protons,12.763636363636362,18.40909090909091,0.0,0.0,0.0,0.0,0.0,0.0,Angle < Critical
protons,12.763636363636362,20.454545454545453,0.0,0.0,0.0,0.0,0.0,0.0,Angle < Critical
protons,12.763636363636362,22.5,0.0,0.0,0.0,0.0,0.0,0.0,Angle < Critical
protons,12.763636363636362,24.545454545454547,0.0,0.0,0.0,0.0,0.0,0.0,Angle < Critical
protons,12.763636363636362,26.59090909090909,0.0,0.0,0.0,0.0,0.0,0.0,Angle < Critical
protons,12.763636363636362,28.636363636363637,0.0,0.0,0.0,0.0,0.0,0.0,Track below surface
protons,12.763636363636362,30.68181818181818,0.0,0.0,0.0,0.0,0.0,0.0,Track below surface
protons,12.763636363636362,32.72727272727273,0.0,0.0,0.0,0.0,0.0,0.0,Track below surface
protons,12.763636363636362,34.77272727272727,0.0,0.0,0.0,0.0,0.0,0.0,Track below surface
protons,12.763636363636362,36.81818181818182,0.0,0.0,0.0,0.0,0.0,0.0,Track below surface
protons,12.763636363636362,38.86363636363636,0.0,0.0,0.0,0.0,0.0,0.0,Track below surface
protons,12.763636363636362,40.90909090909091,0.0,0.0,0.0,0.0,0.0,0.0,Track below surface
protons,12.763636363636362,42.95454545454545,0.0,0.0,0.0,0.0,0.0,0.0,Track below surface
protons,12.763636363636362,45.0,0.0,0.0,0.0,0.0,0.0,0.0,Track below surface
protons,12.763636363636362,47.04545454545455,0.0,0.0,0.0,0.0,0.0,0.0,Track below surface
protons,12.763636363636362,49.09090909090909,0.0,0.0,0.0,0.0,0.0,0.0,Track below surface
protons,12.763636363636362,51.13636363636363,0.0,0.0,0.0,0.0,0.0,0.0,Track below surface
protons,12.763636363636362,53.18181818181818,0.0,0.0,0.0,0.0,0.0,0.0,Track below surface
protons,12.763636363636362,55.22727272727273,0.0,0.0,0.0,0.0,0.0,0.0,Track below surface
protons,12.763636363636362,57.27272727272727,0.0,0.0,0.0,0.0,0.0,0.0,Track below surface
protons,12.763636363636362,59.31818181818182,0.0,0.0,0.0,0.0,0.0,0.0,Track below surface
protons,12.763636363636362,61.36363636363636,0.0,0.0,0.0,0.0,0.0,0.0,Track below surface
protons,12.763636363636362,63.40909090909091,0.0,0.0,0.0,0.0,0.0,0.0,Track below surface
protons,12.763636363636362,65.45454545454545,0.0,0.0,0.0,0.0,0.0,0.0,Track below surface
protons,12.763636363636362,67.5,0.0,0.0,0.0,0.0,0.0,0.0,Track below surface
protons,12.763636363636362,69.54545454545455,0.0,0.0,0.0,0.0,0.0,0.0,Track below surface
protons,12.763636363636362,71.5909090909091,0.0,0.0,0.0,0.0,0.0,0.0,Track below surface
protons,12.763636363636362,73.63636363636364,0.0,0.0,0.0,0.0,0.0,0.0,Track below surface
protons,12.763636363636362,75.68181818181819,0.0,0.0,0.0,0.0,0.0,0.0,Track below surface
protons,12.763636363636362,77.72727272727272,0.0,0.0,0.0,0.0,0.0,0.0,Track below surface
protons,12.763636363636362,79.77272727272727,0.0,0.0,0.0,0.0,0.0,0.0,Track below surface
protons,12.763636363636362,81.81818181818181,0.0,0.0,0.0,0.0,0.0,0.0,Track below surface
protons,12.763636363636362,83.86363636363636,0.0,0.0,0.0,0.0,0.0,0.0,Track below surface
protons,12.763636363636362,85.9090909090909,0.0,0.0,0.0,0.0,0.0,0.0,Track below surface
protons,12.763636363636362,87.95454545454545,0.0,0.0,0.0,0.0,0.0,0.0,Track below surface
protons,12.763636363636362,90.0,0.00010900975550143244,0.053195816670012434,0.053195816670012434,0.053111408987243244,0.0,0.000355805567588925,Developed
protons,12.964646464646464,0.0,0.0,0.0,0.0,0.0,0.0,0.0,Angle < Critical
protons,12.964646464646464,2.0454545454545454,0.0,0.0,0.0,0.0,0.0,0.0,Angle < Critical
protons,12.964646464646464,4.090909090909091,0.0,0.0,0.0,0.0,0.0,0.0,Angle < Critical
protons,12.964646464646464,6.136363636363637,0.0,0.0,0.0,0.0,0.0,0.0,Angle < Critical
protons,12.964646464646464,8.181818181818182,0.0,0.0,0.0,0.0,0.0,0.0,Angle < Critical
protons,12.964646464646464,10.227272727272727,0.0,0.0,0.0,0.0,0.0,0.0,Angle < Critical
protons,12.964646464646464,12.272727272727273,0.0,0.0,0.0,0.0,0.0,0.0,Angle < Critical
protons,12.964646464646464,14.318181818181818,0.0,0.0,0.0,0.0,0.0,0.0,Angle < Critical
protons,12.964646464646464,16.363636363636363,0.0,0.0,0.0,0.0,0.0,0.0,Angle < Critical
protons,12.964646464646464,18.40909090909091,0.0,0.0,0.0,0.0,0.0,0.0,Angle < Critical
protons,12.964646464646464,20.454545454545453,0.0,0.0,0.0,0.0,0.0,0.0,Angle < Critical
protons,12.964646464646464,22.5,0.0,0.0,0.0,0.0,0.0,0.0,Angle < Critical
protons,12.964646464646464,24.545454545454547,0.0,0.0,0.0,0.0,0.0,0.0,Angle < Critical
protons,12.964646464646464,26.59090909090909,0.0,0.0,0.0,0.0,0.0,0.0,Angle < Critical
protons,12.964646464646464,28.636363636363637,0.0,0.0,0.0,0.0,0.0,0.0,Track below surface
protons,12.964646464646464,30.68181818181818,0.0,0.0,0.0,0.0,0.0,0.0,Track below surface
protons,12.964646464646464,32.72727272727273,0.0,0.0,0.0,0.0,0.0,0.0,Track below surface
protons,12.964646464646464,34.77272727272727,0.0,0.0,0.0,0.0,0.0,0.0,Track below surface
protons,12.964646464646464,36.81818181818182,0.0,0.0,0.0,0.0,0.0,0.0,Track below surface
protons,12.964646464646464,38.86363636363636,0.0,0.0,0.0,0.0,0.0,0.0,Track below surface
protons,12.964646464646464,40.90909090909091,0.0,0.0,0.0,0.0,0.0,0.0,Track below surface
protons,12.964646464646464,42.95454545454545,0.0,0.0,0.0,0.0,0.0,0.0,Track below surface
protons,12.964646464646464,45.0,0.0,0.0,0.0,0.0,0.0,0.0,Track below surface
protons,12.964646464646464,47.04545454545455,0.0,0.0,0.0,0.0,0.0,0.0,Track below surface
protons,12.964646464646464,49.09090909090909,0.0,0.0,0.0,0.0,0.0,0.0,Track below surface
protons,12.964646464646464,51.13636363636363,0.0,0.0,0.0,0.0,0.0,0.0,Track below surface
protons,12.964646464646464,53.18181818181818,0.0,0.0,0.0,0.0,0.0,0.0,Track below surface
protons,12.964646464646464,55.22727272727273,0.0,0.0,0.0,0.0,0.0,0.0,Track below surface
protons,12.964646464646464,57.27272727272727,0.0,0.0,0.0,0.0,0.0,0.0,Track below surface
protons,12.964646464646464,59.31818181818182,0.0,0.0,0.0,0.0,0.0,0.0,Track below surface
protons,12.964646464646464,61.36363636363636,0.0,0.0,0.0,0.0,0.0,0.0,Track below surface
protons,12.964646464646464,63.40909090909091,0.0,0.0,0.0,0.0,0.0,0.0,Track below surface
protons,12.964646464646464,65.45454545454545,0.0,0.0,0.0,0.0,0.0,0.0,Track below surface
protons,12.964646464646464,67.5,0.0,0.0,0.0,0.0,0.0,0.0,Track below surface
protons,12.964646464646464,69.54545454545455,0.0,0.0,0.0,0.0,0.0,0.0,Track below surface
protons,12.964646464646464,71.5909090909091,0.0,0.0,0.0,0.0,0.0,0.0,Track below surface
protons,12.964646464646464,73.63636363636364,0.0,0.0,0.0,0.0,0.0,0.0,Track below surface
protons,12.964646464646464,75.68181818181819,0.0,0.0,0.0,0.0,0.0,0.0,Track below surface
protons,12.964646464646464,77.72727272727272,0.0,0.0,0.0,0.0,0.0,0.0,Track below surface
protons,12.964646464646464,79.77272727272727,0.0,0.0,0.0,0.0,0.0,0.0,Track below surface
protons,12.964646464646464,81.81818181818181,0.0,0.0,0.0,0.0,0.0,0.0,Track below surface
protons,12.964646464646464,83.86363636363636,0.0,0.0,0.0,0.0,0.0,0.0,Track below surface
protons,12.964646464646464,85.9090909090909,0.0,0.0,0.0,0.0,0.0,0.0,Track below surface
protons,12.964646464646464,87.95454545454545,0.0,0.0,0.0,0.0,0.0,0.0,Track below surface
protons,12.964646464646464,90.0,8.032415180814212e-05,0.04566325679155843,0.04566325679155843,0.0569649589147432,0.0,0.0009159711126676686,Developed
protons,13.165656565656565,0.0,0.0,0.0,0.0,0.0,0.0,0.0,Angle < Critical
protons,13.165656565656565,2.0454545454545454,0.0,0.0,0.0,0.0,0.0,0.0,Angle < Critical
protons,13.165656565656565,4.090909090909091,0.0,0.0,0.0,0.0,0.0,0.0,Angle < Critical
protons,13.165656565656565,6.136363636363637,0.0,0.0,0.0,0.0,0.0,0.0,Angle < Critical
protons,13.165656565656565,8.181818181818182,0.0,0.0,0.0,0.0,0.0,0.0,Angle < Critical
protons,13.165656565656565,10.227272727272727,0.0,0.0,0.0,0.0,0.0,0.0,Angle < Critical
protons,13.165656565656565,12.272727272727273,0.0,0.0,0.0,0.0,0.0,0.0,Angle < Critical
protons,13.165656565656565,14.318181818181818,0.0,0.0,0.0,0.0,0.0,0.0,Angle < Critical
protons,13.165656565656565,16.363636363636363,0.0,0.0,0.0,0.0,0.0,0.0,Angle < Critical
protons,13.165656565656565,18.40909090909091,0.0,0.0,0.0,0.0,0.0,0.0,Angle < Critical
protons,13.165656565656565,20.454545454545453,0.0,0.0,0.0,0.0,0.0,0.0,Angle < Critical
protons,13.165656565656565,22.5,0.0,0.0,0.0,0.0,0.0,0.0,Angle < Critical
protons,13.165656565656565,24.545454545454547,0.0,0.0,0.0,0.0,0.0,0.0,Angle < Critical
protons,13.165656565656565,26.59090909090909,0.0,0.0,0.0,0.0,0.0,0.0,Angle < Critical
protons,13.165656565656565,28.636363636363637,0.0,0.0,0.0,0.0,0.0,0.0,Track below surface
protons,13.165656565656565,30.68181818181818,0.0,0.0,0.0,0.0,0.0,0.0,Track below surface
protons,13.165656565656565,32.72727272727273,0.0,0.0,0.0,0.0,0.0,0.0,Track below surface
protons,13.165656565656565,34.77272727272727,0.0,0.0,0.0,0.0,0.0,0.0,Track below surface
protons,13.165656565656565,36.81818181818182,0.0,0.0,0.0,0.0,0.0,0.0,Track below surface
protons,13.165656565656565,38.86363636363636,0.0,0.0,0.0,0.0,0.0,0.0,Track below surface
protons,13.165656565656565,40.90909090909091,0.0,0.0,0.0,0.0,0.0,0.0,Track below surface
protons,13.165656565656565,42.95454545454545,0.0,0.0,0.0,0.0,0.0,0.0,Track below surface
protons,13.165656565656565,45.0,0.0,0.0,0.0,0.0,0.0,0.0,Track below surface
protons,13.165656565656565,47.04545454545455,0.0,0.0,0.0,0.0,0.0,0.0,Track below surface
protons,13.165656565656565,49.09090909090909,0.0,0.0,0.0,0.0,0.0,0.0,Track below surface
protons,13.165656565656565,51.13636363636363,0.0,0.0,0.0,0.0,0.0,0.0,Track below surface
protons,13.165656565656565,53.18181818181818,0.0,0.0,0.0,0.0,0.0,0.0,Track below surface
protons,13.165656565656565,55.22727272727273,0.0,0.0,0.0,0.0,0.0,0.0,Track below surface
protons,13.165656565656565,57.27272727272727,0.0,0.0,0.0,0.0,0.0,0.0,Track below surface
protons,13.165656565656565,59.31818181818182,0.0,0.0,0.0,0.0,0.0,0.0,Track below surface
protons,13.165656565656565,61.36363636363636,0.0,0.0,0.0,0.0,0.0,0.0,Track below surface
protons,13.165656565656565,63.40909090909091,0.0,0.0,0.0,0.0,0.0,0.0,Track below surface
protons,13.165656565656565,65.45454545454545,0.0,0.0,0.0,0.0,0.0,0.0,Track below surface
protons,13.165656565656565,67.5,0.0,0.0,0.0,0.0,0.0,0.0,Track below surface
protons,13.165656565656565,69.54545454545455,0.0,0.0,0.0,0.0,0.0,0.0,Track below surface
protons,13.165656565656565,71.5909090909091,0.0,0.0,0.0,0.0,0.0,0.0,Track below surface
protons,13.165656565656565,73.63636363636364,0.0,0.0,0.0,0.0,0.0,0.0,Track below surface
protons,13.165656565656565,75.68181818181819,0.0,0.0,0.0,0.0,0.0,0.0,Track below surface
protons,13.165656565656565,77.72727272727272,0.0,0.0,0.0,0.0,0.0,0.0,Track below surface
protons,13.165656565656565,79.77272727272727,0.0,0.0,0.0,0.0,0.0,0.0,Track below surface
protons,13.165656565656565,81.81818181818181,0.0,0.0,0.0,0.0,0.0,0.0,Track below surface
protons,13.165656565656565,83.86363636363636,0.0,0.0,0.0,0.0,0.0,0.0,Track below surface
protons,13.165656565656565,85.9090909090909,0.0,0.0,0.0,0.0,0.0,0.0,Track below surface
protons,13.165656565656565,87.95454545454545,0.0,0.0,0.0,0.0,0.0,0.0,Track below surface
protons,13.165656565656565,90.0,5.8708647667771174e-05,0.03903858827494587,0.03903858827494587,0.06706281271491858,0.0,0.002338636065144419,Developed
protons,13.366666666666665,0.0,0.0,0.0,0.0,0.0,0.0,0.0,Angle < Critical
protons,13.366666666666665,2.0454545454545454,0.0,0.0,0.0,0.0,0.0,0.0,Angle < Critical
protons,13.366666666666665,4.090909090909091,0.0,0.0,0.0,0.0,0.0,0.0,Angle < Critical
protons,13.366666666666665,6.136363636363637,0.0,0.0,0.0,0.0,0.0,0.0,Angle < Critical
protons,13.366666666666665,8.181818181818182,0.0,0.0,0.0,0.0,0.0,0.0,Angle < Critical
protons,13.366666666666665,10.227272727272727,0.0,0.0,0.0,0.0,0.0,0.0,Angle < Critical
protons,13.366666666666665,12.272727272727273,0.0,0.0,0.0,0.0,0.0,0.0,Angle < Critical
protons,13.366666666666665,14.318181818181818,0.0,0.0,0.0,0.0,0.0,0.0,Angle < Critical
protons,13.366666666666665,16.363636363636363,0.0,0.0,0.0,0.0,0.0,0.0,Angle < Critical
protons,13.366666666666665,18.40909090909091,0.0,0.0,0.0,0.0,0.0,0.0,Angle < Critical
protons,13.366666666666665,20.454545454545453,0.0,0.0,0.0,0.0,0.0,0.0,Angle < Critical
protons,13.366666666666665,22.5,0.0,0.0,0.0,0.0,0.0,0.0,Angle < Critical
protons,13.366666666666665,24.545454545454547,0.0,0.0,0.0,0.0,0.0,0.0,Angle < Critical
protons,13.366666666666665,26.59090909090909,0.0,0.0,0.0,0.0,0.0,0.0,Angle < Critical
protons,13.366666666666665,28.636363636363637,0.0,0.0,0.0,0.0,0.0,0.0,Track below surface
protons,13.366666666666665,30.68181818181818,0.0,0.0,0.0,0.0,0.0,0.0,Track below surface
protons,13.366666666666665,32.72727272727273,0.0,0.0,0.0,0.0,0.0,0.0,Track below surface
protons,13.366666666666665,34.77272727272727,0.0,0.0,0.0,0.0,0.0,0.0,Track below surface
protons,13.366666666666665,36.81818181818182,0.0,0.0,0.0,0.0,0.0,0.0,Track below surface
protons,13.366666666666665,38.86363636363636,0.0,0.0,0.0,0.0,0.0,0.0,Track below surface
protons,13.366666666666665,40.90909090909091,0.0,0.0,0.0,0.0,0.0,0.0,Track below surface
protons,13.366666666666665,42.95454545454545,0.0,0.0,0.0,0.0,0.0,0.0,Track below surface
protons,13.366666666666665,45.0,0.0,0.0,0.0,0.0,0.0,0.0,Track below surface
protons,13.366666666666665,47.04545454545455,0.0,0.0,0.0,0.0,0.0,0.0,Track below surface
protons,13.366666666666665,49.09090909090909,0.0,0.0,0.0,0.0,0.0,0.0,Track below surface
protons,13.366666666666665,51.13636363636363,0.0,0.0,0.0,0.0,0.0,0.0,Track below surface
protons,13.366666666666665,53.18181818181818,0.0,0.0,0.0,0.0,0.0,0.0,Track below surface
protons,13.366666666666665,55.22727272727273,0.0,0.0,0.0,0.0,0.0,0.0,Track below surface
protons,13.366666666666665,57.27272727272727,0.0,0.0,0.0,0.0,0.0,0.0,Track below surface
protons,13.366666666666665,59.31818181818182,0.0,0.0,0.0,0.0,0.0,0.0,Track below surface
protons,13.366666666666665,61.36363636363636,0.0,0.0,0.0,0.0,0.0,0.0,Track below surface
protons,13.366666666666665,63.40909090909091,0.0,0.0,0.0,0.0,0.0,0.0,Track below surface
protons,13.366666666666665,65.45454545454545,0.0,0.0,0.0,0.0,0.0,0.0,Track below surface
protons,13.366666666666665,67.5,0.0,0.0,0.0,0.0,0.0,0.0,Track below surface
protons,13.366666666666665,69.54545454545455,0.0,0.0,0.0,0.0,0.0,0.0,Track below surface
protons,13.366666666666665,71.5909090909091,0.0,0.0,0.0,0.0,0.0,0.0,Track below surface
protons,13.366666666666665,73.63636363636364,0.0,0.0,0.0,0.0,0.0,0.0,Track below surface
protons,13.366666666666665,75.68181818181819,0.0,0.0,0.0,0.0,0.0,0.0,Track below surface
protons,13.366666666666665,77.72727272727272,0.0,0.0,0.0,0.0,0.0,0.0,Track below surface
protons,13.366666666666665,79.77272727272727,0.0,0.0,0.0,0.0,0.0,0.0,Track below surface
protons,13.366666666666665,81.81818181818181,0.0,0.0,0.0,0.0,0.0,0.0,Track below surface
protons,13.366666666666665,83.86363636363636,0.0,0.0,0.0,0.0,0.0,0.0,Track below surface
protons,13.366666666666665,85.9090909090909,0.0,0.0,0.0,0.0,0.0,0.0,Track below surface
protons,13.366666666666665,87.95454545454545,0.0,0.0,0.0,0.0,0.0,0.0,Track below surface
protons,13.366666666666665,90.0,4.257252321693272e-05,0.03324353492970222,0.03324353492970222,0.06556451056596505,0.0013893884201158437,0.0025139643524187422,Developed
protons,13.567676767676767,0.0,0.0,0.0,0.0,0.0,0.0,0.0,Angle < Critical
protons,13.567676767676767,2.0454545454545454,0.0,0.0,0.0,0.0,0.0,0.0,Angle < Critical
protons,13.567676767676767,4.090909090909091,0.0,0.0,0.0,0.0,0.0,0.0,Angle < Critical
protons,13.567676767676767,6.136363636363637,0.0,0.0,0.0,0.0,0.0,0.0,Angle < Critical
protons,13.567676767676767,8.181818181818182,0.0,0.0,0.0,0.0,0.0,0.0,Angle < Critical
protons,13.567676767676767,10.227272727272727,0.0,0.0,0.0,0.0,0.0,0.0,Angle < Critical
protons,13.567676767676767,12.272727272727273,0.0,0.0,0.0,0.0,0.0,0.0,Angle < Critical
protons,13.567676767676767,14.318181818181818,0.0,0.0,0.0,0.0,0.0,0.0,Angle < Critical
protons,13.567676767676767,16.363636363636363,0.0,0.0,0.0,0.0,0.0,0.0,Angle < Critical
protons,13.567676767676767,18.40909090909091,0.0,0.0,0.0,0.0,0.0,0.0,Angle < Critical
protons,13.567676767676767,20.454545454545453,0.0,0.0,0.0,0.0,0.0,0.0,Angle < Critical
protons,13.567676767676767,22.5,0.0,0.0,0.0,0.0,0.0,0.0,Angle < Critical
protons,13.567676767676767,24.545454545454547,0.0,0.0,0.0,0.0,0.0,0.0,Angle < Critical
protons,13.567676767676767,26.59090909090909,0.0,0.0,0.0,0.0,0.0,0.0,Angle < Critical
protons,13.567676767676767,28.636363636363637,0.0,0.0,0.0,0.0,0.0,0.0,Track below surface
protons,13.567676767676767,30.68181818181818,0.0,0.0,0.0,0.0,0.0,0.0,Track below surface
protons,13.567676767676767,32.72727272727273,0.0,0.0,0.0,0.0,0.0,0.0,Track below surface
protons,13.567676767676767,34.77272727272727,0.0,0.0,0.0,0.0,0.0,0.0,Track below surface
protons,13.567676767676767,36.81818181818182,0.0,0.0,0.0,0.0,0.0,0.0,Track below surface
protons,13.567676767676767,38.86363636363636,0.0,0.0,0.0,0.0,0.0,0.0,Track below surface
protons,13.567676767676767,40.90909090909091,0.0,0.0,0.0,0.0,0.0,0.0,Track below surface
protons,13.567676767676767,42.95454545454545,0.0,0.0,0.0,0.0,0.0,0.0,Track below surface
protons,13.567676767676767,45.0,0.0,0.0,0.0,0.0,0.0,0.0,Track below surface
protons,13.567676767676767,47.04545454545455,0.0,0.0,0.0,0.0,0.0,0.0,Track below surface
protons,13.567676767676767,49.09090909090909,0.0,0.0,0.0,0.0,0.0,0.0,Track below surface
protons,13.567676767676767,51.13636363636363,0.0,0.0,0.0,0.0,0.0,0.0,Track below surface
protons,13.567676767676767,53.18181818181818,0.0,0.0,0.0,0.0,0.0,0.0,Track below surface
protons,13.567676767676767,55.22727272727273,0.0,0.0,0.0,0.0,0.0,0.0,Track below surface
protons,13.567676767676767,57.27272727272727,0.0,0.0,0.0,0.0,0.0,0.0,Track below surface
protons,13.567676767676767,59.31818181818182,0.0,0.0,0.0,0.0,0.0,0.0,Track below surface
protons,13.567676767676767,61.36363636363636,0.0,0.0,0.0,0.0,0.0,0.0,Track below surface
protons,13.567676767676767,63.40909090909091,0.0,0.0,0.0,0.0,0.0,0.0,Track below surface
protons,13.567676767676767,65.45454545454545,0.0,0.0,0.0,0.0,0.0,0.0,Track below surface
protons,13.567676767676767,67.5,0.0,0.0,0.0,0.0,0.0,0.0,Track below surface
protons,13.567676767676767,69.54545454545455,0.0,0.0,0.0,0.0,0.0,0.0,Track below surface
protons,13.567676767676767,71.5909090909091,0.0,0.0,0.0,0.0,0.0,0.0,Track below surface
protons,13.567676767676767,73.63636363636364,0.0,0.0,0.0,0.0,0.0,0.0,Track below surface
protons,13.567676767676767,75.68181818181819,0.0,0.0,0.0,0.0,0.0,0.0,Track below surface
protons,13.567676767676767,77.72727272727272,0.0,0.0,0.0,0.0,0.0,0.0,Track below surface
protons,13.567676767676767,79.77272727272727,0.0,0.0,0.0,0.0,0.0,0.0,Track below surface
protons,13.567676767676767,81.81818181818181,0.0,0.0,0.0,0.0,0.0,0.0,Track below surface
protons,13.567676767676767,83.86363636363636,0.0,0.0,0.0,0.0,0.0,0.0,Track below surface
protons,13.567676767676767,85.9090909090909,0.0,0.0,0.0,0.0,0.0,0.0,Track below surface
protons,13.567676767676767,87.95454545454545,0.0,0.0,0.0,0.0,0.0,0.0,Track below surface
protons,13.567676767676767,90.0,3.068951730078595e-05,0.028225205664561773,0.028225205664561773,0.05566716949680517,0.0038507629447803444,0.001816733753376258,Developed
protons,13.768686868686867,0.0,0.0,0.0,0.0,0.0,0.0,0.0,Angle < Critical
protons,13.768686868686867,2.0454545454545454,0.0,0.0,0.0,0.0,0.0,0.0,Angle < Critical
protons,13.768686868686867,4.090909090909091,0.0,0.0,0.0,0.0,0.0,0.0,Angle < Critical
protons,13.768686868686867,6.136363636363637,0.0,0.0,0.0,0.0,0.0,0.0,Angle < Critical
protons,13.768686868686867,8.181818181818182,0.0,0.0,0.0,0.0,0.0,0.0,Angle < Critical
protons,13.768686868686867,10.227272727272727,0.0,0.0,0.0,0.0,0.0,0.0,Angle < Critical
protons,13.768686868686867,12.272727272727273,0.0,0.0,0.0,0.0,0.0,0.0,Angle < Critical
protons,13.768686868686867,14.318181818181818,0.0,0.0,0.0,0.0,0.0,0.0,Angle < Critical
protons,13.768686868686867,16.363636363636363,0.0,0.0,0.0,0.0,0.0,0.0,Angle < Critical
protons,13.768686868686867,18.40909090909091,0.0,0.0,0.0,0.0,0.0,0.0,Angle < Critical
protons,13.768686868686867,20.454545454545453,0.0,0.0,0.0,0.0,0.0,0.0,Angle < Critical
protons,13.768686868686867,22.5,0.0,0.0,0.0,0.0,0.0,0.0,Angle < Critical
protons,13.768686868686867,24.545454545454547,0.0,0.0,0.0,0.0,0.0,0.0,Angle < Critical
protons,13.768686868686867,26.59090909090909,0.0,0.0,0.0,0.0,0.0,0.0,Angle < Critical
protons,13.768686868686867,28.636363636363637,0.0,0.0,0.0,0.0,0.0,0.0,Track below surface
protons,13.768686868686867,30.68181818181818,0.0,0.0,0.0,0.0,0.0,0.0,Track below surface
protons,13.768686868686867,32.72727272727273,0.0,0.0,0.0,0.0,0.0,0.0,Track below surface
protons,13.768686868686867,34.77272727272727,0.0,0.0,0.0,0.0,0.0,0.0,Track below surface
protons,13.768686868686867,36.81818181818182,0.0,0.0,0.0,0.0,0.0,0.0,Track below surface
protons,13.768686868686867,38.86363636363636,0.0,0.0,0.0,0.0,0.0,0.0,Track below surface
protons,13.768686868686867,40.90909090909091,0.0,0.0,0.0,0.0,0.0,0.0,Track below surface
protons,13.768686868686867,42.95454545454545,0.0,0.0,0.0,0.0,0.0,0.0,Track below surface
protons,13.768686868686867,45.0,0.0,0.0,0.0,0.0,0.0,0.0,Track below surface
protons,13.768686868686867,47.04545454545455,0.0,0.0,0.0,0.0,0.0,0.0,Track below surface
protons,13.768686868686867,49.09090909090909,0.0,0.0,0.0,0.0,0.0,0.0,Track below surface
protons,13.768686868686867,51.13636363636363,0.0,0.0,0.0,0.0,0.0,0.0,Track below surface
protons,13.768686868686867,53.18181818181818,0.0,0.0,0.0,0.0,0.0,0.0,Track below surface
protons,13.768686868686867,55.22727272727273,0.0,0.0,0.0,0.0,0.0,0.0,Track below surface
protons,13.768686868686867,57.27272727272727,0.0,0.0,0.0,0.0,0.0,0.0,Track below surface
protons,13.768686868686867,59.31818181818182,0.0,0.0,0.0,0.0,0.0,0.0,Track below surface
protons,13.768686868686867,61.36363636363636,0.0,0.0,0.0,0.0,0.0,0.0,Track below surface
protons,13.768686868686867,63.40909090909091,0.0,0.0,0.0,0.0,0.0,0.0,Track below surface
protons,13.768686868686867,65.45454545454545,0.0,0.0,0.0,0.0,0.0,0.0,Track below surface
protons,13.768686868686867,67.5,0.0,0.0,0.0,0.0,0.0,0.0,Track below surface
protons,13.768686868686867,69.54545454545455,0.0,0.0,0.0,0.0,0.0,0.0,Track below surface
protons,13.768686868686867,71.5909090909091,0.0,0.0,0.0,0.0,0.0,0.0,Track below surface
protons,13.768686868686867,73.63636363636364,0.0,0.0,0.0,0.0,0.0,0.0,Track below surface
protons,13.768686868686867,75.68181818181819,0.0,0.0,0.0,0.0,0.0,0.0,Track below surface
protons,13.768686868686867,77.72727272727272,0.0,0.0,0.0,0.0,0.0,0.0,Track below surface
protons,13.768686868686867,79.77272727272727,0.0,0.0,0.0,0.0,0.0,0.0,Track below surface
protons,13.768686868686867,81.81818181818181,0.0,0.0,0.0,0.0,0.0,0.0,Track below surface
protons,13.768686868686867,83.86363636363636,0.0,0.0,0.0,0.0,0.0,0.0,Track below surface
protons,13.768686868686867,85.9090909090909,0.0,0.0,0.0,0.0,0.0,0.0,Track below surface
protons,13.768686868686867,87.95454545454545,0.0,0.0,0.0,0.0,0.0,0.0,Track below surface
protons,13.768686868686867,90.0,2.203718087834261e-05,0.023917722202859516,0.023917722202859516,0.047171764014408896,0.006461612579609386,0.0013079670083769818,Developed
protons,13.969696969696969,0.0,0.0,0.0,0.0,0.0,0.0,0.0,Angle < Critical
protons,13.969696969696969,2.0454545454545454,0.0,0.0,0.0,0.0,0.0,0.0,Angle < Critical
protons,13.969696969696969,4.090909090909091,0.0,0.0,0.0,0.0,0.0,0.0,Angle < Critical
protons,13.969696969696969,6.136363636363637,0.0,0.0,0.0,0.0,0.0,0.0,Angle < Critical
protons,13.969696969696969,8.181818181818182,0.0,0.0,0.0,0.0,0.0,0.0,Angle < Critical
protons,13.969696969696969,10.227272727272727,0.0,0.0,0.0,0.0,0.0,0.0,Angle < Critical
protons,13.969696969696969,12.272727272727273,0.0,0.0,0.0,0.0,0.0,0.0,Angle < Critical
protons,13.969696969696969,14.318181818181818,0.0,0.0,0.0,0.0,0.0,0.0,Angle < Critical
protons,13.969696969696969,16.363636363636363,0.0,0.0,0.0,0.0,0.0,0.0,Angle < Critical
protons,13.969696969696969,18.40909090909091,0.0,0.0,0.0,0.0,0.0,0.0,Angle < Critical
protons,13.969696969696969,20.454545454545453,0.0,0.0,0.0,0.0,0.0,0.0,Angle < Critical
protons,13.969696969696969,22.5,0.0,0.0,0.0,0.0,0.0,0.0,Angle < Critical
protons,13.969696969696969,24.545454545454547,0.0,0.0,0.0,0.0,0.0,0.0,Angle < Critical
protons,13.969696969696969,26.59090909090909,0.0,0.0,0.0,0.0,0.0,0.0,Angle < Critical
protons,13.969696969696969,28.636363636363637,0.0,0.0,0.0,0.0,0.0,0.0,Track below surface
protons,13.969696969696969,30.68181818181818,0.0,0.0,0.0,0.0,0.0,0.0,Track below surface
protons,13.969696969696969,32.72727272727273,0.0,0.0,0.0,0.0,0.0,0.0,Track below surface
protons,13.969696969696969,34.77272727272727,0.0,0.0,0.0,0.0,0.0,0.0,Track below surface
protons,13.969696969696969,36.81818181818182,0.0,0.0,0.0,0.0,0.0,0.0,Track below surface
protons,13.969696969696969,38.86363636363636,0.0,0.0,0.0,0.0,0.0,0.0,Track below surface
protons,13.969696969696969,40.90909090909091,0.0,0.0,0.0,0.0,0.0,0.0,Track below surface
protons,13.969696969696969,42.95454545454545,0.0,0.0,0.0,0.0,0.0,0.0,Track below surface
protons,13.969696969696969,45.0,0.0,0.0,0.0,0.0,0.0,0.0,Track below surface
protons,13.969696969696969,47.04545454545455,0.0,0.0,0.0,0.0,0.0,0.0,Track below surface
protons,13.969696969696969,49.09090909090909,0.0,0.0,0.0,0.0,0.0,0.0,Track below surface
protons,13.969696969696969,51.13636363636363,0.0,0.0,0.0,0.0,0.0,0.0,Track below surface
protons,13.969696969696969,53.18181818181818,0.0,0.0,0.0,0.0,0.0,0.0,Track below surface
protons,13.969696969696969,55.22727272727273,0.0,0.0,0.0,0.0,0.0,0.0,Track below surface
protons,13.969696969696969,57.27272727272727,0.0,0.0,0.0,0.0,0.0,0.0,Track below surface
protons,13.969696969696969,59.31818181818182,0.0,0.0,0.0,0.0,0.0,0.0,Track below surface
protons,13.969696969696969,61.36363636363636,0.0,0.0,0.0,0.0,0.0,0.0,Track below surface
protons,13.969696969696969,63.40909090909091,0.0,0.0,0.0,0.0,0.0,0.0,Track below surface
protons,13.969696969696969,65.45454545454545,0.0,0.0,0.0,0.0,0.0,0.0,Track below surface
protons,13.969696969696969,67.5,0.0,0.0,0.0,0.0,0.0,0.0,Track below surface
protons,13.969696969696969,69.54545454545455,0.0,0.0,0.0,0.0,0.0,0.0,Track below surface
protons,13.969696969696969,71.5909090909091,0.0,0.0,0.0,0.0,0.0,0.0,Track below surface
protons,13.969696969696969,73.63636363636364,0.0,0.0,0.0,0.0,0.0,0.0,Track below surface
protons,13.969696969696969,75.68181818181819,0.0,0.0,0.0,0.0,0.0,0.0,Track below surface
protons,13.969696969696969,77.72727272727272,0.0,0.0,0.0,0.0,0.0,0.0,Track below surface
protons,13.969696969696969,79.77272727272727,0.0,0.0,0.0,0.0,0.0,0.0,Track below surface
protons,13.969696969696969,81.81818181818181,0.0,0.0,0.0,0.0,0.0,0.0,Track below surface
protons,13.969696969696969,83.86363636363636,0.0,0.0,0.0,0.0,0.0,0.0,Track below surface
protons,13.969696969696969,85.9090909090909,0.0,0.0,0.0,0.0,0.0,0.0,Track below surface
protons,13.969696969696969,87.95454545454545,0.0,0.0,0.0,0.0,0.0,0.0,Track below surface
protons,13.969696969696969,90.0,1.579426012732199e-05,0.020248424115589338,0.020248424115589338,0.03993500384192141,0.009201478154931955,0.00094002458708564,Developed
protons,14.170707070707069,0.0,0.0,0.0,0.0,0.0,0.0,0.0,Angle < Critical
protons,14.170707070707069,2.0454545454545454,0.0,0.0,0.0,0.0,0.0,0.0,Angle < Critical
protons,14.170707070707069,4.090909090909091,0.0,0.0,0.0,0.0,0.0,0.0,Angle < Critical
protons,14.170707070707069,6.136363636363637,0.0,0.0,0.0,0.0,0.0,0.0,Angle < Critical
protons,14.170707070707069,8.181818181818182,0.0,0.0,0.0,0.0,0.0,0.0,Angle < Critical
protons,14.170707070707069,10.227272727272727,0.0,0.0,0.0,0.0,0.0,0.0,Angle < Critical
protons,14.170707070707069,12.272727272727273,0.0,0.0,0.0,0.0,0.0,0.0,Angle < Critical
protons,14.170707070707069,14.318181818181818,0.0,0.0,0.0,0.0,0.0,0.0,Angle < Critical
protons,14.170707070707069,16.363636363636363,0.0,0.0,0.0,0.0,0.0,0.0,Angle < Critical
protons,14.170707070707069,18.40909090909091,0.0,0.0,0.0,0.0,0.0,0.0,Angle < Critical
protons,14.170707070707069,20.454545454545453,0.0,0.0,0.0,0.0,0.0,0.0,Angle < Critical
protons,14.170707070707069,22.5,0.0,0.0,0.0,0.0,0.0,0.0,Angle < Critical
protons,14.170707070707069,24.545454545454547,0.0,0.0,0.0,0.0,0.0,0.0,Angle < Critical
protons,14.170707070707069,26.59090909090909,0.0,0.0,0.0,0.0,0.0,0.0,Angle < Critical
protons,14.170707070707069,28.636363636363637,0.0,0.0,0.0,0.0,0.0,0.0,Track below surface
protons,14.170707070707069,30.68181818181818,0.0,0.0,0.0,0.0,0.0,0.0,Track below surface
protons,14.170707070707069,32.72727272727273,0.0,0.0,0.0,0.0,0.0,0.0,Track below surface
protons,14.170707070707069,34.77272727272727,0.0,0.0,0.0,0.0,0.0,0.0,Track below surface
protons,14.170707070707069,36.81818181818182,0.0,0.0,0.0,0.0,0.0,0.0,Track below surface
protons,14.170707070707069,38.86363636363636,0.0,0.0,0.0,0.0,0.0,0.0,Track below surface
protons,14.170707070707069,40.90909090909091,0.0,0.0,0.0,0.0,0.0,0.0,Track below surface
protons,14.170707070707069,42.95454545454545,0.0,0.0,0.0,0.0,0.0,0.0,Track below surface
protons,14.170707070707069,45.0,0.0,0.0,0.0,0.0,0.0,0.0,Track below surface
protons,14.170707070707069,47.04545454545455,0.0,0.0,0.0,0.0,0.0,0.0,Track below surface
protons,14.170707070707069,49.09090909090909,0.0,0.0,0.0,0.0,0.0,0.0,Track below surface
protons,14.170707070707069,51.13636363636363,0.0,0.0,0.0,0.0,0.0,0.0,Track below surface
protons,14.170707070707069,53.18181818181818,0.0,0.0,0.0,0.0,0.0,0.0,Track below surface
protons,14.170707070707069,55.22727272727273,0.0,0.0,0.0,0.0,0.0,0.0,Track below surface
protons,14.170707070707069,57.27272727272727,0.0,0.0,0.0,0.0,0.0,0.0,Track below surface
protons,14.170707070707069,59.31818181818182,0.0,0.0,0.0,0.0,0.0,0.0,Track below surface
protons,14.170707070707069,61.36363636363636,0.0,0.0,0.0,0.0,0.0,0.0,Track below surface
protons,14.170707070707069,63.40909090909091,0.0,0.0,0.0,0.0,0.0,0.0,Track below surface
protons,14.170707070707069,65.45454545454545,0.0,0.0,0.0,0.0,0.0,0.0,Track below surface
protons,14.170707070707069,67.5,0.0,0.0,0.0,0.0,0.0,0.0,Track below surface
protons,14.170707070707069,69.54545454545455,0.0,0.0,0.0,0.0,0.0,0.0,Track below surface
protons,14.170707070707069,71.5909090909091,0.0,0.0,0.0,0.0,0.0,0.0,Track below surface
protons,14.170707070707069,73.63636363636364,0.0,0.0,0.0,0.0,0.0,0.0,Track below surface
protons,14.170707070707069,75.68181818181819,0.0,0.0,0.0,0.0,0.0,0.0,Track below surface
protons,14.170707070707069,77.72727272727272,0.0,0.0,0.0,0.0,0.0,0.0,Track below surface
protons,14.170707070707069,79.77272727272727,0.0,0.0,0.0,0.0,0.0,0.0,Track below surface
protons,14.170707070707069,81.81818181818181,0.0,0.0,0.0,0.0,0.0,0.0,Track below surface
protons,14.170707070707069,83.86363636363636,0.0,0.0,0.0,0.0,0.0,0.0,Track below surface
protons,14.170707070707069,85.9090909090909,0.0,0.0,0.0,0.0,0.0,0.0,Track below surface
protons,14.170707070707069,87.95454545454545,0.0,0.0,0.0,0.0,0.0,0.0,Track below surface
protons,14.170707070707069,90.0,1.1313753375929991e-05,0.01713739390568812,0.01713739390568812,0.03379927826451049,0.012164678818930044,0.0006753796369690785,Developed
protons,14.37171717171717,0.0,0.0,0.0,0.0,0.0,0.0,0.0,Angle < Critical
protons,14.37171717171717,2.0454545454545454,0.0,0.0,0.0,0.0,0.0,0.0,Angle < Critical
protons,14.37171717171717,4.090909090909091,0.0,0.0,0.0,0.0,0.0,0.0,Angle < Critical
protons,14.37171717171717,6.136363636363637,0.0,0.0,0.0,0.0,0.0,0.0,Angle < Critical
protons,14.37171717171717,8.181818181818182,0.0,0.0,0.0,0.0,0.0,0.0,Angle < Critical
protons,14.37171717171717,10.227272727272727,0.0,0.0,0.0,0.0,0.0,0.0,Angle < Critical
protons,14.37171717171717,12.272727272727273,0.0,0.0,0.0,0.0,0.0,0.0,Angle < Critical
protons,14.37171717171717,14.318181818181818,0.0,0.0,0.0,0.0,0.0,0.0,Angle < Critical
protons,14.37171717171717,16.363636363636363,0.0,0.0,0.0,0.0,0.0,0.0,Angle < Critical
protons,14.37171717171717,18.40909090909091,0.0,0.0,0.0,0.0,0.0,0.0,Angle < Critical
protons,14.37171717171717,20.454545454545453,0.0,0.0,0.0,0.0,0.0,0.0,Angle < Critical
protons,14.37171717171717,22.5,0.0,0.0,0.0,0.0,0.0,0.0,Angle < Critical
protons,14.37171717171717,24.545454545454547,0.0,0.0,0.0,0.0,0.0,0.0,Angle < Critical
protons,14.37171717171717,26.59090909090909,0.0,0.0,0.0,0.0,0.0,0.0,Angle < Critical
protons,14.37171717171717,28.636363636363637,0.0,0.0,0.0,0.0,0.0,0.0,Track below surface
protons,14.37171717171717,30.68181818181818,0.0,0.0,0.0,0.0,0.0,0.0,Track below surface
protons,14.37171717171717,32.72727272727273,0.0,0.0,0.0,0.0,0.0,0.0,Track below surface
protons,14.37171717171717,34.77272727272727,0.0,0.0,0.0,0.0,0.0,0.0,Track below surface
protons,14.37171717171717,36.81818181818182,0.0,0.0,0.0,0.0,0.0,0.0,Track below surface
protons,14.37171717171717,38.86363636363636,0.0,0.0,0.0,0.0,0.0,0.0,Track below surface
protons,14.37171717171717,40.90909090909091,0.0,0.0,0.0,0.0,0.0,0.0,Track below surface
protons,14.37171717171717,42.95454545454545,0.0,0.0,0.0,0.0,0.0,0.0,Track below surface
protons,14.37171717171717,45.0,0.0,0.0,0.0,0.0,0.0,0.0,Track below surface
protons,14.37171717171717,47.04545454545455,0.0,0.0,0.0,0.0,0.0,0.0,Track below surface
protons,14.37171717171717,49.09090909090909,0.0,0.0,0.0,0.0,0.0,0.0,Track below surface
protons,14.37171717171717,51.13636363636363,0.0,0.0,0.0,0.0,0.0,0.0,Track below surface
protons,14.37171717171717,53.18181818181818,0.0,0.0,0.0,0.0,0.0,0.0,Track below surface
protons,14.37171717171717,55.22727272727273,0.0,0.0,0.0,0.0,0.0,0.0,Track below surface
protons,14.37171717171717,57.27272727272727,0.0,0.0,0.0,0.0,0.0,0.0,Track below surface
protons,14.37171717171717,59.31818181818182,0.0,0.0,0.0,0.0,0.0,0.0,Track below surface
protons,14.37171717171717,61.36363636363636,0.0,0.0,0.0,0.0,0.0,0.0,Track below surface
protons,14.37171717171717,63.40909090909091,0.0,0.0,0.0,0.0,0.0,0.0,Track below surface
protons,14.37171717171717,65.45454545454545,0.0,0.0,0.0,0.0,0.0,0.0,Track below surface
protons,14.37171717171717,67.5,0.0,0.0,0.0,0.0,0.0,0.0,Track below surface
protons,14.37171717171717,69.54545454545455,0.0,0.0,0.0,0.0,0.0,0.0,Track below surface
protons,14.37171717171717,71.5909090909091,0.0,0.0,0.0,0.0,0.0,0.0,Track below surface
protons,14.37171717171717,73.63636363636364,0.0,0.0,0.0,0.0,0.0,0.0,Track below surface
protons,14.37171717171717,75.68181818181819,0.0,0.0,0.0,0.0,0.0,0.0,Track below surface
protons,14.37171717171717,77.72727272727272,0.0,0.0,0.0,0.0,0.0,0.0,Track below surface
protons,14.37171717171717,79.77272727272727,0.0,0.0,0.0,0.0,0.0,0.0,Track below surface
protons,14.37171717171717,81.81818181818181,0.0,0.0,0.0,0.0,0.0,0.0,Track below surface
protons,14.37171717171717,83.86363636363636,0.0,0.0,0.0,0.0,0.0,0.0,Track below surface
protons,14.37171717171717,85.9090909090909,0.0,0.0,0.0,0.0,0.0,0.0,Track below surface
protons,14.37171717171717,87.95454545454545,0.0,0.0,0.0,0.0,0.0,0.0,Track below surface
protons,14.37171717171717,90.0,8.090196180532416e-06,0.014491750521173968,0.014491750521173968,0.028581406851455014,0.015543128739618724,0.00048460451993764586,Developed
protons,14.572727272727272,0.0,0.0,0.0,0.0,0.0,0.0,0.0,Angle < Critical
protons,14.572727272727272,2.0454545454545454,0.0,0.0,0.0,0.0,0.0,0.0,Angle < Critical
protons,14.572727272727272,4.090909090909091,0.0,0.0,0.0,0.0,0.0,0.0,Angle < Critical
protons,14.572727272727272,6.136363636363637,0.0,0.0,0.0,0.0,0.0,0.0,Angle < Critical
protons,14.572727272727272,8.181818181818182,0.0,0.0,0.0,0.0,0.0,0.0,Angle < Critical
protons,14.572727272727272,10.227272727272727,0.0,0.0,0.0,0.0,0.0,0.0,Angle < Critical
protons,14.572727272727272,12.272727272727273,0.0,0.0,0.0,0.0,0.0,0.0,Angle < Critical
protons,14.572727272727272,14.318181818181818,0.0,0.0,0.0,0.0,0.0,0.0,Angle < Critical
protons,14.572727272727272,16.363636363636363,0.0,0.0,0.0,0.0,0.0,0.0,Angle < Critical
protons,14.572727272727272,18.40909090909091,0.0,0.0,0.0,0.0,0.0,0.0,Angle < Critical
protons,14.572727272727272,20.454545454545453,0.0,0.0,0.0,0.0,0.0,0.0,Angle < Critical
protons,14.572727272727272,22.5,0.0,0.0,0.0,0.0,0.0,0.0,Angle < Critical
protons,14.572727272727272,24.545454545454547,0.0,0.0,0.0,0.0,0.0,0.0,Angle < Critical
protons,14.572727272727272,26.59090909090909,0.0,0.0,0.0,0.0,0.0,0.0,Angle < Critical
protons,14.572727272727272,28.636363636363637,0.0,0.0,0.0,0.0,0.0,0.0,Track below surface
protons,14.572727272727272,30.68181818181818,0.0,0.0,0.0,0.0,0.0,0.0,Track below surface
protons,14.572727272727272,32.72727272727273,0.0,0.0,0.0,0.0,0.0,0.0,Track below surface
protons,14.572727272727272,34.77272727272727,0.0,0.0,0.0,0.0,0.0,0.0,Track below surface
protons,14.572727272727272,36.81818181818182,0.0,0.0,0.0,0.0,0.0,0.0,Track below surface
protons,14.572727272727272,38.86363636363636,0.0,0.0,0.0,0.0,0.0,0.0,Track below surface
protons,14.572727272727272,40.90909090909091,0.0,0.0,0.0,0.0,0.0,0.0,Track below surface
protons,14.572727272727272,42.95454545454545,0.0,0.0,0.0,0.0,0.0,0.0,Track below surface
protons,14.572727272727272,45.0,0.0,0.0,0.0,0.0,0.0,0.0,Track below surface
protons,14.572727272727272,47.04545454545455,0.0,0.0,0.0,0.0,0.0,0.0,Track below surface
protons,14.572727272727272,49.09090909090909,0.0,0.0,0.0,0.0,0.0,0.0,Track below surface
protons,14.572727272727272,51.13636363636363,0.0,0.0,0.0,0.0,0.0,0.0,Track below surface
protons,14.572727272727272,53.18181818181818,0.0,0.0,0.0,0.0,0.0,0.0,Track below surface
protons,14.572727272727272,55.22727272727273,0.0,0.0,0.0,0.0,0.0,0.0,Track below surface
protons,14.572727272727272,57.27272727272727,0.0,0.0,0.0,0.0,0.0,0.0,Track below surface
protons,14.572727272727272,59.31818181818182,0.0,0.0,0.0,0.0,0.0,0.0,Track below surface
protons,14.572727272727272,61.36363636363636,0.0,0.0,0.0,0.0,0.0,0.0,Track below surface
protons,14.572727272727272,63.40909090909091,0.0,0.0,0.0,0.0,0.0,0.0,Track below surface
protons,14.572727272727272,65.45454545454545,0.0,0.0,0.0,0.0,0.0,0.0,Track below surface
protons,14.572727272727272,67.5,0.0,0.0,0.0,0.0,0.0,0.0,Track below surface
protons,14.572727272727272,69.54545454545455,0.0,0.0,0.0,0.0,0.0,0.0,Track below surface
protons,14.572727272727272,71.5909090909091,0.0,0.0,0.0,0.0,0.0,0.0,Track below surface
protons,14.572727272727272,73.63636363636364,0.0,0.0,0.0,0.0,0.0,0.0,Track below surface
protons,14.572727272727272,75.68181818181819,0.0,0.0,0.0,0.0,0.0,0.0,Track below surface
protons,14.572727272727272,77.72727272727272,0.0,0.0,0.0,0.0,0.0,0.0,Track below surface
protons,14.572727272727272,79.77272727272727,0.0,0.0,0.0,0.0,0.0,0.0,Track below surface
protons,14.572727272727272,81.81818181818181,0.0,0.0,0.0,0.0,0.0,0.0,Track below surface
protons,14.572727272727272,83.86363636363636,0.0,0.0,0.0,0.0,0.0,0.0,Track below surface
protons,14.572727272727272,85.9090909090909,0.0,0.0,0.0,0.0,0.0,0.0,Track below surface
protons,14.572727272727272,87.95454545454545,0.0,0.0,0.0,0.0,0.0,0.0,Track below surface
protons,14.572727272727272,90.0,5.765745855867976e-06,0.012234013595567668,0.012234013595567668,0.02412858190908287,0.019357114350871996,0.0003467125569487034,Developed
protons,14.773737373737372,0.0,0.0,0.0,0.0,0.0,0.0,0.0,Angle < Critical
protons,14.773737373737372,2.0454545454545454,0.0,0.0,0.0,0.0,0.0,0.0,Angle < Critical
protons,14.773737373737372,4.090909090909091,0.0,0.0,0.0,0.0,0.0,0.0,Angle < Critical
protons,14.773737373737372,6.136363636363637,0.0,0.0,0.0,0.0,0.0,0.0,Angle < Critical
protons,14.773737373737372,8.181818181818182,0.0,0.0,0.0,0.0,0.0,0.0,Angle < Critical
protons,14.773737373737372,10.227272727272727,0.0,0.0,0.0,0.0,0.0,0.0,Angle < Critical
protons,14.773737373737372,12.272727272727273,0.0,0.0,0.0,0.0,0.0,0.0,Angle < Critical
protons,14.773737373737372,14.318181818181818,0.0,0.0,0.0,0.0,0.0,0.0,Angle < Critical
protons,14.773737373737372,16.363636363636363,0.0,0.0,0.0,0.0,0.0,0.0,Angle < Critical
protons,14.773737373737372,18.40909090909091,0.0,0.0,0.0,0.0,0.0,0.0,Angle < Critical
protons,14.773737373737372,20.454545454545453,0.0,0.0,0.0,0.0,0.0,0.0,Angle < Critical
protons,14.773737373737372,22.5,0.0,0.0,0.0,0.0,0.0,0.0,Angle < Critical
protons,14.773737373737372,24.545454545454547,0.0,0.0,0.0,0.0,0.0,0.0,Angle < Critical
protons,14.773737373737372,26.59090909090909,0.0,0.0,0.0,0.0,0.0,0.0,Angle < Critical
protons,14.773737373737372,28.636363636363637,0.0,0.0,0.0,0.0,0.0,0.0,Track below surface
protons,14.773737373737372,30.68181818181818,0.0,0.0,0.0,0.0,0.0,0.0,Track below surface
protons,14.773737373737372,32.72727272727273,0.0,0.0,0.0,0.0,0.0,0.0,Track below surface
protons,14.773737373737372,34.77272727272727,0.0,0.0,0.0,0.0,0.0,0.0,Track below surface
protons,14.773737373737372,36.81818181818182,0.0,0.0,0.0,0.0,0.0,0.0,Track below surface
protons,14.773737373737372,38.86363636363636,0.0,0.0,0.0,0.0,0.0,0.0,Track below surface
protons,14.773737373737372,40.90909090909091,0.0,0.0,0.0,0.0,0.0,0.0,Track below surface
protons,14.773737373737372,42.95454545454545,0.0,0.0,0.0,0.0,0.0,0.0,Track below surface
protons,14.773737373737372,45.0,0.0,0.0,0.0,0.0,0.0,0.0,Track below surface
protons,14.773737373737372,47.04545454545455,0.0,0.0,0.0,0.0,0.0,0.0,Track below surface
protons,14.773737373737372,49.09090909090909,0.0,0.0,0.0,0.0,0.0,0.0,Track below surface
protons,14.773737373737372,51.13636363636363,0.0,0.0,0.0,0.0,0.0,0.0,Track below surface
protons,14.773737373737372,53.18181818181818,0.0,0.0,0.0,0.0,0.0,0.0,Track below surface
protons,14.773737373737372,55.22727272727273,0.0,0.0,0.0,0.0,0.0,0.0,Track below surface
protons,14.773737373737372,57.27272727272727,0.0,0.0,0.0,0.0,0.0,0.0,Track below surface
protons,14.773737373737372,59.31818181818182,0.0,0.0,0.0,0.0,0.0,0.0,Track below surface
protons,14.773737373737372,61.36363636363636,0.0,0.0,0.0,0.0,0.0,0.0,Track below surface
protons,14.773737373737372,63.40909090909091,0.0,0.0,0.0,0.0,0.0,0.0,Track below surface
protons,14.773737373737372,65.45454545454545,0.0,0.0,0.0,0.0,0.0,0.0,Track below surface
protons,14.773737373737372,67.5,0.0,0.0,0.0,0.0,0.0,0.0,Track below surface
protons,14.773737373737372,69.54545454545455,0.0,0.0,0.0,0.0,0.0,0.0,Track below surface
protons,14.773737373737372,71.5909090909091,0.0,0.0,0.0,0.0,0.0,0.0,Track below surface
protons,14.773737373737372,73.63636363636364,0.0,0.0,0.0,0.0,0.0,0.0,Track below surface
protons,14.773737373737372,75.68181818181819,0.0,0.0,0.0,0.0,0.0,0.0,Track below surface
protons,14.773737373737372,77.72727272727272,0.0,0.0,0.0,0.0,0.0,0.0,Track below surface
protons,14.773737373737372,79.77272727272727,0.0,0.0,0.0,0.0,0.0,0.0,Track below surface
protons,14.773737373737372,81.81818181818181,0.0,0.0,0.0,0.0,0.0,0.0,Track below surface
protons,14.773737373737372,83.86363636363636,0.0,0.0,0.0,0.0,0.0,0.0,Track below surface
protons,14.773737373737372,85.9090909090909,0.0,0.0,0.0,0.0,0.0,0.0,Track below surface
protons,14.773737373737372,87.95454545454545,0.0,0.0,0.0,0.0,0.0,0.0,Track below surface
protons,14.773737373737372,90.0,4.088820242387214e-06,0.010302442895793566,0.010302442895793566,0.020319034671346544,0.02362622635481211,0.000246949325034825,Developed
protons,14.974747474747474,0.0,0.0,0.0,0.0,0.0,0.0,0.0,Angle < Critical
protons,14.974747474747474,2.0454545454545454,0.0,0.0,0.0,0.0,0.0,0.0,Angle < Critical
protons,14.974747474747474,4.090909090909091,0.0,0.0,0.0,0.0,0.0,0.0,Angle < Critical
protons,14.974747474747474,6.136363636363637,0.0,0.0,0.0,0.0,0.0,0.0,Angle < Critical
protons,14.974747474747474,8.181818181818182,0.0,0.0,0.0,0.0,0.0,0.0,Angle < Critical
protons,14.974747474747474,10.227272727272727,0.0,0.0,0.0,0.0,0.0,0.0,Angle < Critical
protons,14.974747474747474,12.272727272727273,0.0,0.0,0.0,0.0,0.0,0.0,Angle < Critical
protons,14.974747474747474,14.318181818181818,0.0,0.0,0.0,0.0,0.0,0.0,Angle < Critical
protons,14.974747474747474,16.363636363636363,0.0,0.0,0.0,0.0,0.0,0.0,Angle < Critical
protons,14.974747474747474,18.40909090909091,0.0,0.0,0.0,0.0,0.0,0.0,Angle < Critical
protons,14.974747474747474,20.454545454545453,0.0,0.0,0.0,0.0,0.0,0.0,Angle < Critical
protons,14.974747474747474,22.5,0.0,0.0,0.0,0.0,0.0,0.0,Angle < Critical
protons,14.974747474747474,24.545454545454547,0.0,0.0,0.0,0.0,0.0,0.0,Angle < Critical
protons,14.974747474747474,26.59090909090909,0.0,0.0,0.0,0.0,0.0,0.0,Angle < Critical
protons,14.974747474747474,28.636363636363637,0.0,0.0,0.0,0.0,0.0,0.0,Track below surface
protons,14.974747474747474,30.68181818181818,0.0,0.0,0.0,0.0,0.0,0.0,Track below surface
protons,14.974747474747474,32.72727272727273,0.0,0.0,0.0,0.0,0.0,0.0,Track below surface
protons,14.974747474747474,34.77272727272727,0.0,0.0,0.0,0.0,0.0,0.0,Track below surface
protons,14.974747474747474,36.81818181818182,0.0,0.0,0.0,0.0,0.0,0.0,Track below surface
protons,14.974747474747474,38.86363636363636,0.0,0.0,0.0,0.0,0.0,0.0,Track below surface
protons,14.974747474747474,40.90909090909091,0.0,0.0,0.0,0.0,0.0,0.0,Track below surface
protons,14.974747474747474,42.95454545454545,0.0,0.0,0.0,0.0,0.0,0.0,Track below surface
protons,14.974747474747474,45.0,0.0,0.0,0.0,0.0,0.0,0.0,Track below surface
protons,14.974747474747474,47.04545454545455,0.0,0.0,0.0,0.0,0.0,0.0,Track below surface
protons,14.974747474747474,49.09090909090909,0.0,0.0,0.0,0.0,0.0,0.0,Track below surface
protons,14.974747474747474,51.13636363636363,0.0,0.0,0.0,0.0,0.0,0.0,Track below surface
protons,14.974747474747474,53.18181818181818,0.0,0.0,0.0,0.0,0.0,0.0,Track below surface
protons,14.974747474747474,55.22727272727273,0.0,0.0,0.0,0.0,0.0,0.0,Track below surface
protons,14.974747474747474,57.27272727272727,0.0,0.0,0.0,0.0,0.0,0.0,Track below surface
protons,14.974747474747474,59.31818181818182,0.0,0.0,0.0,0.0,0.0,0.0,Track below surface
protons,14.974747474747474,61.36363636363636,0.0,0.0,0.0,0.0,0.0,0.0,Track below surface
protons,14.974747474747474,63.40909090909091,0.0,0.0,0.0,0.0,0.0,0.0,Track below surface
protons,14.974747474747474,65.45454545454545,0.0,0.0,0.0,0.0,0.0,0.0,Track below surface
protons,14.974747474747474,67.5,0.0,0.0,0.0,0.0,0.0,0.0,Track below surface
protons,14.974747474747474,69.54545454545455,0.0,0.0,0.0,0.0,0.0,0.0,Track below surface
protons,14.974747474747474,71.5909090909091,0.0,0.0,0.0,0.0,0.0,0.0,Track below surface
protons,14.974747474747474,73.63636363636364,0.0,0.0,0.0,0.0,0.0,0.0,Track below surface
protons,14.974747474747474,75.68181818181819,0.0,0.0,0.0,0.0,0.0,0.0,Track below surface
protons,14.974747474747474,77.72727272727272,0.0,0.0,0.0,0.0,0.0,0.0,Track below surface
protons,14.974747474747474,79.77272727272727,0.0,0.0,0.0,0.0,0.0,0.0,Track below surface
protons,14.974747474747474,81.81818181818181,0.0,0.0,0.0,0.0,0.0,0.0,Track below surface
protons,14.974747474747474,83.86363636363636,0.0,0.0,0.0,0.0,0.0,0.0,Track below surface
protons,14.974747474747474,85.9090909090909,0.0,0.0,0.0,0.0,0.0,0.0,Track below surface
protons,14.974747474747474,87.95454545454545,0.0,0.0,0.0,0.0,0.0,0.0,Track below surface
protons,14.974747474747474,90.0,2.8806384548829556e-06,0.008647399282350712,0.008647399282350712,0.017054872498305586,0.028752415627405305,0.00017489766250794833,Developed
protons,15.175757575757574,0.0,0.0,0.0,0.0,0.0,0.0,0.0,Angle < Critical
protons,15.175757575757574,2.0454545454545454,0.0,0.0,0.0,0.0,0.0,0.0,Angle < Critical
protons,15.175757575757574,4.090909090909091,0.0,0.0,0.0,0.0,0.0,0.0,Angle < Critical
protons,15.175757575757574,6.136363636363637,0.0,0.0,0.0,0.0,0.0,0.0,Angle < Critical
protons,15.175757575757574,8.181818181818182,0.0,0.0,0.0,0.0,0.0,0.0,Angle < Critical
protons,15.175757575757574,10.227272727272727,0.0,0.0,0.0,0.0,0.0,0.0,Angle < Critical
protons,15.175757575757574,12.272727272727273,0.0,0.0,0.0,0.0,0.0,0.0,Angle < Critical
protons,15.175757575757574,14.318181818181818,0.0,0.0,0.0,0.0,0.0,0.0,Angle < Critical
protons,15.175757575757574,16.363636363636363,0.0,0.0,0.0,0.0,0.0,0.0,Angle < Critical
protons,15.175757575757574,18.40909090909091,0.0,0.0,0.0,0.0,0.0,0.0,Angle < Critical
protons,15.175757575757574,20.454545454545453,0.0,0.0,0.0,0.0,0.0,0.0,Angle < Critical
protons,15.175757575757574,22.5,0.0,0.0,0.0,0.0,0.0,0.0,Angle < Critical
protons,15.175757575757574,24.545454545454547,0.0,0.0,0.0,0.0,0.0,0.0,Angle < Critical
protons,15.175757575757574,26.59090909090909,0.0,0.0,0.0,0.0,0.0,0.0,Angle < Critical
protons,15.175757575757574,28.636363636363637,0.0,0.0,0.0,0.0,0.0,0.0,Track below surface
protons,15.175757575757574,30.68181818181818,0.0,0.0,0.0,0.0,0.0,0.0,Track below surface
protons,15.175757575757574,32.72727272727273,0.0,0.0,0.0,0.0,0.0,0.0,Track below surface
protons,15.175757575757574,34.77272727272727,0.0,0.0,0.0,0.0,0.0,0.0,Track below surface
protons,15.175757575757574,36.81818181818182,0.0,0.0,0.0,0.0,0.0,0.0,Track below surface
protons,15.175757575757574,38.86363636363636,0.0,0.0,0.0,0.0,0.0,0.0,Track below surface
protons,15.175757575757574,40.90909090909091,0.0,0.0,0.0,0.0,0.0,0.0,Track below surface
protons,15.175757575757574,42.95454545454545,0.0,0.0,0.0,0.0,0.0,0.0,Track below surface
protons,15.175757575757574,45.0,0.0,0.0,0.0,0.0,0.0,0.0,Track below surface
protons,15.175757575757574,47.04545454545455,0.0,0.0,0.0,0.0,0.0,0.0,Track below surface
protons,15.175757575757574,49.09090909090909,0.0,0.0,0.0,0.0,0.0,0.0,Track below surface
protons,15.175757575757574,51.13636363636363,0.0,0.0,0.0,0.0,0.0,0.0,Track below surface
protons,15.175757575757574,53.18181818181818,0.0,0.0,0.0,0.0,0.0,0.0,Track below surface
protons,15.175757575757574,55.22727272727273,0.0,0.0,0.0,0.0,0.0,0.0,Track below surface
protons,15.175757575757574,57.27272727272727,0.0,0.0,0.0,0.0,0.0,0.0,Track below surface
protons,15.175757575757574,59.31818181818182,0.0,0.0,0.0,0.0,0.0,0.0,Track below surface
protons,15.175757575757574,61.36363636363636,0.0,0.0,0.0,0.0,0.0,0.0,Track below surface
protons,15.175757575757574,63.40909090909091,0.0,0.0,0.0,0.0,0.0,0.0,Track below surface
protons,15.175757575757574,65.45454545454545,0.0,0.0,0.0,0.0,0.0,0.0,Track below surface
protons,15.175757575757574,67.5,0.0,0.0,0.0,0.0,0.0,0.0,Track below surface
protons,15.175757575757574,69.54545454545455,0.0,0.0,0.0,0.0,0.0,0.0,Track below surface
protons,15.175757575757574,71.5909090909091,0.0,0.0,0.0,0.0,0.0,0.0,Track below surface
protons,15.175757575757574,73.63636363636364,0.0,0.0,0.0,0.0,0.0,0.0,Track below surface
protons,15.175757575757574,75.68181818181819,0.0,0.0,0.0,0.0,0.0,0.0,Track below surface
protons,15.175757575757574,77.72727272727272,0.0,0.0,0.0,0.0,0.0,0.0,Track below surface
protons,15.175757575757574,79.77272727272727,0.0,0.0,0.0,0.0,0.0,0.0,Track below surface
protons,15.175757575757574,81.81818181818181,0.0,0.0,0.0,0.0,0.0,0.0,Track below surface
protons,15.175757575757574,83.86363636363636,0.0,0.0,0.0,0.0,0.0,0.0,Track below surface
protons,15.175757575757574,85.9090909090909,0.0,0.0,0.0,0.0,0.0,0.0,Track below surface
protons,15.175757575757574,87.95454545454545,0.0,0.0,0.0,0.0,0.0,0.0,Track below surface
protons,15.175757575757574,90.0,2.0128810103159367e-06,0.0072285330042364685,0.0072285330042364685,0.014256506169809082,0.03496057574828933,0.00012299796605409828,Developed
protons,15.376767676767676,0.0,0.0,0.0,0.0,0.0,0.0,0.0,Angle < Critical
protons,15.376767676767676,2.0454545454545454,0.0,0.0,0.0,0.0,0.0,0.0,Angle < Critical
protons,15.376767676767676,4.090909090909091,0.0,0.0,0.0,0.0,0.0,0.0,Angle < Critical
protons,15.376767676767676,6.136363636363637,0.0,0.0,0.0,0.0,0.0,0.0,Angle < Critical
protons,15.376767676767676,8.181818181818182,0.0,0.0,0.0,0.0,0.0,0.0,Angle < Critical
protons,15.376767676767676,10.227272727272727,0.0,0.0,0.0,0.0,0.0,0.0,Angle < Critical
protons,15.376767676767676,12.272727272727273,0.0,0.0,0.0,0.0,0.0,0.0,Angle < Critical
protons,15.376767676767676,14.318181818181818,0.0,0.0,0.0,0.0,0.0,0.0,Angle < Critical
protons,15.376767676767676,16.363636363636363,0.0,0.0,0.0,0.0,0.0,0.0,Angle < Critical
protons,15.376767676767676,18.40909090909091,0.0,0.0,0.0,0.0,0.0,0.0,Angle < Critical
protons,15.376767676767676,20.454545454545453,0.0,0.0,0.0,0.0,0.0,0.0,Angle < Critical
protons,15.376767676767676,22.5,0.0,0.0,0.0,0.0,0.0,0.0,Angle < Critical
protons,15.376767676767676,24.545454545454547,0.0,0.0,0.0,0.0,0.0,0.0,Angle < Critical
protons,15.376767676767676,26.59090909090909,0.0,0.0,0.0,0.0,0.0,0.0,Angle < Critical
protons,15.376767676767676,28.636363636363637,0.0,0.0,0.0,0.0,0.0,0.0,Track below surface
protons,15.376767676767676,30.68181818181818,0.0,0.0,0.0,0.0,0.0,0.0,Track below surface
protons,15.376767676767676,32.72727272727273,0.0,0.0,0.0,0.0,0.0,0.0,Track below surface
protons,15.376767676767676,34.77272727272727,0.0,0.0,0.0,0.0,0.0,0.0,Track below surface
protons,15.376767676767676,36.81818181818182,0.0,0.0,0.0,0.0,0.0,0.0,Track below surface
protons,15.376767676767676,38.86363636363636,0.0,0.0,0.0,0.0,0.0,0.0,Track below surface
protons,15.376767676767676,40.90909090909091,0.0,0.0,0.0,0.0,0.0,0.0,Track below surface
protons,15.376767676767676,42.95454545454545,0.0,0.0,0.0,0.0,0.0,0.0,Track below surface
protons,15.376767676767676,45.0,0.0,0.0,0.0,0.0,0.0,0.0,Track below surface
protons,15.376767676767676,47.04545454545455,0.0,0.0,0.0,0.0,0.0,0.0,Track below surface
protons,15.376767676767676,49.09090909090909,0.0,0.0,0.0,0.0,0.0,0.0,Track below surface
protons,15.376767676767676,51.13636363636363,0.0,0.0,0.0,0.0,0.0,0.0,Track below surface
protons,15.376767676767676,53.18181818181818,0.0,0.0,0.0,0.0,0.0,0.0,Track below surface
protons,15.376767676767676,55.22727272727273,0.0,0.0,0.0,0.0,0.0,0.0,Track below surface
protons,15.376767676767676,57.27272727272727,0.0,0.0,0.0,0.0,0.0,0.0,Track below surface
protons,15.376767676767676,59.31818181818182,0.0,0.0,0.0,0.0,0.0,0.0,Track below surface
protons,15.376767676767676,61.36363636363636,0.0,0.0,0.0,0.0,0.0,0.0,Track below surface
protons,15.376767676767676,63.40909090909091,0.0,0.0,0.0,0.0,0.0,0.0,Track below surface
protons,15.376767676767676,65.45454545454545,0.0,0.0,0.0,0.0,0.0,0.0,Track below surface
protons,15.376767676767676,67.5,0.0,0.0,0.0,0.0,0.0,0.0,Track below surface
protons,15.376767676767676,69.54545454545455,0.0,0.0,0.0,0.0,0.0,0.0,Track below surface
protons,15.376767676767676,71.5909090909091,0.0,0.0,0.0,0.0,0.0,0.0,Track below surface
protons,15.376767676767676,73.63636363636364,0.0,0.0,0.0,0.0,0.0,0.0,Track below surface
protons,15.376767676767676,75.68181818181819,0.0,0.0,0.0,0.0,0.0,0.0,Track below surface
protons,15.376767676767676,77.72727272727272,0.0,0.0,0.0,0.0,0.0,0.0,Track below surface
protons,15.376767676767676,79.77272727272727,0.0,0.0,0.0,0.0,0.0,0.0,Track below surface
protons,15.376767676767676,81.81818181818181,0.0,0.0,0.0,0.0,0.0,0.0,Track below surface
protons,15.376767676767676,83.86363636363636,0.0,0.0,0.0,0.0,0.0,0.0,Track below surface
protons,15.376767676767676,85.9090909090909,0.0,0.0,0.0,0.0,0.0,0.0,Track below surface
protons,15.376767676767676,87.95454545454545,0.0,0.0,0.0,0.0,0.0,0.0,Track below surface
protons,15.376767676767676,90.0,1.395665824688308e-06,0.006019103625400238,0.006019103625400238,0.011871204358949363,0.041941932226758086,8.590862398553908e-05,Developed
protons,15.577777777777778,0.0,0.0,0.0,0.0,0.0,0.0,0.0,Angle < Critical
protons,15.577777777777778,2.0454545454545454,0.0,0.0,0.0,0.0,0.0,0.0,Angle < Critical
protons,15.577777777777778,4.090909090909091,0.0,0.0,0.0,0.0,0.0,0.0,Angle < Critical
protons,15.577777777777778,6.136363636363637,0.0,0.0,0.0,0.0,0.0,0.0,Angle < Critical
protons,15.577777777777778,8.181818181818182,0.0,0.0,0.0,0.0,0.0,0.0,Angle < Critical
protons,15.577777777777778,10.227272727272727,0.0,0.0,0.0,0.0,0.0,0.0,Angle < Critical
protons,15.577777777777778,12.272727272727273,0.0,0.0,0.0,0.0,0.0,0.0,Angle < Critical
protons,15.577777777777778,14.318181818181818,0.0,0.0,0.0,0.0,0.0,0.0,Angle < Critical
protons,15.577777777777778,16.363636363636363,0.0,0.0,0.0,0.0,0.0,0.0,Angle < Critical
protons,15.577777777777778,18.40909090909091,0.0,0.0,0.0,0.0,0.0,0.0,Angle < Critical
protons,15.577777777777778,20.454545454545453,0.0,0.0,0.0,0.0,0.0,0.0,Angle < Critical
protons,15.577777777777778,22.5,0.0,0.0,0.0,0.0,0.0,0.0,Angle < Critical
protons,15.577777777777778,24.545454545454547,0.0,0.0,0.0,0.0,0.0,0.0,Angle < Critical
protons,15.577777777777778,26.59090909090909,0.0,0.0,0.0,0.0,0.0,0.0,Angle < Critical
protons,15.577777777777778,28.636363636363637,0.0,0.0,0.0,0.0,0.0,0.0,Track below surface
protons,15.577777777777778,30.68181818181818,0.0,0.0,0.0,0.0,0.0,0.0,Track below surface
protons,15.577777777777778,32.72727272727273,0.0,0.0,0.0,0.0,0.0,0.0,Track below surface
protons,15.577777777777778,34.77272727272727,0.0,0.0,0.0,0.0,0.0,0.0,Track below surface
protons,15.577777777777778,36.81818181818182,0.0,0.0,0.0,0.0,0.0,0.0,Track below surface
protons,15.577777777777778,38.86363636363636,0.0,0.0,0.0,0.0,0.0,0.0,Track below surface
protons,15.577777777777778,40.90909090909091,0.0,0.0,0.0,0.0,0.0,0.0,Track below surface
protons,15.577777777777778,42.95454545454545,0.0,0.0,0.0,0.0,0.0,0.0,Track below surface
protons,15.577777777777778,45.0,0.0,0.0,0.0,0.0,0.0,0.0,Track below surface
protons,15.577777777777778,47.04545454545455,0.0,0.0,0.0,0.0,0.0,0.0,Track below surface
protons,15.577777777777778,49.09090909090909,0.0,0.0,0.0,0.0,0.0,0.0,Track below surface
protons,15.577777777777778,51.13636363636363,0.0,0.0,0.0,0.0,0.0,0.0,Track below surface
protons,15.577777777777778,53.18181818181818,0.0,0.0,0.0,0.0,0.0,0.0,Track below surface
protons,15.577777777777778,55.22727272727273,0.0,0.0,0.0,0.0,0.0,0.0,Track below surface
protons,15.577777777777778,57.27272727272727,0.0,0.0,0.0,0.0,0.0,0.0,Track below surface
protons,15.577777777777778,59.31818181818182,0.0,0.0,0.0,0.0,0.0,0.0,Track below surface
protons,15.577777777777778,61.36363636363636,0.0,0.0,0.0,0.0,0.0,0.0,Track below surface
protons,15.577777777777778,63.40909090909091,0.0,0.0,0.0,0.0,0.0,0.0,Track below surface
protons,15.577777777777778,65.45454545454545,0.0,0.0,0.0,0.0,0.0,0.0,Track below surface
protons,15.577777777777778,67.5,0.0,0.0,0.0,0.0,0.0,0.0,Track below surface
protons,15.577777777777778,69.54545454545455,0.0,0.0,0.0,0.0,0.0,0.0,Track below surface
protons,15.577777777777778,71.5909090909091,0.0,0.0,0.0,0.0,0.0,0.0,Track below surface
protons,15.577777777777778,73.63636363636364,0.0,0.0,0.0,0.0,0.0,0.0,Track below surface
protons,15.577777777777778,75.68181818181819,0.0,0.0,0.0,0.0,0.0,0.0,Track below surface
protons,15.577777777777778,77.72727272727272,0.0,0.0,0.0,0.0,0.0,0.0,Track below surface
protons,15.577777777777778,79.77272727272727,0.0,0.0,0.0,0.0,0.0,0.0,Track below surface
protons,15.577777777777778,81.81818181818181,0.0,0.0,0.0,0.0,0.0,0.0,Track below surface
protons,15.577777777777778,83.86363636363636,0.0,0.0,0.0,0.0,0.0,0.0,Track below surface
protons,15.577777777777778,85.9090909090909,0.0,0.0,0.0,0.0,0.0,0.0,Track below surface
protons,15.577777777777778,87.95454545454545,0.0,0.0,0.0,0.0,0.0,0.0,Track below surface
protons,15.577777777777778,90.0,9.6213315003979e-07,0.004997573996393262,0.004997573996393262,0.00985647489165081,0.05062442764004178,5.976152362170642e-05,Developed
protons,15.778787878787877,0.0,0.0,0.0,0.0,0.0,0.0,0.0,Angle < Critical
protons,15.778787878787877,2.0454545454545454,0.0,0.0,0.0,0.0,0.0,0.0,Angle < Critical
protons,15.778787878787877,4.090909090909091,0.0,0.0,0.0,0.0,0.0,0.0,Angle < Critical
protons,15.778787878787877,6.136363636363637,0.0,0.0,0.0,0.0,0.0,0.0,Angle < Critical
protons,15.778787878787877,8.181818181818182,0.0,0.0,0.0,0.0,0.0,0.0,Angle < Critical
protons,15.778787878787877,10.227272727272727,0.0,0.0,0.0,0.0,0.0,0.0,Angle < Critical
protons,15.778787878787877,12.272727272727273,0.0,0.0,0.0,0.0,0.0,0.0,Angle < Critical
protons,15.778787878787877,14.318181818181818,0.0,0.0,0.0,0.0,0.0,0.0,Angle < Critical
protons,15.778787878787877,16.363636363636363,0.0,0.0,0.0,0.0,0.0,0.0,Angle < Critical
protons,15.778787878787877,18.40909090909091,0.0,0.0,0.0,0.0,0.0,0.0,Angle < Critical
protons,15.778787878787877,20.454545454545453,0.0,0.0,0.0,0.0,0.0,0.0,Angle < Critical
protons,15.778787878787877,22.5,0.0,0.0,0.0,0.0,0.0,0.0,Angle < Critical
protons,15.778787878787877,24.545454545454547,0.0,0.0,0.0,0.0,0.0,0.0,Angle < Critical
protons,15.778787878787877,26.59090909090909,0.0,0.0,0.0,0.0,0.0,0.0,Angle < Critical
protons,15.778787878787877,28.636363636363637,0.0,0.0,0.0,0.0,0.0,0.0,Track below surface
protons,15.778787878787877,30.68181818181818,0.0,0.0,0.0,0.0,0.0,0.0,Track below surface
protons,15.778787878787877,32.72727272727273,0.0,0.0,0.0,0.0,0.0,0.0,Track below surface
protons,15.778787878787877,34.77272727272727,0.0,0.0,0.0,0.0,0.0,0.0,Track below surface
protons,15.778787878787877,36.81818181818182,0.0,0.0,0.0,0.0,0.0,0.0,Track below surface
protons,15.778787878787877,38.86363636363636,0.0,0.0,0.0,0.0,0.0,0.0,Track below surface
protons,15.778787878787877,40.90909090909091,0.0,0.0,0.0,0.0,0.0,0.0,Track below surface
protons,15.778787878787877,42.95454545454545,0.0,0.0,0.0,0.0,0.0,0.0,Track below surface
protons,15.778787878787877,45.0,0.0,0.0,0.0,0.0,0.0,0.0,Track below surface
protons,15.778787878787877,47.04545454545455,0.0,0.0,0.0,0.0,0.0,0.0,Track below surface
protons,15.778787878787877,49.09090909090909,0.0,0.0,0.0,0.0,0.0,0.0,Track below surface
protons,15.778787878787877,51.13636363636363,0.0,0.0,0.0,0.0,0.0,0.0,Track below surface
protons,15.778787878787877,53.18181818181818,0.0,0.0,0.0,0.0,0.0,0.0,Track below surface
protons,15.778787878787877,55.22727272727273,0.0,0.0,0.0,0.0,0.0,0.0,Track below surface
protons,15.778787878787877,57.27272727272727,0.0,0.0,0.0,0.0,0.0,0.0,Track below surface
protons,15.778787878787877,59.31818181818182,0.0,0.0,0.0,0.0,0.0,0.0,Track below surface
protons,15.778787878787877,61.36363636363636,0.0,0.0,0.0,0.0,0.0,0.0,Track below surface
protons,15.778787878787877,63.40909090909091,0.0,0.0,0.0,0.0,0.0,0.0,Track below surface
protons,15.778787878787877,65.45454545454545,0.0,0.0,0.0,0.0,0.0,0.0,Track below surface
protons,15.778787878787877,67.5,0.0,0.0,0.0,0.0,0.0,0.0,Track below surface
protons,15.778787878787877,69.54545454545455,0.0,0.0,0.0,0.0,0.0,0.0,Track below surface
protons,15.778787878787877,71.5909090909091,0.0,0.0,0.0,0.0,0.0,0.0,Track below surface
protons,15.778787878787877,73.63636363636364,0.0,0.0,0.0,0.0,0.0,0.0,Track below surface
protons,15.778787878787877,75.68181818181819,0.0,0.0,0.0,0.0,0.0,0.0,Track below surface
protons,15.778787878787877,77.72727272727272,0.0,0.0,0.0,0.0,0.0,0.0,Track below surface
protons,15.778787878787877,79.77272727272727,0.0,0.0,0.0,0.0,0.0,0.0,Track below surface
protons,15.778787878787877,81.81818181818181,0.0,0.0,0.0,0.0,0.0,0.0,Track below surface
protons,15.778787878787877,83.86363636363636,0.0,0.0,0.0,0.0,0.0,0.0,Track below surface
protons,15.778787878787877,85.9090909090909,0.0,0.0,0.0,0.0,0.0,0.0,Track below surface
protons,15.778787878787877,87.95454545454545,0.0,0.0,0.0,0.0,0.0,0.0,Track below surface
protons,15.778787878787877,90.0,6.607535159020017e-07,0.004141533166411889,0.004141533166411889,0.008168153920131128,0.06101571236581562,4.1496011833034664e-05,Developed
protons,15.97979797979798,0.0,0.0,0.0,0.0,0.0,0.0,0.0,Angle < Critical
protons,15.97979797979798,2.0454545454545454,0.0,0.0,0.0,0.0,0.0,0.0,Angle < Critical
protons,15.97979797979798,4.090909090909091,0.0,0.0,0.0,0.0,0.0,0.0,Angle < Critical
protons,15.97979797979798,6.136363636363637,0.0,0.0,0.0,0.0,0.0,0.0,Angle < Critical
protons,15.97979797979798,8.181818181818182,0.0,0.0,0.0,0.0,0.0,0.0,Angle < Critical
protons,15.97979797979798,10.227272727272727,0.0,0.0,0.0,0.0,0.0,0.0,Angle < Critical
protons,15.97979797979798,12.272727272727273,0.0,0.0,0.0,0.0,0.0,0.0,Angle < Critical
protons,15.97979797979798,14.318181818181818,0.0,0.0,0.0,0.0,0.0,0.0,Angle < Critical
protons,15.97979797979798,16.363636363636363,0.0,0.0,0.0,0.0,0.0,0.0,Angle < Critical
protons,15.97979797979798,18.40909090909091,0.0,0.0,0.0,0.0,0.0,0.0,Angle < Critical
protons,15.97979797979798,20.454545454545453,0.0,0.0,0.0,0.0,0.0,0.0,Angle < Critical
protons,15.97979797979798,22.5,0.0,0.0,0.0,0.0,0.0,0.0,Angle < Critical
protons,15.97979797979798,24.545454545454547,0.0,0.0,0.0,0.0,0.0,0.0,Angle < Critical
protons,15.97979797979798,26.59090909090909,0.0,0.0,0.0,0.0,0.0,0.0,Angle < Critical
protons,15.97979797979798,28.636363636363637,0.0,0.0,0.0,0.0,0.0,0.0,Track below surface
protons,15.97979797979798,30.68181818181818,0.0,0.0,0.0,0.0,0.0,0.0,Track below surface
protons,15.97979797979798,32.72727272727273,0.0,0.0,0.0,0.0,0.0,0.0,Track below surface
protons,15.97979797979798,34.77272727272727,0.0,0.0,0.0,0.0,0.0,0.0,Track below surface
protons,15.97979797979798,36.81818181818182,0.0,0.0,0.0,0.0,0.0,0.0,Track below surface
protons,15.97979797979798,38.86363636363636,0.0,0.0,0.0,0.0,0.0,0.0,Track below surface
protons,15.97979797979798,40.90909090909091,0.0,0.0,0.0,0.0,0.0,0.0,Track below surface
protons,15.97979797979798,42.95454545454545,0.0,0.0,0.0,0.0,0.0,0.0,Track below surface
protons,15.97979797979798,45.0,0.0,0.0,0.0,0.0,0.0,0.0,Track below surface
protons,15.97979797979798,47.04545454545455,0.0,0.0,0.0,0.0,0.0,0.0,Track below surface
protons,15.97979797979798,49.09090909090909,0.0,0.0,0.0,0.0,0.0,0.0,Track below surface
protons,15.97979797979798,51.13636363636363,0.0,0.0,0.0,0.0,0.0,0.0,Track below surface
protons,15.97979797979798,53.18181818181818,0.0,0.0,0.0,0.0,0.0,0.0,Track below surface
protons,15.97979797979798,55.22727272727273,0.0,0.0,0.0,0.0,0.0,0.0,Track below surface
protons,15.97979797979798,57.27272727272727,0.0,0.0,0.0,0.0,0.0,0.0,Track below surface
protons,15.97979797979798,59.31818181818182,0.0,0.0,0.0,0.0,0.0,0.0,Track below surface
protons,15.97979797979798,61.36363636363636,0.0,0.0,0.0,0.0,0.0,0.0,Track below surface
protons,15.97979797979798,63.40909090909091,0.0,0.0,0.0,0.0,0.0,0.0,Track below surface
protons,15.97979797979798,65.45454545454545,0.0,0.0,0.0,0.0,0.0,0.0,Track below surface
protons,15.97979797979798,67.5,0.0,0.0,0.0,0.0,0.0,0.0,Track below surface
protons,15.97979797979798,69.54545454545455,0.0,0.0,0.0,0.0,0.0,0.0,Track below surface
protons,15.97979797979798,71.5909090909091,0.0,0.0,0.0,0.0,0.0,0.0,Track below surface
protons,15.97979797979798,73.63636363636364,0.0,0.0,0.0,0.0,0.0,0.0,Track below surface
protons,15.97979797979798,75.68181818181819,0.0,0.0,0.0,0.0,0.0,0.0,Track below surface
protons,15.97979797979798,77.72727272727272,0.0,0.0,0.0,0.0,0.0,0.0,Track below surface
protons,15.97979797979798,79.77272727272727,0.0,0.0,0.0,0.0,0.0,0.0,Track below surface
protons,15.97979797979798,81.81818181818181,0.0,0.0,0.0,0.0,0.0,0.0,Track below surface
protons,15.97979797979798,83.86363636363636,0.0,0.0,0.0,0.0,0.0,0.0,Track below surface
protons,15.97979797979798,85.9090909090909,0.0,0.0,0.0,0.0,0.0,0.0,Track below surface
protons,15.97979797979798,87.95454545454545,0.0,0.0,0.0,0.0,0.0,0.0,Track below surface
protons,15.97979797979798,90.0,4.5295611528217705e-07,0.0034290144408615107,0.0034290144408615107,0.006762884217766844,0.07291280266062841,2.8811097255161365e-05,Developed
protons,16.18080808080808,0.0,0.0,0.0,0.0,0.0,0.0,0.0,Angle < Critical
protons,16.18080808080808,2.0454545454545454,0.0,0.0,0.0,0.0,0.0,0.0,Angle < Critical
protons,16.18080808080808,4.090909090909091,0.0,0.0,0.0,0.0,0.0,0.0,Angle < Critical
protons,16.18080808080808,6.136363636363637,0.0,0.0,0.0,0.0,0.0,0.0,Angle < Critical
protons,16.18080808080808,8.181818181818182,0.0,0.0,0.0,0.0,0.0,0.0,Angle < Critical
protons,16.18080808080808,10.227272727272727,0.0,0.0,0.0,0.0,0.0,0.0,Angle < Critical
protons,16.18080808080808,12.272727272727273,0.0,0.0,0.0,0.0,0.0,0.0,Angle < Critical
protons,16.18080808080808,14.318181818181818,0.0,0.0,0.0,0.0,0.0,0.0,Angle < Critical
protons,16.18080808080808,16.363636363636363,0.0,0.0,0.0,0.0,0.0,0.0,Angle < Critical
protons,16.18080808080808,18.40909090909091,0.0,0.0,0.0,0.0,0.0,0.0,Angle < Critical
protons,16.18080808080808,20.454545454545453,0.0,0.0,0.0,0.0,0.0,0.0,Angle < Critical
protons,16.18080808080808,22.5,0.0,0.0,0.0,0.0,0.0,0.0,Angle < Critical
protons,16.18080808080808,24.545454545454547,0.0,0.0,0.0,0.0,0.0,0.0,Angle < Critical
protons,16.18080808080808,26.59090909090909,0.0,0.0,0.0,0.0,0.0,0.0,Angle < Critical
protons,16.18080808080808,28.636363636363637,0.0,0.0,0.0,0.0,0.0,0.0,Track below surface
protons,16.18080808080808,30.68181818181818,0.0,0.0,0.0,0.0,0.0,0.0,Track below surface
protons,16.18080808080808,32.72727272727273,0.0,0.0,0.0,0.0,0.0,0.0,Track below surface
protons,16.18080808080808,34.77272727272727,0.0,0.0,0.0,0.0,0.0,0.0,Track below surface
protons,16.18080808080808,36.81818181818182,0.0,0.0,0.0,0.0,0.0,0.0,Track below surface
protons,16.18080808080808,38.86363636363636,0.0,0.0,0.0,0.0,0.0,0.0,Track below surface
protons,16.18080808080808,40.90909090909091,0.0,0.0,0.0,0.0,0.0,0.0,Track below surface
protons,16.18080808080808,42.95454545454545,0.0,0.0,0.0,0.0,0.0,0.0,Track below surface
protons,16.18080808080808,45.0,0.0,0.0,0.0,0.0,0.0,0.0,Track below surface
protons,16.18080808080808,47.04545454545455,0.0,0.0,0.0,0.0,0.0,0.0,Track below surface
protons,16.18080808080808,49.09090909090909,0.0,0.0,0.0,0.0,0.0,0.0,Track below surface
protons,16.18080808080808,51.13636363636363,0.0,0.0,0.0,0.0,0.0,0.0,Track below surface
protons,16.18080808080808,53.18181818181818,0.0,0.0,0.0,0.0,0.0,0.0,Track below surface
protons,16.18080808080808,55.22727272727273,0.0,0.0,0.0,0.0,0.0,0.0,Track below surface
protons,16.18080808080808,57.27272727272727,0.0,0.0,0.0,0.0,0.0,0.0,Track below surface
protons,16.18080808080808,59.31818181818182,0.0,0.0,0.0,0.0,0.0,0.0,Track below surface
protons,16.18080808080808,61.36363636363636,0.0,0.0,0.0,0.0,0.0,0.0,Track below surface
protons,16.18080808080808,63.40909090909091,0.0,0.0,0.0,0.0,0.0,0.0,Track below surface
protons,16.18080808080808,65.45454545454545,0.0,0.0,0.0,0.0,0.0,0.0,Track below surface
protons,16.18080808080808,67.5,0.0,0.0,0.0,0.0,0.0,0.0,Track below surface
protons,16.18080808080808,69.54545454545455,0.0,0.0,0.0,0.0,0.0,0.0,Track below surface
protons,16.18080808080808,71.5909090909091,0.0,0.0,0.0,0.0,0.0,0.0,Track below surface
protons,16.18080808080808,73.63636363636364,0.0,0.0,0.0,0.0,0.0,0.0,Track below surface
protons,16.18080808080808,75.68181818181819,0.0,0.0,0.0,0.0,0.0,0.0,Track below surface
protons,16.18080808080808,77.72727272727272,0.0,0.0,0.0,0.0,0.0,0.0,Track below surface
protons,16.18080808080808,79.77272727272727,0.0,0.0,0.0,0.0,0.0,0.0,Track below surface
protons,16.18080808080808,81.81818181818181,0.0,0.0,0.0,0.0,0.0,0.0,Track below surface
protons,16.18080808080808,83.86363636363636,0.0,0.0,0.0,0.0,0.0,0.0,Track below surface
protons,16.18080808080808,85.9090909090909,0.0,0.0,0.0,0.0,0.0,0.0,Track below surface
protons,16.18080808080808,87.95454545454545,0.0,0.0,0.0,0.0,0.0,0.0,Track below surface
protons,16.18080808080808,90.0,3.1004598177730713e-07,0.002836963492110686,0.002836963492110686,0.00559521344432,0.08692196285542916,2.0023583343737215e-05,Developed
protons,16.381818181818183,0.0,0.0,0.0,0.0,0.0,0.0,0.0,Angle < Critical
protons,16.381818181818183,2.0454545454545454,0.0,0.0,0.0,0.0,0.0,0.0,Angle < Critical
protons,16.381818181818183,4.090909090909091,0.0,0.0,0.0,0.0,0.0,0.0,Angle < Critical
protons,16.381818181818183,6.136363636363637,0.0,0.0,0.0,0.0,0.0,0.0,Angle < Critical
protons,16.381818181818183,8.181818181818182,0.0,0.0,0.0,0.0,0.0,0.0,Angle < Critical
protons,16.381818181818183,10.227272727272727,0.0,0.0,0.0,0.0,0.0,0.0,Angle < Critical
protons,16.381818181818183,12.272727272727273,0.0,0.0,0.0,0.0,0.0,0.0,Angle < Critical
protons,16.381818181818183,14.318181818181818,0.0,0.0,0.0,0.0,0.0,0.0,Angle < Critical
protons,16.381818181818183,16.363636363636363,0.0,0.0,0.0,0.0,0.0,0.0,Angle < Critical
protons,16.381818181818183,18.40909090909091,0.0,0.0,0.0,0.0,0.0,0.0,Angle < Critical
protons,16.381818181818183,20.454545454545453,0.0,0.0,0.0,0.0,0.0,0.0,Angle < Critical
protons,16.381818181818183,22.5,0.0,0.0,0.0,0.0,0.0,0.0,Angle < Critical
protons,16.381818181818183,24.545454545454547,0.0,0.0,0.0,0.0,0.0,0.0,Angle < Critical
protons,16.381818181818183,26.59090909090909,0.0,0.0,0.0,0.0,0.0,0.0,Angle < Critical
protons,16.381818181818183,28.636363636363637,0.0,0.0,0.0,0.0,0.0,0.0,Track below surface
protons,16.381818181818183,30.68181818181818,0.0,0.0,0.0,0.0,0.0,0.0,Track below surface
protons,16.381818181818183,32.72727272727273,0.0,0.0,0.0,0.0,0.0,0.0,Track below surface
protons,16.381818181818183,34.77272727272727,0.0,0.0,0.0,0.0,0.0,0.0,Track below surface
protons,16.381818181818183,36.81818181818182,0.0,0.0,0.0,0.0,0.0,0.0,Track below surface
protons,16.381818181818183,38.86363636363636,0.0,0.0,0.0,0.0,0.0,0.0,Track below surface
protons,16.381818181818183,40.90909090909091,0.0,0.0,0.0,0.0,0.0,0.0,Track below surface
protons,16.381818181818183,42.95454545454545,0.0,0.0,0.0,0.0,0.0,0.0,Track below surface
protons,16.381818181818183,45.0,0.0,0.0,0.0,0.0,0.0,0.0,Track below surface
protons,16.381818181818183,47.04545454545455,0.0,0.0,0.0,0.0,0.0,0.0,Track below surface
protons,16.381818181818183,49.09090909090909,0.0,0.0,0.0,0.0,0.0,0.0,Track below surface
protons,16.381818181818183,51.13636363636363,0.0,0.0,0.0,0.0,0.0,0.0,Track below surface
protons,16.381818181818183,53.18181818181818,0.0,0.0,0.0,0.0,0.0,0.0,Track below surface
protons,16.381818181818183,55.22727272727273,0.0,0.0,0.0,0.0,0.0,0.0,Track below surface
protons,16.381818181818183,57.27272727272727,0.0,0.0,0.0,0.0,0.0,0.0,Track below surface
protons,16.381818181818183,59.31818181818182,0.0,0.0,0.0,0.0,0.0,0.0,Track below surface
protons,16.381818181818183,61.36363636363636,0.0,0.0,0.0,0.0,0.0,0.0,Track below surface
protons,16.381818181818183,63.40909090909091,0.0,0.0,0.0,0.0,0.0,0.0,Track below surface
protons,16.381818181818183,65.45454545454545,0.0,0.0,0.0,0.0,0.0,0.0,Track below surface
protons,16.381818181818183,67.5,0.0,0.0,0.0,0.0,0.0,0.0,Track below surface
protons,16.381818181818183,69.54545454545455,0.0,0.0,0.0,0.0,0.0,0.0,Track below surface
protons,16.381818181818183,71.5909090909091,0.0,0.0,0.0,0.0,0.0,0.0,Track below surface
protons,16.381818181818183,73.63636363636364,0.0,0.0,0.0,0.0,0.0,0.0,Track below surface
protons,16.381818181818183,75.68181818181819,0.0,0.0,0.0,0.0,0.0,0.0,Track below surface
protons,16.381818181818183,77.72727272727272,0.0,0.0,0.0,0.0,0.0,0.0,Track below surface
protons,16.381818181818183,79.77272727272727,0.0,0.0,0.0,0.0,0.0,0.0,Track below surface
protons,16.381818181818183,81.81818181818181,0.0,0.0,0.0,0.0,0.0,0.0,Track below surface
protons,16.381818181818183,83.86363636363636,0.0,0.0,0.0,0.0,0.0,0.0,Track below surface
protons,16.381818181818183,85.9090909090909,0.0,0.0,0.0,0.0,0.0,0.0,Track below surface
protons,16.381818181818183,87.95454545454545,0.0,0.0,0.0,0.0,0.0,0.0,Track below surface
protons,16.381818181818183,90.0,2.115730612928246e-07,0.00234353816607245,0.00234353816607245,0.004622044539614722,0.10342379141342407,1.3915445624671264e-05,Developed
protons,16.582828282828284,0.0,0.0,0.0,0.0,0.0,0.0,0.0,Angle < Critical
protons,16.582828282828284,2.0454545454545454,0.0,0.0,0.0,0.0,0.0,0.0,Angle < Critical
protons,16.582828282828284,4.090909090909091,0.0,0.0,0.0,0.0,0.0,0.0,Angle < Critical
protons,16.582828282828284,6.136363636363637,0.0,0.0,0.0,0.0,0.0,0.0,Angle < Critical
protons,16.582828282828284,8.181818181818182,0.0,0.0,0.0,0.0,0.0,0.0,Angle < Critical
protons,16.582828282828284,10.227272727272727,0.0,0.0,0.0,0.0,0.0,0.0,Angle < Critical
protons,16.582828282828284,12.272727272727273,0.0,0.0,0.0,0.0,0.0,0.0,Angle < Critical
protons,16.582828282828284,14.318181818181818,0.0,0.0,0.0,0.0,0.0,0.0,Angle < Critical
protons,16.582828282828284,16.363636363636363,0.0,0.0,0.0,0.0,0.0,0.0,Angle < Critical
protons,16.582828282828284,18.40909090909091,0.0,0.0,0.0,0.0,0.0,0.0,Angle < Critical
protons,16.582828282828284,20.454545454545453,0.0,0.0,0.0,0.0,0.0,0.0,Angle < Critical
protons,16.582828282828284,22.5,0.0,0.0,0.0,0.0,0.0,0.0,Angle < Critical
protons,16.582828282828284,24.545454545454547,0.0,0.0,0.0,0.0,0.0,0.0,Angle < Critical
protons,16.582828282828284,26.59090909090909,0.0,0.0,0.0,0.0,0.0,0.0,Angle < Critical
protons,16.582828282828284,28.636363636363637,0.0,0.0,0.0,0.0,0.0,0.0,Track below surface
protons,16.582828282828284,30.68181818181818,0.0,0.0,0.0,0.0,0.0,0.0,Track below surface
protons,16.582828282828284,32.72727272727273,0.0,0.0,0.0,0.0,0.0,0.0,Track below surface
protons,16.582828282828284,34.77272727272727,0.0,0.0,0.0,0.0,0.0,0.0,Track below surface
protons,16.582828282828284,36.81818181818182,0.0,0.0,0.0,0.0,0.0,0.0,Track below surface
protons,16.582828282828284,38.86363636363636,0.0,0.0,0.0,0.0,0.0,0.0,Track below surface
protons,16.582828282828284,40.90909090909091,0.0,0.0,0.0,0.0,0.0,0.0,Track below surface
protons,16.582828282828284,42.95454545454545,0.0,0.0,0.0,0.0,0.0,0.0,Track below surface
protons,16.582828282828284,45.0,0.0,0.0,0.0,0.0,0.0,0.0,Track below surface
protons,16.582828282828284,47.04545454545455,0.0,0.0,0.0,0.0,0.0,0.0,Track below surface
protons,16.582828282828284,49.09090909090909,0.0,0.0,0.0,0.0,0.0,0.0,Track below surface
protons,16.582828282828284,51.13636363636363,0.0,0.0,0.0,0.0,0.0,0.0,Track below surface
protons,16.582828282828284,53.18181818181818,0.0,0.0,0.0,0.0,0.0,0.0,Track below surface
protons,16.582828282828284,55.22727272727273,0.0,0.0,0.0,0.0,0.0,0.0,Track below surface
protons,16.582828282828284,57.27272727272727,0.0,0.0,0.0,0.0,0.0,0.0,Track below surface
protons,16.582828282828284,59.31818181818182,0.0,0.0,0.0,0.0,0.0,0.0,Track below surface
protons,16.582828282828284,61.36363636363636,0.0,0.0,0.0,0.0,0.0,0.0,Track below surface
protons,16.582828282828284,63.40909090909091,0.0,0.0,0.0,0.0,0.0,0.0,Track below surface
protons,16.582828282828284,65.45454545454545,0.0,0.0,0.0,0.0,0.0,0.0,Track below surface
protons,16.582828282828284,67.5,0.0,0.0,0.0,0.0,0.0,0.0,Track below surface
protons,16.582828282828284,69.54545454545455,0.0,0.0,0.0,0.0,0.0,0.0,Track below surface
protons,16.582828282828284,71.5909090909091,0.0,0.0,0.0,0.0,0.0,0.0,Track below surface
protons,16.582828282828284,73.63636363636364,0.0,0.0,0.0,0.0,0.0,0.0,Track below surface
protons,16.582828282828284,75.68181818181819,0.0,0.0,0.0,0.0,0.0,0.0,Track below surface
protons,16.582828282828284,77.72727272727272,0.0,0.0,0.0,0.0,0.0,0.0,Track below surface
protons,16.582828282828284,79.77272727272727,0.0,0.0,0.0,0.0,0.0,0.0,Track below surface
protons,16.582828282828284,81.81818181818181,0.0,0.0,0.0,0.0,0.0,0.0,Track below surface
protons,16.582828282828284,83.86363636363636,0.0,0.0,0.0,0.0,0.0,0.0,Track below surface
protons,16.582828282828284,85.9090909090909,0.0,0.0,0.0,0.0,0.0,0.0,Track below surface
protons,16.582828282828284,87.95454545454545,0.0,0.0,0.0,0.0,0.0,0.0,Track below surface
protons,16.582828282828284,90.0,1.439408183756541e-07,0.0019330166287280753,0.0019330166287280753,0.0038123747397040427,0.12276737004570229,9.67587666822742e-06,Developed
protons,16.783838383838383,0.0,0.0,0.0,0.0,0.0,0.0,0.0,Angle < Critical
protons,16.783838383838383,2.0454545454545454,0.0,0.0,0.0,0.0,0.0,0.0,Angle < Critical
protons,16.783838383838383,4.090909090909091,0.0,0.0,0.0,0.0,0.0,0.0,Angle < Critical
protons,16.783838383838383,6.136363636363637,0.0,0.0,0.0,0.0,0.0,0.0,Angle < Critical
protons,16.783838383838383,8.181818181818182,0.0,0.0,0.0,0.0,0.0,0.0,Angle < Critical
protons,16.783838383838383,10.227272727272727,0.0,0.0,0.0,0.0,0.0,0.0,Angle < Critical
protons,16.783838383838383,12.272727272727273,0.0,0.0,0.0,0.0,0.0,0.0,Angle < Critical
protons,16.783838383838383,14.318181818181818,0.0,0.0,0.0,0.0,0.0,0.0,Angle < Critical
protons,16.783838383838383,16.363636363636363,0.0,0.0,0.0,0.0,0.0,0.0,Angle < Critical
protons,16.783838383838383,18.40909090909091,0.0,0.0,0.0,0.0,0.0,0.0,Angle < Critical
protons,16.783838383838383,20.454545454545453,0.0,0.0,0.0,0.0,0.0,0.0,Angle < Critical
protons,16.783838383838383,22.5,0.0,0.0,0.0,0.0,0.0,0.0,Angle < Critical
protons,16.783838383838383,24.545454545454547,0.0,0.0,0.0,0.0,0.0,0.0,Angle < Critical
protons,16.783838383838383,26.59090909090909,0.0,0.0,0.0,0.0,0.0,0.0,Angle < Critical
protons,16.783838383838383,28.636363636363637,0.0,0.0,0.0,0.0,0.0,0.0,Track below surface
protons,16.783838383838383,30.68181818181818,0.0,0.0,0.0,0.0,0.0,0.0,Track below surface
protons,16.783838383838383,32.72727272727273,0.0,0.0,0.0,0.0,0.0,0.0,Track below surface
protons,16.783838383838383,34.77272727272727,0.0,0.0,0.0,0.0,0.0,0.0,Track below surface
protons,16.783838383838383,36.81818181818182,0.0,0.0,0.0,0.0,0.0,0.0,Track below surface
protons,16.783838383838383,38.86363636363636,0.0,0.0,0.0,0.0,0.0,0.0,Track below surface
protons,16.783838383838383,40.90909090909091,0.0,0.0,0.0,0.0,0.0,0.0,Track below surface
protons,16.783838383838383,42.95454545454545,0.0,0.0,0.0,0.0,0.0,0.0,Track below surface
protons,16.783838383838383,45.0,0.0,0.0,0.0,0.0,0.0,0.0,Track below surface
protons,16.783838383838383,47.04545454545455,0.0,0.0,0.0,0.0,0.0,0.0,Track below surface
protons,16.783838383838383,49.09090909090909,0.0,0.0,0.0,0.0,0.0,0.0,Track below surface
protons,16.783838383838383,51.13636363636363,0.0,0.0,0.0,0.0,0.0,0.0,Track below surface
protons,16.783838383838383,53.18181818181818,0.0,0.0,0.0,0.0,0.0,0.0,Track below surface
protons,16.783838383838383,55.22727272727273,0.0,0.0,0.0,0.0,0.0,0.0,Track below surface
protons,16.783838383838383,57.27272727272727,0.0,0.0,0.0,0.0,0.0,0.0,Track below surface
protons,16.783838383838383,59.31818181818182,0.0,0.0,0.0,0.0,0.0,0.0,Track below surface
protons,16.783838383838383,61.36363636363636,0.0,0.0,0.0,0.0,0.0,0.0,Track below surface
protons,16.783838383838383,63.40909090909091,0.0,0.0,0.0,0.0,0.0,0.0,Track below surface
protons,16.783838383838383,65.45454545454545,0.0,0.0,0.0,0.0,0.0,0.0,Track below surface
protons,16.783838383838383,67.5,0.0,0.0,0.0,0.0,0.0,0.0,Track below surface
protons,16.783838383838383,69.54545454545455,0.0,0.0,0.0,0.0,0.0,0.0,Track below surface
protons,16.783838383838383,71.5909090909091,0.0,0.0,0.0,0.0,0.0,0.0,Track below surface
protons,16.783838383838383,73.63636363636364,0.0,0.0,0.0,0.0,0.0,0.0,Track below surface
protons,16.783838383838383,75.68181818181819,0.0,0.0,0.0,0.0,0.0,0.0,Track below surface
protons,16.783838383838383,77.72727272727272,0.0,0.0,0.0,0.0,0.0,0.0,Track below surface
protons,16.783838383838383,79.77272727272727,0.0,0.0,0.0,0.0,0.0,0.0,Track below surface
protons,16.783838383838383,81.81818181818181,0.0,0.0,0.0,0.0,0.0,0.0,Track below surface
protons,16.783838383838383,83.86363636363636,0.0,0.0,0.0,0.0,0.0,0.0,Track below surface
protons,16.783838383838383,85.9090909090909,0.0,0.0,0.0,0.0,0.0,0.0,Track below surface
protons,16.783838383838383,87.95454545454545,0.0,0.0,0.0,0.0,0.0,0.0,Track below surface
protons,16.783838383838383,90.0,9.763938990658971e-08,0.0015920511921036847,0.0015920511921036847,0.0031399015960041255,0.14529874996854006,6.736482415195118e-06,Developed
protons,16.984848484848484,0.0,0.0,0.0,0.0,0.0,0.0,0.0,Angle < Critical
protons,16.984848484848484,2.0454545454545454,0.0,0.0,0.0,0.0,0.0,0.0,Angle < Critical
protons,16.984848484848484,4.090909090909091,0.0,0.0,0.0,0.0,0.0,0.0,Angle < Critical
protons,16.984848484848484,6.136363636363637,0.0,0.0,0.0,0.0,0.0,0.0,Angle < Critical
protons,16.984848484848484,8.181818181818182,0.0,0.0,0.0,0.0,0.0,0.0,Angle < Critical
protons,16.984848484848484,10.227272727272727,0.0,0.0,0.0,0.0,0.0,0.0,Angle < Critical
protons,16.984848484848484,12.272727272727273,0.0,0.0,0.0,0.0,0.0,0.0,Angle < Critical
protons,16.984848484848484,14.318181818181818,0.0,0.0,0.0,0.0,0.0,0.0,Angle < Critical
protons,16.984848484848484,16.363636363636363,0.0,0.0,0.0,0.0,0.0,0.0,Angle < Critical
protons,16.984848484848484,18.40909090909091,0.0,0.0,0.0,0.0,0.0,0.0,Angle < Critical
protons,16.984848484848484,20.454545454545453,0.0,0.0,0.0,0.0,0.0,0.0,Angle < Critical
protons,16.984848484848484,22.5,0.0,0.0,0.0,0.0,0.0,0.0,Angle < Critical
protons,16.984848484848484,24.545454545454547,0.0,0.0,0.0,0.0,0.0,0.0,Angle < Critical
protons,16.984848484848484,26.59090909090909,0.0,0.0,0.0,0.0,0.0,0.0,Angle < Critical
protons,16.984848484848484,28.636363636363637,0.0,0.0,0.0,0.0,0.0,0.0,Track below surface
protons,16.984848484848484,30.68181818181818,0.0,0.0,0.0,0.0,0.0,0.0,Track below surface
protons,16.984848484848484,32.72727272727273,0.0,0.0,0.0,0.0,0.0,0.0,Track below surface
protons,16.984848484848484,34.77272727272727,0.0,0.0,0.0,0.0,0.0,0.0,Track below surface
protons,16.984848484848484,36.81818181818182,0.0,0.0,0.0,0.0,0.0,0.0,Track below surface
protons,16.984848484848484,38.86363636363636,0.0,0.0,0.0,0.0,0.0,0.0,Track below surface
protons,16.984848484848484,40.90909090909091,0.0,0.0,0.0,0.0,0.0,0.0,Track below surface
protons,16.984848484848484,42.95454545454545,0.0,0.0,0.0,0.0,0.0,0.0,Track below surface
protons,16.984848484848484,45.0,0.0,0.0,0.0,0.0,0.0,0.0,Track below surface
protons,16.984848484848484,47.04545454545455,0.0,0.0,0.0,0.0,0.0,0.0,Track below surface
protons,16.984848484848484,49.09090909090909,0.0,0.0,0.0,0.0,0.0,0.0,Track below surface
protons,16.984848484848484,51.13636363636363,0.0,0.0,0.0,0.0,0.0,0.0,Track below surface
protons,16.984848484848484,53.18181818181818,0.0,0.0,0.0,0.0,0.0,0.0,Track below surface
protons,16.984848484848484,55.22727272727273,0.0,0.0,0.0,0.0,0.0,0.0,Track below surface
protons,16.984848484848484,57.27272727272727,0.0,0.0,0.0,0.0,0.0,0.0,Track below surface
protons,16.984848484848484,59.31818181818182,0.0,0.0,0.0,0.0,0.0,0.0,Track below surface
protons,16.984848484848484,61.36363636363636,0.0,0.0,0.0,0.0,0.0,0.0,Track below surface
protons,16.984848484848484,63.40909090909091,0.0,0.0,0.0,0.0,0.0,0.0,Track below surface
protons,16.984848484848484,65.45454545454545,0.0,0.0,0.0,0.0,0.0,0.0,Track below surface
protons,16.984848484848484,67.5,0.0,0.0,0.0,0.0,0.0,0.0,Track below surface
protons,16.984848484848484,69.54545454545455,0.0,0.0,0.0,0.0,0.0,0.0,Track below surface
protons,16.984848484848484,71.5909090909091,0.0,0.0,0.0,0.0,0.0,0.0,Track below surface
protons,16.984848484848484,73.63636363636364,0.0,0.0,0.0,0.0,0.0,0.0,Track below surface
protons,16.984848484848484,75.68181818181819,0.0,0.0,0.0,0.0,0.0,0.0,Track below surface
protons,16.984848484848484,77.72727272727272,0.0,0.0,0.0,0.0,0.0,0.0,Track below surface
protons,16.984848484848484,79.77272727272727,0.0,0.0,0.0,0.0,0.0,0.0,Track below surface
protons,16.984848484848484,81.81818181818181,0.0,0.0,0.0,0.0,0.0,0.0,Track below surface
protons,16.984848484848484,83.86363636363636,0.0,0.0,0.0,0.0,0.0,0.0,Track below surface
protons,16.984848484848484,85.9090909090909,0.0,0.0,0.0,0.0,0.0,0.0,Track below surface
protons,16.984848484848484,87.95454545454545,0.0,0.0,0.0,0.0,0.0,0.0,Track below surface
protons,16.984848484848484,90.0,6.604081193017919e-08,0.0013093239424869663,0.0013093239424869663,0.002582322590395863,0.17134183219317314,4.69962766936953e-06,Developed
protons,17.185858585858586,0.0,0.0,0.0,0.0,0.0,0.0,0.0,Angle < Critical
protons,17.185858585858586,2.0454545454545454,0.0,0.0,0.0,0.0,0.0,0.0,Angle < Critical
protons,17.185858585858586,4.090909090909091,0.0,0.0,0.0,0.0,0.0,0.0,Angle < Critical
protons,17.185858585858586,6.136363636363637,0.0,0.0,0.0,0.0,0.0,0.0,Angle < Critical
protons,17.185858585858586,8.181818181818182,0.0,0.0,0.0,0.0,0.0,0.0,Angle < Critical
protons,17.185858585858586,10.227272727272727,0.0,0.0,0.0,0.0,0.0,0.0,Angle < Critical
protons,17.185858585858586,12.272727272727273,0.0,0.0,0.0,0.0,0.0,0.0,Angle < Critical
protons,17.185858585858586,14.318181818181818,0.0,0.0,0.0,0.0,0.0,0.0,Angle < Critical
protons,17.185858585858586,16.363636363636363,0.0,0.0,0.0,0.0,0.0,0.0,Angle < Critical
protons,17.185858585858586,18.40909090909091,0.0,0.0,0.0,0.0,0.0,0.0,Angle < Critical
protons,17.185858585858586,20.454545454545453,0.0,0.0,0.0,0.0,0.0,0.0,Angle < Critical
protons,17.185858585858586,22.5,0.0,0.0,0.0,0.0,0.0,0.0,Angle < Critical
protons,17.185858585858586,24.545454545454547,0.0,0.0,0.0,0.0,0.0,0.0,Angle < Critical
protons,17.185858585858586,26.59090909090909,0.0,0.0,0.0,0.0,0.0,0.0,Angle < Critical
protons,17.185858585858586,28.636363636363637,0.0,0.0,0.0,0.0,0.0,0.0,Track below surface
protons,17.185858585858586,30.68181818181818,0.0,0.0,0.0,0.0,0.0,0.0,Track below surface
protons,17.185858585858586,32.72727272727273,0.0,0.0,0.0,0.0,0.0,0.0,Track below surface
protons,17.185858585858586,34.77272727272727,0.0,0.0,0.0,0.0,0.0,0.0,Track below surface
protons,17.185858585858586,36.81818181818182,0.0,0.0,0.0,0.0,0.0,0.0,Track below surface
protons,17.185858585858586,38.86363636363636,0.0,0.0,0.0,0.0,0.0,0.0,Track below surface
protons,17.185858585858586,40.90909090909091,0.0,0.0,0.0,0.0,0.0,0.0,Track below surface
protons,17.185858585858586,42.95454545454545,0.0,0.0,0.0,0.0,0.0,0.0,Track below surface
protons,17.185858585858586,45.0,0.0,0.0,0.0,0.0,0.0,0.0,Track below surface
protons,17.185858585858586,47.04545454545455,0.0,0.0,0.0,0.0,0.0,0.0,Track below surface
protons,17.185858585858586,49.09090909090909,0.0,0.0,0.0,0.0,0.0,0.0,Track below surface
protons,17.185858585858586,51.13636363636363,0.0,0.0,0.0,0.0,0.0,0.0,Track below surface
protons,17.185858585858586,53.18181818181818,0.0,0.0,0.0,0.0,0.0,0.0,Track below surface
protons,17.185858585858586,55.22727272727273,0.0,0.0,0.0,0.0,0.0,0.0,Track below surface
protons,17.185858585858586,57.27272727272727,0.0,0.0,0.0,0.0,0.0,0.0,Track below surface
protons,17.185858585858586,59.31818181818182,0.0,0.0,0.0,0.0,0.0,0.0,Track below surface
protons,17.185858585858586,61.36363636363636,0.0,0.0,0.0,0.0,0.0,0.0,Track below surface
protons,17.185858585858586,63.40909090909091,0.0,0.0,0.0,0.0,0.0,0.0,Track below surface
protons,17.185858585858586,65.45454545454545,0.0,0.0,0.0,0.0,0.0,0.0,Track below surface
protons,17.185858585858586,67.5,0.0,0.0,0.0,0.0,0.0,0.0,Track below surface
protons,17.185858585858586,69.54545454545455,0.0,0.0,0.0,0.0,0.0,0.0,Track below surface
protons,17.185858585858586,71.5909090909091,0.0,0.0,0.0,0.0,0.0,0.0,Track below surface
protons,17.185858585858586,73.63636363636364,0.0,0.0,0.0,0.0,0.0,0.0,Track below surface
protons,17.185858585858586,75.68181818181819,0.0,0.0,0.0,0.0,0.0,0.0,Track below surface
protons,17.185858585858586,77.72727272727272,0.0,0.0,0.0,0.0,0.0,0.0,Track below surface
protons,17.185858585858586,79.77272727272727,0.0,0.0,0.0,0.0,0.0,0.0,Track below surface
protons,17.185858585858586,81.81818181818181,0.0,0.0,0.0,0.0,0.0,0.0,Track below surface
protons,17.185858585858586,83.86363636363636,0.0,0.0,0.0,0.0,0.0,0.0,Track below surface
protons,17.185858585858586,85.9090909090909,0.0,0.0,0.0,0.0,0.0,0.0,Track below surface
protons,17.185858585858586,87.95454545454545,0.0,0.0,0.0,0.0,0.0,0.0,Track below surface
protons,17.185858585858586,90.0,4.455174362760772e-08,0.0010754290192823103,0.0010754290192823103,0.0021209612178497675,0.20115604283813704,3.288587377523486e-06,Developed
protons,17.386868686868688,0.0,0.0,0.0,0.0,0.0,0.0,0.0,Angle < Critical
protons,17.386868686868688,2.0454545454545454,0.0,0.0,0.0,0.0,0.0,0.0,Angle < Critical
protons,17.386868686868688,4.090909090909091,0.0,0.0,0.0,0.0,0.0,0.0,Angle < Critical
protons,17.386868686868688,6.136363636363637,0.0,0.0,0.0,0.0,0.0,0.0,Angle < Critical
protons,17.386868686868688,8.181818181818182,0.0,0.0,0.0,0.0,0.0,0.0,Angle < Critical
protons,17.386868686868688,10.227272727272727,0.0,0.0,0.0,0.0,0.0,0.0,Angle < Critical
protons,17.386868686868688,12.272727272727273,0.0,0.0,0.0,0.0,0.0,0.0,Angle < Critical
protons,17.386868686868688,14.318181818181818,0.0,0.0,0.0,0.0,0.0,0.0,Angle < Critical
protons,17.386868686868688,16.363636363636363,0.0,0.0,0.0,0.0,0.0,0.0,Angle < Critical
protons,17.386868686868688,18.40909090909091,0.0,0.0,0.0,0.0,0.0,0.0,Angle < Critical
protons,17.386868686868688,20.454545454545453,0.0,0.0,0.0,0.0,0.0,0.0,Angle < Critical
protons,17.386868686868688,22.5,0.0,0.0,0.0,0.0,0.0,0.0,Angle < Critical
protons,17.386868686868688,24.545454545454547,0.0,0.0,0.0,0.0,0.0,0.0,Angle < Critical
protons,17.386868686868688,26.59090909090909,0.0,0.0,0.0,0.0,0.0,0.0,Angle < Critical
protons,17.386868686868688,28.636363636363637,0.0,0.0,0.0,0.0,0.0,0.0,Track below surface
protons,17.386868686868688,30.68181818181818,0.0,0.0,0.0,0.0,0.0,0.0,Track below surface
protons,17.386868686868688,32.72727272727273,0.0,0.0,0.0,0.0,0.0,0.0,Track below surface
protons,17.386868686868688,34.77272727272727,0.0,0.0,0.0,0.0,0.0,0.0,Track below surface
protons,17.386868686868688,36.81818181818182,0.0,0.0,0.0,0.0,0.0,0.0,Track below surface
protons,17.386868686868688,38.86363636363636,0.0,0.0,0.0,0.0,0.0,0.0,Track below surface
protons,17.386868686868688,40.90909090909091,0.0,0.0,0.0,0.0,0.0,0.0,Track below surface
protons,17.386868686868688,42.95454545454545,0.0,0.0,0.0,0.0,0.0,0.0,Track below surface
protons,17.386868686868688,45.0,0.0,0.0,0.0,0.0,0.0,0.0,Track below surface
protons,17.386868686868688,47.04545454545455,0.0,0.0,0.0,0.0,0.0,0.0,Track below surface
protons,17.386868686868688,49.09090909090909,0.0,0.0,0.0,0.0,0.0,0.0,Track below surface
protons,17.386868686868688,51.13636363636363,0.0,0.0,0.0,0.0,0.0,0.0,Track below surface
protons,17.386868686868688,53.18181818181818,0.0,0.0,0.0,0.0,0.0,0.0,Track below surface
protons,17.386868686868688,55.22727272727273,0.0,0.0,0.0,0.0,0.0,0.0,Track below surface
protons,17.386868686868688,57.27272727272727,0.0,0.0,0.0,0.0,0.0,0.0,Track below surface
protons,17.386868686868688,59.31818181818182,0.0,0.0,0.0,0.0,0.0,0.0,Track below surface
protons,17.386868686868688,61.36363636363636,0.0,0.0,0.0,0.0,0.0,0.0,Track below surface
protons,17.386868686868688,63.40909090909091,0.0,0.0,0.0,0.0,0.0,0.0,Track below surface
protons,17.386868686868688,65.45454545454545,0.0,0.0,0.0,0.0,0.0,0.0,Track below surface
protons,17.386868686868688,67.5,0.0,0.0,0.0,0.0,0.0,0.0,Track below surface
protons,17.386868686868688,69.54545454545455,0.0,0.0,0.0,0.0,0.0,0.0,Track below surface
protons,17.386868686868688,71.5909090909091,0.0,0.0,0.0,0.0,0.0,0.0,Track below surface
protons,17.386868686868688,73.63636363636364,0.0,0.0,0.0,0.0,0.0,0.0,Track below surface
protons,17.386868686868688,75.68181818181819,0.0,0.0,0.0,0.0,0.0,0.0,Track below surface
protons,17.386868686868688,77.72727272727272,0.0,0.0,0.0,0.0,0.0,0.0,Track below surface
protons,17.386868686868688,79.77272727272727,0.0,0.0,0.0,0.0,0.0,0.0,Track below surface
protons,17.386868686868688,81.81818181818181,0.0,0.0,0.0,0.0,0.0,0.0,Track below surface
protons,17.386868686868688,83.86363636363636,0.0,0.0,0.0,0.0,0.0,0.0,Track below surface
protons,17.386868686868688,85.9090909090909,0.0,0.0,0.0,0.0,0.0,0.0,Track below surface
protons,17.386868686868688,87.95454545454545,0.0,0.0,0.0,0.0,0.0,0.0,Track below surface
protons,17.386868686868688,90.0,2.997328785170339e-08,0.0008820940880985964,0.0008820940880985964,0.0017396986248524433,0.2349054245259458,2.3102237967853205e-06,Developed
protons,17.58787878787879,0.0,0.0,0.0,0.0,0.0,0.0,0.0,Angle < Critical
protons,17.58787878787879,2.0454545454545454,0.0,0.0,0.0,0.0,0.0,0.0,Angle < Critical
protons,17.58787878787879,4.090909090909091,0.0,0.0,0.0,0.0,0.0,0.0,Angle < Critical
protons,17.58787878787879,6.136363636363637,0.0,0.0,0.0,0.0,0.0,0.0,Angle < Critical
protons,17.58787878787879,8.181818181818182,0.0,0.0,0.0,0.0,0.0,0.0,Angle < Critical
protons,17.58787878787879,10.227272727272727,0.0,0.0,0.0,0.0,0.0,0.0,Angle < Critical
protons,17.58787878787879,12.272727272727273,0.0,0.0,0.0,0.0,0.0,0.0,Angle < Critical
protons,17.58787878787879,14.318181818181818,0.0,0.0,0.0,0.0,0.0,0.0,Angle < Critical
protons,17.58787878787879,16.363636363636363,0.0,0.0,0.0,0.0,0.0,0.0,Angle < Critical
protons,17.58787878787879,18.40909090909091,0.0,0.0,0.0,0.0,0.0,0.0,Angle < Critical
protons,17.58787878787879,20.454545454545453,0.0,0.0,0.0,0.0,0.0,0.0,Angle < Critical
protons,17.58787878787879,22.5,0.0,0.0,0.0,0.0,0.0,0.0,Angle < Critical
protons,17.58787878787879,24.545454545454547,0.0,0.0,0.0,0.0,0.0,0.0,Angle < Critical
protons,17.58787878787879,26.59090909090909,0.0,0.0,0.0,0.0,0.0,0.0,Angle < Critical
protons,17.58787878787879,28.636363636363637,0.0,0.0,0.0,0.0,0.0,0.0,Track below surface
protons,17.58787878787879,30.68181818181818,0.0,0.0,0.0,0.0,0.0,0.0,Track below surface
protons,17.58787878787879,32.72727272727273,0.0,0.0,0.0,0.0,0.0,0.0,Track below surface
protons,17.58787878787879,34.77272727272727,0.0,0.0,0.0,0.0,0.0,0.0,Track below surface
protons,17.58787878787879,36.81818181818182,0.0,0.0,0.0,0.0,0.0,0.0,Track below surface
protons,17.58787878787879,38.86363636363636,0.0,0.0,0.0,0.0,0.0,0.0,Track below surface
protons,17.58787878787879,40.90909090909091,0.0,0.0,0.0,0.0,0.0,0.0,Track below surface
protons,17.58787878787879,42.95454545454545,0.0,0.0,0.0,0.0,0.0,0.0,Track below surface
protons,17.58787878787879,45.0,0.0,0.0,0.0,0.0,0.0,0.0,Track below surface
protons,17.58787878787879,47.04545454545455,0.0,0.0,0.0,0.0,0.0,0.0,Track below surface
protons,17.58787878787879,49.09090909090909,0.0,0.0,0.0,0.0,0.0,0.0,Track below surface
protons,17.58787878787879,51.13636363636363,0.0,0.0,0.0,0.0,0.0,0.0,Track below surface
protons,17.58787878787879,53.18181818181818,0.0,0.0,0.0,0.0,0.0,0.0,Track below surface
protons,17.58787878787879,55.22727272727273,0.0,0.0,0.0,0.0,0.0,0.0,Track below surface
protons,17.58787878787879,57.27272727272727,0.0,0.0,0.0,0.0,0.0,0.0,Track below surface
protons,17.58787878787879,59.31818181818182,0.0,0.0,0.0,0.0,0.0,0.0,Track below surface
protons,17.58787878787879,61.36363636363636,0.0,0.0,0.0,0.0,0.0,0.0,Track below surface
protons,17.58787878787879,63.40909090909091,0.0,0.0,0.0,0.0,0.0,0.0,Track below surface
protons,17.58787878787879,65.45454545454545,0.0,0.0,0.0,0.0,0.0,0.0,Track below surface
protons,17.58787878787879,67.5,0.0,0.0,0.0,0.0,0.0,0.0,Track below surface
protons,17.58787878787879,69.54545454545455,0.0,0.0,0.0,0.0,0.0,0.0,Track below surface
protons,17.58787878787879,71.5909090909091,0.0,0.0,0.0,0.0,0.0,0.0,Track below surface
protons,17.58787878787879,73.63636363636364,0.0,0.0,0.0,0.0,0.0,0.0,Track below surface
protons,17.58787878787879,75.68181818181819,0.0,0.0,0.0,0.0,0.0,0.0,Track below surface
protons,17.58787878787879,77.72727272727272,0.0,0.0,0.0,0.0,0.0,0.0,Track below surface
protons,17.58787878787879,79.77272727272727,0.0,0.0,0.0,0.0,0.0,0.0,Track below surface
protons,17.58787878787879,81.81818181818181,0.0,0.0,0.0,0.0,0.0,0.0,Track below surface
protons,17.58787878787879,83.86363636363636,0.0,0.0,0.0,0.0,0.0,0.0,Track below surface
protons,17.58787878787879,85.9090909090909,0.0,0.0,0.0,0.0,0.0,0.0,Track below surface
protons,17.58787878787879,87.95454545454545,0.0,0.0,0.0,0.0,0.0,0.0,Track below surface
protons,17.58787878787879,90.0,2.010197697188687e-08,0.0007223910315374197,0.0007223910315374197,0.0014247138218643658,0.2726970996380958,1.6299079524149213e-06,Developed
protons,17.788888888888888,0.0,0.0,0.0,0.0,0.0,0.0,0.0,Angle < Critical
protons,17.788888888888888,2.0454545454545454,0.0,0.0,0.0,0.0,0.0,0.0,Angle < Critical
protons,17.788888888888888,4.090909090909091,0.0,0.0,0.0,0.0,0.0,0.0,Angle < Critical
protons,17.788888888888888,6.136363636363637,0.0,0.0,0.0,0.0,0.0,0.0,Angle < Critical
protons,17.788888888888888,8.181818181818182,0.0,0.0,0.0,0.0,0.0,0.0,Angle < Critical
protons,17.788888888888888,10.227272727272727,0.0,0.0,0.0,0.0,0.0,0.0,Angle < Critical
protons,17.788888888888888,12.272727272727273,0.0,0.0,0.0,0.0,0.0,0.0,Angle < Critical
protons,17.788888888888888,14.318181818181818,0.0,0.0,0.0,0.0,0.0,0.0,Angle < Critical
protons,17.788888888888888,16.363636363636363,0.0,0.0,0.0,0.0,0.0,0.0,Angle < Critical
protons,17.788888888888888,18.40909090909091,0.0,0.0,0.0,0.0,0.0,0.0,Angle < Critical
protons,17.788888888888888,20.454545454545453,0.0,0.0,0.0,0.0,0.0,0.0,Angle < Critical
protons,17.788888888888888,22.5,0.0,0.0,0.0,0.0,0.0,0.0,Angle < Critical
protons,17.788888888888888,24.545454545454547,0.0,0.0,0.0,0.0,0.0,0.0,Angle < Critical
protons,17.788888888888888,26.59090909090909,0.0,0.0,0.0,0.0,0.0,0.0,Angle < Critical
protons,17.788888888888888,28.636363636363637,0.0,0.0,0.0,0.0,0.0,0.0,Track below surface
protons,17.788888888888888,30.68181818181818,0.0,0.0,0.0,0.0,0.0,0.0,Track below surface
protons,17.788888888888888,32.72727272727273,0.0,0.0,0.0,0.0,0.0,0.0,Track below surface
protons,17.788888888888888,34.77272727272727,0.0,0.0,0.0,0.0,0.0,0.0,Track below surface
protons,17.788888888888888,36.81818181818182,0.0,0.0,0.0,0.0,0.0,0.0,Track below surface
protons,17.788888888888888,38.86363636363636,0.0,0.0,0.0,0.0,0.0,0.0,Track below surface
protons,17.788888888888888,40.90909090909091,0.0,0.0,0.0,0.0,0.0,0.0,Track below surface
protons,17.788888888888888,42.95454545454545,0.0,0.0,0.0,0.0,0.0,0.0,Track below surface
protons,17.788888888888888,45.0,0.0,0.0,0.0,0.0,0.0,0.0,Track below surface
protons,17.788888888888888,47.04545454545455,0.0,0.0,0.0,0.0,0.0,0.0,Track below surface
protons,17.788888888888888,49.09090909090909,0.0,0.0,0.0,0.0,0.0,0.0,Track below surface
protons,17.788888888888888,51.13636363636363,0.0,0.0,0.0,0.0,0.0,0.0,Track below surface
protons,17.788888888888888,53.18181818181818,0.0,0.0,0.0,0.0,0.0,0.0,Track below surface
protons,17.788888888888888,55.22727272727273,0.0,0.0,0.0,0.0,0.0,0.0,Track below surface
protons,17.788888888888888,57.27272727272727,0.0,0.0,0.0,0.0,0.0,0.0,Track below surface
protons,17.788888888888888,59.31818181818182,0.0,0.0,0.0,0.0,0.0,0.0,Track below surface
protons,17.788888888888888,61.36363636363636,0.0,0.0,0.0,0.0,0.0,0.0,Track below surface
protons,17.788888888888888,63.40909090909091,0.0,0.0,0.0,0.0,0.0,0.0,Track below surface
protons,17.788888888888888,65.45454545454545,0.0,0.0,0.0,0.0,0.0,0.0,Track below surface
protons,17.788888888888888,67.5,0.0,0.0,0.0,0.0,0.0,0.0,Track below surface
protons,17.788888888888888,69.54545454545455,0.0,0.0,0.0,0.0,0.0,0.0,Track below surface
protons,17.788888888888888,71.5909090909091,0.0,0.0,0.0,0.0,0.0,0.0,Track below surface
protons,17.788888888888888,73.63636363636364,0.0,0.0,0.0,0.0,0.0,0.0,Track below surface
protons,17.788888888888888,75.68181818181819,0.0,0.0,0.0,0.0,0.0,0.0,Track below surface
protons,17.788888888888888,77.72727272727272,0.0,0.0,0.0,0.0,0.0,0.0,Track below surface
protons,17.788888888888888,79.77272727272727,0.0,0.0,0.0,0.0,0.0,0.0,Track below surface
protons,17.788888888888888,81.81818181818181,0.0,0.0,0.0,0.0,0.0,0.0,Track below surface
protons,17.788888888888888,83.86363636363636,0.0,0.0,0.0,0.0,0.0,0.0,Track below surface
protons,17.788888888888888,85.9090909090909,0.0,0.0,0.0,0.0,0.0,0.0,Track below surface
protons,17.788888888888888,87.95454545454545,0.0,0.0,0.0,0.0,0.0,0.0,Track below surface
protons,17.788888888888888,90.0,1.3432908119170861e-08,0.0005905465798003649,0.0005905465798003649,0.0011646259017827384,0.3144735344570567,1.155439661832702e-06,Developed
protons,17.98989898989899,0.0,0.0,0.0,0.0,0.0,0.0,0.0,Angle < Critical
protons,17.98989898989899,2.0454545454545454,0.0,0.0,0.0,0.0,0.0,0.0,Angle < Critical
protons,17.98989898989899,4.090909090909091,0.0,0.0,0.0,0.0,0.0,0.0,Angle < Critical
protons,17.98989898989899,6.136363636363637,0.0,0.0,0.0,0.0,0.0,0.0,Angle < Critical
protons,17.98989898989899,8.181818181818182,0.0,0.0,0.0,0.0,0.0,0.0,Angle < Critical
protons,17.98989898989899,10.227272727272727,0.0,0.0,0.0,0.0,0.0,0.0,Angle < Critical
protons,17.98989898989899,12.272727272727273,0.0,0.0,0.0,0.0,0.0,0.0,Angle < Critical
protons,17.98989898989899,14.318181818181818,0.0,0.0,0.0,0.0,0.0,0.0,Angle < Critical
protons,17.98989898989899,16.363636363636363,0.0,0.0,0.0,0.0,0.0,0.0,Angle < Critical
protons,17.98989898989899,18.40909090909091,0.0,0.0,0.0,0.0,0.0,0.0,Angle < Critical
protons,17.98989898989899,20.454545454545453,0.0,0.0,0.0,0.0,0.0,0.0,Angle < Critical
protons,17.98989898989899,22.5,0.0,0.0,0.0,0.0,0.0,0.0,Angle < Critical
protons,17.98989898989899,24.545454545454547,0.0,0.0,0.0,0.0,0.0,0.0,Angle < Critical
protons,17.98989898989899,26.59090909090909,0.0,0.0,0.0,0.0,0.0,0.0,Angle < Critical
protons,17.98989898989899,28.636363636363637,0.0,0.0,0.0,0.0,0.0,0.0,Track below surface
protons,17.98989898989899,30.68181818181818,0.0,0.0,0.0,0.0,0.0,0.0,Track below surface
protons,17.98989898989899,32.72727272727273,0.0,0.0,0.0,0.0,0.0,0.0,Track below surface
protons,17.98989898989899,34.77272727272727,0.0,0.0,0.0,0.0,0.0,0.0,Track below surface
protons,17.98989898989899,36.81818181818182,0.0,0.0,0.0,0.0,0.0,0.0,Track below surface
protons,17.98989898989899,38.86363636363636,0.0,0.0,0.0,0.0,0.0,0.0,Track below surface
protons,17.98989898989899,40.90909090909091,0.0,0.0,0.0,0.0,0.0,0.0,Track below surface
protons,17.98989898989899,42.95454545454545,0.0,0.0,0.0,0.0,0.0,0.0,Track below surface
protons,17.98989898989899,45.0,0.0,0.0,0.0,0.0,0.0,0.0,Track below surface
protons,17.98989898989899,47.04545454545455,0.0,0.0,0.0,0.0,0.0,0.0,Track below surface
protons,17.98989898989899,49.09090909090909,0.0,0.0,0.0,0.0,0.0,0.0,Track below surface
protons,17.98989898989899,51.13636363636363,0.0,0.0,0.0,0.0,0.0,0.0,Track below surface
protons,17.98989898989899,53.18181818181818,0.0,0.0,0.0,0.0,0.0,0.0,Track below surface
protons,17.98989898989899,55.22727272727273,0.0,0.0,0.0,0.0,0.0,0.0,Track below surface
protons,17.98989898989899,57.27272727272727,0.0,0.0,0.0,0.0,0.0,0.0,Track below surface
protons,17.98989898989899,59.31818181818182,0.0,0.0,0.0,0.0,0.0,0.0,Track below surface
protons,17.98989898989899,61.36363636363636,0.0,0.0,0.0,0.0,0.0,0.0,Track below surface
protons,17.98989898989899,63.40909090909091,0.0,0.0,0.0,0.0,0.0,0.0,Track below surface
protons,17.98989898989899,65.45454545454545,0.0,0.0,0.0,0.0,0.0,0.0,Track below surface
protons,17.98989898989899,67.5,0.0,0.0,0.0,0.0,0.0,0.0,Track below surface
protons,17.98989898989899,69.54545454545455,0.0,0.0,0.0,0.0,0.0,0.0,Track below surface
protons,17.98989898989899,71.5909090909091,0.0,0.0,0.0,0.0,0.0,0.0,Track below surface
protons,17.98989898989899,73.63636363636364,0.0,0.0,0.0,0.0,0.0,0.0,Track below surface
protons,17.98989898989899,75.68181818181819,0.0,0.0,0.0,0.0,0.0,0.0,Track below surface
protons,17.98989898989899,77.72727272727272,0.0,0.0,0.0,0.0,0.0,0.0,Track below surface
protons,17.98989898989899,79.77272727272727,0.0,0.0,0.0,0.0,0.0,0.0,Track below surface
protons,17.98989898989899,81.81818181818181,0.0,0.0,0.0,0.0,0.0,0.0,Track below surface
protons,17.98989898989899,83.86363636363636,0.0,0.0,0.0,0.0,0.0,0.0,Track below surface
protons,17.98989898989899,85.9090909090909,0.0,0.0,0.0,0.0,0.0,0.0,Track below surface
protons,17.98989898989899,87.95454545454545,0.0,0.0,0.0,0.0,0.0,0.0,Track below surface
protons,17.98989898989899,90.0,8.938458861962317e-09,0.00048173340187775794,0.00048173340187775794,0.000950043205648827,0.35993724873262667,8.235330126187461e-07,Developed
protons,18.19090909090909,0.0,0.0,0.0,0.0,0.0,0.0,0.0,Angle < Critical
protons,18.19090909090909,2.0454545454545454,0.0,0.0,0.0,0.0,0.0,0.0,Angle < Critical
protons,18.19090909090909,4.090909090909091,0.0,0.0,0.0,0.0,0.0,0.0,Angle < Critical
protons,18.19090909090909,6.136363636363637,0.0,0.0,0.0,0.0,0.0,0.0,Angle < Critical
protons,18.19090909090909,8.181818181818182,0.0,0.0,0.0,0.0,0.0,0.0,Angle < Critical
protons,18.19090909090909,10.227272727272727,0.0,0.0,0.0,0.0,0.0,0.0,Angle < Critical
protons,18.19090909090909,12.272727272727273,0.0,0.0,0.0,0.0,0.0,0.0,Angle < Critical
protons,18.19090909090909,14.318181818181818,0.0,0.0,0.0,0.0,0.0,0.0,Angle < Critical
protons,18.19090909090909,16.363636363636363,0.0,0.0,0.0,0.0,0.0,0.0,Angle < Critical
protons,18.19090909090909,18.40909090909091,0.0,0.0,0.0,0.0,0.0,0.0,Angle < Critical
protons,18.19090909090909,20.454545454545453,0.0,0.0,0.0,0.0,0.0,0.0,Angle < Critical
protons,18.19090909090909,22.5,0.0,0.0,0.0,0.0,0.0,0.0,Angle < Critical
protons,18.19090909090909,24.545454545454547,0.0,0.0,0.0,0.0,0.0,0.0,Angle < Critical
protons,18.19090909090909,26.59090909090909,0.0,0.0,0.0,0.0,0.0,0.0,Angle < Critical
protons,18.19090909090909,28.636363636363637,0.0,0.0,0.0,0.0,0.0,0.0,Track below surface
protons,18.19090909090909,30.68181818181818,0.0,0.0,0.0,0.0,0.0,0.0,Track below surface
protons,18.19090909090909,32.72727272727273,0.0,0.0,0.0,0.0,0.0,0.0,Track below surface
protons,18.19090909090909,34.77272727272727,0.0,0.0,0.0,0.0,0.0,0.0,Track below surface
protons,18.19090909090909,36.81818181818182,0.0,0.0,0.0,0.0,0.0,0.0,Track below surface
protons,18.19090909090909,38.86363636363636,0.0,0.0,0.0,0.0,0.0,0.0,Track below surface
protons,18.19090909090909,40.90909090909091,0.0,0.0,0.0,0.0,0.0,0.0,Track below surface
protons,18.19090909090909,42.95454545454545,0.0,0.0,0.0,0.0,0.0,0.0,Track below surface
protons,18.19090909090909,45.0,0.0,0.0,0.0,0.0,0.0,0.0,Track below surface
protons,18.19090909090909,47.04545454545455,0.0,0.0,0.0,0.0,0.0,0.0,Track below surface
protons,18.19090909090909,49.09090909090909,0.0,0.0,0.0,0.0,0.0,0.0,Track below surface
protons,18.19090909090909,51.13636363636363,0.0,0.0,0.0,0.0,0.0,0.0,Track below surface
protons,18.19090909090909,53.18181818181818,0.0,0.0,0.0,0.0,0.0,0.0,Track below surface
protons,18.19090909090909,55.22727272727273,0.0,0.0,0.0,0.0,0.0,0.0,Track below surface
protons,18.19090909090909,57.27272727272727,0.0,0.0,0.0,0.0,0.0,0.0,Track below surface
protons,18.19090909090909,59.31818181818182,0.0,0.0,0.0,0.0,0.0,0.0,Track below surface
protons,18.19090909090909,61.36363636363636,0.0,0.0,0.0,0.0,0.0,0.0,Track below surface
protons,18.19090909090909,63.40909090909091,0.0,0.0,0.0,0.0,0.0,0.0,Track below surface
protons,18.19090909090909,65.45454545454545,0.0,0.0,0.0,0.0,0.0,0.0,Track below surface
protons,18.19090909090909,67.5,0.0,0.0,0.0,0.0,0.0,0.0,Track below surface
protons,18.19090909090909,69.54545454545455,0.0,0.0,0.0,0.0,0.0,0.0,Track below surface
protons,18.19090909090909,71.5909090909091,0.0,0.0,0.0,0.0,0.0,0.0,Track below surface
protons,18.19090909090909,73.63636363636364,0.0,0.0,0.0,0.0,0.0,0.0,Track below surface
protons,18.19090909090909,75.68181818181819,0.0,0.0,0.0,0.0,0.0,0.0,Track below surface
protons,18.19090909090909,77.72727272727272,0.0,0.0,0.0,0.0,0.0,0.0,Track below surface
protons,18.19090909090909,79.77272727272727,0.0,0.0,0.0,0.0,0.0,0.0,Track below surface
protons,18.19090909090909,81.81818181818181,0.0,0.0,0.0,0.0,0.0,0.0,Track below surface
protons,18.19090909090909,83.86363636363636,0.0,0.0,0.0,0.0,0.0,0.0,Track below surface
protons,18.19090909090909,85.9090909090909,0.0,0.0,0.0,0.0,0.0,0.0,Track below surface
protons,18.19090909090909,87.95454545454545,0.0,0.0,0.0,0.0,0.0,0.0,Track below surface
protons,18.19090909090909,90.0,5.929479129918036e-09,0.0003923035431161369,0.0003923035431161369,0.0007738606516921334,0.4083497053343423,5.913002145230909e-07,Developed
protons,18.391919191919193,0.0,0.0,0.0,0.0,0.0,0.0,0.0,Angle < Critical
protons,18.391919191919193,2.0454545454545454,0.0,0.0,0.0,0.0,0.0,0.0,Angle < Critical
protons,18.391919191919193,4.090909090909091,0.0,0.0,0.0,0.0,0.0,0.0,Angle < Critical
protons,18.391919191919193,6.136363636363637,0.0,0.0,0.0,0.0,0.0,0.0,Angle < Critical
protons,18.391919191919193,8.181818181818182,0.0,0.0,0.0,0.0,0.0,0.0,Angle < Critical
protons,18.391919191919193,10.227272727272727,0.0,0.0,0.0,0.0,0.0,0.0,Angle < Critical
protons,18.391919191919193,12.272727272727273,0.0,0.0,0.0,0.0,0.0,0.0,Angle < Critical
protons,18.391919191919193,14.318181818181818,0.0,0.0,0.0,0.0,0.0,0.0,Angle < Critical
protons,18.391919191919193,16.363636363636363,0.0,0.0,0.0,0.0,0.0,0.0,Angle < Critical
protons,18.391919191919193,18.40909090909091,0.0,0.0,0.0,0.0,0.0,0.0,Angle < Critical
protons,18.391919191919193,20.454545454545453,0.0,0.0,0.0,0.0,0.0,0.0,Angle < Critical
protons,18.391919191919193,22.5,0.0,0.0,0.0,0.0,0.0,0.0,Angle < Critical
protons,18.391919191919193,24.545454545454547,0.0,0.0,0.0,0.0,0.0,0.0,Angle < Critical
protons,18.391919191919193,26.59090909090909,0.0,0.0,0.0,0.0,0.0,0.0,Angle < Critical
protons,18.391919191919193,28.636363636363637,0.0,0.0,0.0,0.0,0.0,0.0,Track below surface
protons,18.391919191919193,30.68181818181818,0.0,0.0,0.0,0.0,0.0,0.0,Track below surface
protons,18.391919191919193,32.72727272727273,0.0,0.0,0.0,0.0,0.0,0.0,Track below surface
protons,18.391919191919193,34.77272727272727,0.0,0.0,0.0,0.0,0.0,0.0,Track below surface
protons,18.391919191919193,36.81818181818182,0.0,0.0,0.0,0.0,0.0,0.0,Track below surface
protons,18.391919191919193,38.86363636363636,0.0,0.0,0.0,0.0,0.0,0.0,Track below surface
protons,18.391919191919193,40.90909090909091,0.0,0.0,0.0,0.0,0.0,0.0,Track below surface
protons,18.391919191919193,42.95454545454545,0.0,0.0,0.0,0.0,0.0,0.0,Track below surface
protons,18.391919191919193,45.0,0.0,0.0,0.0,0.0,0.0,0.0,Track below surface
protons,18.391919191919193,47.04545454545455,0.0,0.0,0.0,0.0,0.0,0.0,Track below surface
protons,18.391919191919193,49.09090909090909,0.0,0.0,0.0,0.0,0.0,0.0,Track below surface
protons,18.391919191919193,51.13636363636363,0.0,0.0,0.0,0.0,0.0,0.0,Track below surface
protons,18.391919191919193,53.18181818181818,0.0,0.0,0.0,0.0,0.0,0.0,Track below surface
protons,18.391919191919193,55.22727272727273,0.0,0.0,0.0,0.0,0.0,0.0,Track below surface
protons,18.391919191919193,57.27272727272727,0.0,0.0,0.0,0.0,0.0,0.0,Track below surface
protons,18.391919191919193,59.31818181818182,0.0,0.0,0.0,0.0,0.0,0.0,Track below surface
protons,18.391919191919193,61.36363636363636,0.0,0.0,0.0,0.0,0.0,0.0,Track below surface
protons,18.391919191919193,63.40909090909091,0.0,0.0,0.0,0.0,0.0,0.0,Track below surface
protons,18.391919191919193,65.45454545454545,0.0,0.0,0.0,0.0,0.0,0.0,Track below surface
protons,18.391919191919193,67.5,0.0,0.0,0.0,0.0,0.0,0.0,Track below surface
protons,18.391919191919193,69.54545454545455,0.0,0.0,0.0,0.0,0.0,0.0,Track below surface
protons,18.391919191919193,71.5909090909091,0.0,0.0,0.0,0.0,0.0,0.0,Track below surface
protons,18.391919191919193,73.63636363636364,0.0,0.0,0.0,0.0,0.0,0.0,Track below surface
protons,18.391919191919193,75.68181818181819,0.0,0.0,0.0,0.0,0.0,0.0,Track below surface
protons,18.391919191919193,77.72727272727272,0.0,0.0,0.0,0.0,0.0,0.0,Track below surface
protons,18.391919191919193,79.77272727272727,0.0,0.0,0.0,0.0,0.0,0.0,Track below surface
protons,18.391919191919193,81.81818181818181,0.0,0.0,0.0,0.0,0.0,0.0,Track below surface
protons,18.391919191919193,83.86363636363636,0.0,0.0,0.0,0.0,0.0,0.0,Track below surface
protons,18.391919191919193,85.9090909090909,0.0,0.0,0.0,0.0,0.0,0.0,Track below surface
protons,18.391919191919193,87.95454545454545,0.0,0.0,0.0,0.0,0.0,0.0,Track below surface
protons,18.391919191919193,90.0,3.929429226445791e-09,0.00031946662692910365,0.00031946662692910365,0.0006299229794731636,0.4589494270981742,4.282612935439046e-07,Developed
protons,18.592929292929295,0.0,0.0,0.0,0.0,0.0,0.0,0.0,Angle < Critical
protons,18.592929292929295,2.0454545454545454,0.0,0.0,0.0,0.0,0.0,0.0,Angle < Critical
protons,18.592929292929295,4.090909090909091,0.0,0.0,0.0,0.0,0.0,0.0,Angle < Critical
protons,18.592929292929295,6.136363636363637,0.0,0.0,0.0,0.0,0.0,0.0,Angle < Critical
protons,18.592929292929295,8.181818181818182,0.0,0.0,0.0,0.0,0.0,0.0,Angle < Critical
protons,18.592929292929295,10.227272727272727,0.0,0.0,0.0,0.0,0.0,0.0,Angle < Critical
protons,18.592929292929295,12.272727272727273,0.0,0.0,0.0,0.0,0.0,0.0,Angle < Critical
protons,18.592929292929295,14.318181818181818,0.0,0.0,0.0,0.0,0.0,0.0,Angle < Critical
protons,18.592929292929295,16.363636363636363,0.0,0.0,0.0,0.0,0.0,0.0,Angle < Critical
protons,18.592929292929295,18.40909090909091,0.0,0.0,0.0,0.0,0.0,0.0,Angle < Critical
protons,18.592929292929295,20.454545454545453,0.0,0.0,0.0,0.0,0.0,0.0,Angle < Critical
protons,18.592929292929295,22.5,0.0,0.0,0.0,0.0,0.0,0.0,Angle < Critical
protons,18.592929292929295,24.545454545454547,0.0,0.0,0.0,0.0,0.0,0.0,Angle < Critical
protons,18.592929292929295,26.59090909090909,0.0,0.0,0.0,0.0,0.0,0.0,Angle < Critical
protons,18.592929292929295,28.636363636363637,0.0,0.0,0.0,0.0,0.0,0.0,Track below surface
protons,18.592929292929295,30.68181818181818,0.0,0.0,0.0,0.0,0.0,0.0,Track below surface
protons,18.592929292929295,32.72727272727273,0.0,0.0,0.0,0.0,0.0,0.0,Track below surface
protons,18.592929292929295,34.77272727272727,0.0,0.0,0.0,0.0,0.0,0.0,Track below surface
protons,18.592929292929295,36.81818181818182,0.0,0.0,0.0,0.0,0.0,0.0,Track below surface
protons,18.592929292929295,38.86363636363636,0.0,0.0,0.0,0.0,0.0,0.0,Track below surface
protons,18.592929292929295,40.90909090909091,0.0,0.0,0.0,0.0,0.0,0.0,Track below surface
protons,18.592929292929295,42.95454545454545,0.0,0.0,0.0,0.0,0.0,0.0,Track below surface
protons,18.592929292929295,45.0,0.0,0.0,0.0,0.0,0.0,0.0,Track below surface
protons,18.592929292929295,47.04545454545455,0.0,0.0,0.0,0.0,0.0,0.0,Track below surface
protons,18.592929292929295,49.09090909090909,0.0,0.0,0.0,0.0,0.0,0.0,Track below surface
protons,18.592929292929295,51.13636363636363,0.0,0.0,0.0,0.0,0.0,0.0,Track below surface
protons,18.592929292929295,53.18181818181818,0.0,0.0,0.0,0.0,0.0,0.0,Track below surface
protons,18.592929292929295,55.22727272727273,0.0,0.0,0.0,0.0,0.0,0.0,Track below surface
protons,18.592929292929295,57.27272727272727,0.0,0.0,0.0,0.0,0.0,0.0,Track below surface
protons,18.592929292929295,59.31818181818182,0.0,0.0,0.0,0.0,0.0,0.0,Track below surface
protons,18.592929292929295,61.36363636363636,0.0,0.0,0.0,0.0,0.0,0.0,Track below surface
protons,18.592929292929295,63.40909090909091,0.0,0.0,0.0,0.0,0.0,0.0,Track below surface
protons,18.592929292929295,65.45454545454545,0.0,0.0,0.0,0.0,0.0,0.0,Track below surface
protons,18.592929292929295,67.5,0.0,0.0,0.0,0.0,0.0,0.0,Track below surface
protons,18.592929292929295,69.54545454545455,0.0,0.0,0.0,0.0,0.0,0.0,Track below surface
protons,18.592929292929295,71.5909090909091,0.0,0.0,0.0,0.0,0.0,0.0,Track below surface
protons,18.592929292929295,73.63636363636364,0.0,0.0,0.0,0.0,0.0,0.0,Track below surface
protons,18.592929292929295,75.68181818181819,0.0,0.0,0.0,0.0,0.0,0.0,Track below surface
protons,18.592929292929295,77.72727272727272,0.0,0.0,0.0,0.0,0.0,0.0,Track below surface
protons,18.592929292929295,79.77272727272727,0.0,0.0,0.0,0.0,0.0,0.0,Track below surface
protons,18.592929292929295,81.81818181818181,0.0,0.0,0.0,0.0,0.0,0.0,Track below surface
protons,18.592929292929295,83.86363636363636,0.0,0.0,0.0,0.0,0.0,0.0,Track below surface
protons,18.592929292929295,85.9090909090909,0.0,0.0,0.0,0.0,0.0,0.0,Track below surface
protons,18.592929292929295,87.95454545454545,0.0,0.0,0.0,0.0,0.0,0.0,Track below surface
protons,18.592929292929295,90.0,2.5988509122498726e-09,0.0002597705786144882,0.0002597705786144882,0.0005122825237907244,0.5104930291775676,3.131206486559853e-07,Developed
protons,18.793939393939393,0.0,0.0,0.0,0.0,0.0,0.0,0.0,Angle < Critical
protons,18.793939393939393,2.0454545454545454,0.0,0.0,0.0,0.0,0.0,0.0,Angle < Critical
protons,18.793939393939393,4.090909090909091,0.0,0.0,0.0,0.0,0.0,0.0,Angle < Critical
protons,18.793939393939393,6.136363636363637,0.0,0.0,0.0,0.0,0.0,0.0,Angle < Critical
protons,18.793939393939393,8.181818181818182,0.0,0.0,0.0,0.0,0.0,0.0,Angle < Critical
protons,18.793939393939393,10.227272727272727,0.0,0.0,0.0,0.0,0.0,0.0,Angle < Critical
protons,18.793939393939393,12.272727272727273,0.0,0.0,0.0,0.0,0.0,0.0,Angle < Critical
protons,18.793939393939393,14.318181818181818,0.0,0.0,0.0,0.0,0.0,0.0,Angle < Critical
protons,18.793939393939393,16.363636363636363,0.0,0.0,0.0,0.0,0.0,0.0,Angle < Critical
protons,18.793939393939393,18.40909090909091,0.0,0.0,0.0,0.0,0.0,0.0,Angle < Critical
protons,18.793939393939393,20.454545454545453,0.0,0.0,0.0,0.0,0.0,0.0,Angle < Critical
protons,18.793939393939393,22.5,0.0,0.0,0.0,0.0,0.0,0.0,Angle < Critical
protons,18.793939393939393,24.545454545454547,0.0,0.0,0.0,0.0,0.0,0.0,Angle < Critical
protons,18.793939393939393,26.59090909090909,0.0,0.0,0.0,0.0,0.0,0.0,Angle < Critical
protons,18.793939393939393,28.636363636363637,0.0,0.0,0.0,0.0,0.0,0.0,Track below surface
protons,18.793939393939393,30.68181818181818,0.0,0.0,0.0,0.0,0.0,0.0,Track below surface
protons,18.793939393939393,32.72727272727273,0.0,0.0,0.0,0.0,0.0,0.0,Track below surface
protons,18.793939393939393,34.77272727272727,0.0,0.0,0.0,0.0,0.0,0.0,Track below surface
protons,18.793939393939393,36.81818181818182,0.0,0.0,0.0,0.0,0.0,0.0,Track below surface
protons,18.793939393939393,38.86363636363636,0.0,0.0,0.0,0.0,0.0,0.0,Track below surface
protons,18.793939393939393,40.90909090909091,0.0,0.0,0.0,0.0,0.0,0.0,Track below surface
protons,18.793939393939393,42.95454545454545,0.0,0.0,0.0,0.0,0.0,0.0,Track below surface
protons,18.793939393939393,45.0,0.0,0.0,0.0,0.0,0.0,0.0,Track below surface
protons,18.793939393939393,47.04545454545455,0.0,0.0,0.0,0.0,0.0,0.0,Track below surface
protons,18.793939393939393,49.09090909090909,0.0,0.0,0.0,0.0,0.0,0.0,Track below surface
protons,18.793939393939393,51.13636363636363,0.0,0.0,0.0,0.0,0.0,0.0,Track below surface
protons,18.793939393939393,53.18181818181818,0.0,0.0,0.0,0.0,0.0,0.0,Track below surface
protons,18.793939393939393,55.22727272727273,0.0,0.0,0.0,0.0,0.0,0.0,Track below surface
protons,18.793939393939393,57.27272727272727,0.0,0.0,0.0,0.0,0.0,0.0,Track below surface
protons,18.793939393939393,59.31818181818182,0.0,0.0,0.0,0.0,0.0,0.0,Track below surface
protons,18.793939393939393,61.36363636363636,0.0,0.0,0.0,0.0,0.0,0.0,Track below surface
protons,18.793939393939393,63.40909090909091,0.0,0.0,0.0,0.0,0.0,0.0,Track below surface
protons,18.793939393939393,65.45454545454545,0.0,0.0,0.0,0.0,0.0,0.0,Track below surface
protons,18.793939393939393,67.5,0.0,0.0,0.0,0.0,0.0,0.0,Track below surface
protons,18.793939393939393,69.54545454545455,0.0,0.0,0.0,0.0,0.0,0.0,Track below surface
protons,18.793939393939393,71.5909090909091,0.0,0.0,0.0,0.0,0.0,0.0,Track below surface
protons,18.793939393939393,73.63636363636364,0.0,0.0,0.0,0.0,0.0,0.0,Track below surface
protons,18.793939393939393,75.68181818181819,0.0,0.0,0.0,0.0,0.0,0.0,Track below surface
protons,18.793939393939393,77.72727272727272,0.0,0.0,0.0,0.0,0.0,0.0,Track below surface
protons,18.793939393939393,79.77272727272727,0.0,0.0,0.0,0.0,0.0,0.0,Track below surface
protons,18.793939393939393,81.81818181818181,0.0,0.0,0.0,0.0,0.0,0.0,Track below surface
protons,18.793939393939393,83.86363636363636,0.0,0.0,0.0,0.0,0.0,0.0,Track below surface
protons,18.793939393939393,85.9090909090909,0.0,0.0,0.0,0.0,0.0,0.0,Track below surface
protons,18.793939393939393,87.95454545454545,0.0,0.0,0.0,0.0,0.0,0.0,Track below surface
protons,18.793939393939393,90.0,1.7148948927570018e-09,0.0002109987999580359,0.0002109987999580359,0.00041612066856330066,0.5621479829085744,2.3097472231342208e-07,Developed
protons,18.994949494949495,0.0,0.0,0.0,0.0,0.0,0.0,0.0,Angle < Critical
protons,18.994949494949495,2.0454545454545454,0.0,0.0,0.0,0.0,0.0,0.0,Angle < Critical
protons,18.994949494949495,4.090909090909091,0.0,0.0,0.0,0.0,0.0,0.0,Angle < Critical
protons,18.994949494949495,6.136363636363637,0.0,0.0,0.0,0.0,0.0,0.0,Angle < Critical
protons,18.994949494949495,8.181818181818182,0.0,0.0,0.0,0.0,0.0,0.0,Angle < Critical
protons,18.994949494949495,10.227272727272727,0.0,0.0,0.0,0.0,0.0,0.0,Angle < Critical
protons,18.994949494949495,12.272727272727273,0.0,0.0,0.0,0.0,0.0,0.0,Angle < Critical
protons,18.994949494949495,14.318181818181818,0.0,0.0,0.0,0.0,0.0,0.0,Angle < Critical
protons,18.994949494949495,16.363636363636363,0.0,0.0,0.0,0.0,0.0,0.0,Angle < Critical
protons,18.994949494949495,18.40909090909091,0.0,0.0,0.0,0.0,0.0,0.0,Angle < Critical
protons,18.994949494949495,20.454545454545453,0.0,0.0,0.0,0.0,0.0,0.0,Angle < Critical
protons,18.994949494949495,22.5,0.0,0.0,0.0,0.0,0.0,0.0,Angle < Critical
protons,18.994949494949495,24.545454545454547,0.0,0.0,0.0,0.0,0.0,0.0,Angle < Critical
protons,18.994949494949495,26.59090909090909,0.0,0.0,0.0,0.0,0.0,0.0,Angle < Critical
protons,18.994949494949495,28.636363636363637,0.0,0.0,0.0,0.0,0.0,0.0,Track below surface
protons,18.994949494949495,30.68181818181818,0.0,0.0,0.0,0.0,0.0,0.0,Track below surface
protons,18.994949494949495,32.72727272727273,0.0,0.0,0.0,0.0,0.0,0.0,Track below surface
protons,18.994949494949495,34.77272727272727,0.0,0.0,0.0,0.0,0.0,0.0,Track below surface
protons,18.994949494949495,36.81818181818182,0.0,0.0,0.0,0.0,0.0,0.0,Track below surface
protons,18.994949494949495,38.86363636363636,0.0,0.0,0.0,0.0,0.0,0.0,Track below surface
protons,18.994949494949495,40.90909090909091,0.0,0.0,0.0,0.0,0.0,0.0,Track below surface
protons,18.994949494949495,42.95454545454545,0.0,0.0,0.0,0.0,0.0,0.0,Track below surface
protons,18.994949494949495,45.0,0.0,0.0,0.0,0.0,0.0,0.0,Track below surface
protons,18.994949494949495,47.04545454545455,0.0,0.0,0.0,0.0,0.0,0.0,Track below surface
protons,18.994949494949495,49.09090909090909,0.0,0.0,0.0,0.0,0.0,0.0,Track below surface
protons,18.994949494949495,51.13636363636363,0.0,0.0,0.0,0.0,0.0,0.0,Track below surface
protons,18.994949494949495,53.18181818181818,0.0,0.0,0.0,0.0,0.0,0.0,Track below surface
protons,18.994949494949495,55.22727272727273,0.0,0.0,0.0,0.0,0.0,0.0,Track below surface
protons,18.994949494949495,57.27272727272727,0.0,0.0,0.0,0.0,0.0,0.0,Track below surface
protons,18.994949494949495,59.31818181818182,0.0,0.0,0.0,0.0,0.0,0.0,Track below surface
protons,18.994949494949495,61.36363636363636,0.0,0.0,0.0,0.0,0.0,0.0,Track below surface
protons,18.994949494949495,63.40909090909091,0.0,0.0,0.0,0.0,0.0,0.0,Track below surface
protons,18.994949494949495,65.45454545454545,0.0,0.0,0.0,0.0,0.0,0.0,Track below surface
protons,18.994949494949495,67.5,0.0,0.0,0.0,0.0,0.0,0.0,Track below surface
protons,18.994949494949495,69.54545454545455,0.0,0.0,0.0,0.0,0.0,0.0,Track below surface
protons,18.994949494949495,71.5909090909091,0.0,0.0,0.0,0.0,0.0,0.0,Track below surface
protons,18.994949494949495,73.63636363636364,0.0,0.0,0.0,0.0,0.0,0.0,Track below surface
protons,18.994949494949495,75.68181818181819,0.0,0.0,0.0,0.0,0.0,0.0,Track below surface
protons,18.994949494949495,77.72727272727272,0.0,0.0,0.0,0.0,0.0,0.0,Track below surface
protons,18.994949494949495,79.77272727272727,0.0,0.0,0.0,0.0,0.0,0.0,Track below surface
protons,18.994949494949495,81.81818181818181,0.0,0.0,0.0,0.0,0.0,0.0,Track below surface
protons,18.994949494949495,83.86363636363636,0.0,0.0,0.0,0.0,0.0,0.0,Track below surface
protons,18.994949494949495,85.9090909090909,0.0,0.0,0.0,0.0,0.0,0.0,Track below surface
protons,18.994949494949495,87.95454545454545,0.0,0.0,0.0,0.0,0.0,0.0,Track below surface
protons,18.994949494949495,90.0,1.1280612000064139e-09,0.00017113323038662413,0.00017113323038662413,0.000337526749722573,0.612784317863779,1.7186954459149624e-07,Developed
protons,19.195959595959597,0.0,0.0,0.0,0.0,0.0,0.0,0.0,Angle < Critical
protons,19.195959595959597,2.0454545454545454,0.0,0.0,0.0,0.0,0.0,0.0,Angle < Critical
protons,19.195959595959597,4.090909090909091,0.0,0.0,0.0,0.0,0.0,0.0,Angle < Critical
protons,19.195959595959597,6.136363636363637,0.0,0.0,0.0,0.0,0.0,0.0,Angle < Critical
protons,19.195959595959597,8.181818181818182,0.0,0.0,0.0,0.0,0.0,0.0,Angle < Critical
protons,19.195959595959597,10.227272727272727,0.0,0.0,0.0,0.0,0.0,0.0,Angle < Critical
protons,19.195959595959597,12.272727272727273,0.0,0.0,0.0,0.0,0.0,0.0,Angle < Critical
protons,19.195959595959597,14.318181818181818,0.0,0.0,0.0,0.0,0.0,0.0,Angle < Critical
protons,19.195959595959597,16.363636363636363,0.0,0.0,0.0,0.0,0.0,0.0,Angle < Critical
protons,19.195959595959597,18.40909090909091,0.0,0.0,0.0,0.0,0.0,0.0,Angle < Critical
protons,19.195959595959597,20.454545454545453,0.0,0.0,0.0,0.0,0.0,0.0,Angle < Critical
protons,19.195959595959597,22.5,0.0,0.0,0.0,0.0,0.0,0.0,Angle < Critical
protons,19.195959595959597,24.545454545454547,0.0,0.0,0.0,0.0,0.0,0.0,Angle < Critical
protons,19.195959595959597,26.59090909090909,0.0,0.0,0.0,0.0,0.0,0.0,Angle < Critical
protons,19.195959595959597,28.636363636363637,0.0,0.0,0.0,0.0,0.0,0.0,Track below surface
protons,19.195959595959597,30.68181818181818,0.0,0.0,0.0,0.0,0.0,0.0,Track below surface
protons,19.195959595959597,32.72727272727273,0.0,0.0,0.0,0.0,0.0,0.0,Track below surface
protons,19.195959595959597,34.77272727272727,0.0,0.0,0.0,0.0,0.0,0.0,Track below surface
protons,19.195959595959597,36.81818181818182,0.0,0.0,0.0,0.0,0.0,0.0,Track below surface
protons,19.195959595959597,38.86363636363636,0.0,0.0,0.0,0.0,0.0,0.0,Track below surface
protons,19.195959595959597,40.90909090909091,0.0,0.0,0.0,0.0,0.0,0.0,Track below surface
protons,19.195959595959597,42.95454545454545,0.0,0.0,0.0,0.0,0.0,0.0,Track below surface
protons,19.195959595959597,45.0,0.0,0.0,0.0,0.0,0.0,0.0,Track below surface
protons,19.195959595959597,47.04545454545455,0.0,0.0,0.0,0.0,0.0,0.0,Track below surface
protons,19.195959595959597,49.09090909090909,0.0,0.0,0.0,0.0,0.0,0.0,Track below surface
protons,19.195959595959597,51.13636363636363,0.0,0.0,0.0,0.0,0.0,0.0,Track below surface
protons,19.195959595959597,53.18181818181818,0.0,0.0,0.0,0.0,0.0,0.0,Track below surface
protons,19.195959595959597,55.22727272727273,0.0,0.0,0.0,0.0,0.0,0.0,Track below surface
protons,19.195959595959597,57.27272727272727,0.0,0.0,0.0,0.0,0.0,0.0,Track below surface
protons,19.195959595959597,59.31818181818182,0.0,0.0,0.0,0.0,0.0,0.0,Track below surface
protons,19.195959595959597,61.36363636363636,0.0,0.0,0.0,0.0,0.0,0.0,Track below surface
protons,19.195959595959597,63.40909090909091,0.0,0.0,0.0,0.0,0.0,0.0,Track below surface
protons,19.195959595959597,65.45454545454545,0.0,0.0,0.0,0.0,0.0,0.0,Track below surface
protons,19.195959595959597,67.5,0.0,0.0,0.0,0.0,0.0,0.0,Track below surface
protons,19.195959595959597,69.54545454545455,0.0,0.0,0.0,0.0,0.0,0.0,Track below surface
protons,19.195959595959597,71.5909090909091,0.0,0.0,0.0,0.0,0.0,0.0,Track below surface
protons,19.195959595959597,73.63636363636364,0.0,0.0,0.0,0.0,0.0,0.0,Track below surface
protons,19.195959595959597,75.68181818181819,0.0,0.0,0.0,0.0,0.0,0.0,Track below surface
protons,19.195959595959597,77.72727272727272,0.0,0.0,0.0,0.0,0.0,0.0,Track below surface
protons,19.195959595959597,79.77272727272727,0.0,0.0,0.0,0.0,0.0,0.0,Track below surface
protons,19.195959595959597,81.81818181818181,0.0,0.0,0.0,0.0,0.0,0.0,Track below surface
protons,19.195959595959597,83.86363636363636,0.0,0.0,0.0,0.0,0.0,0.0,Track below surface
protons,19.195959595959597,85.9090909090909,0.0,0.0,0.0,0.0,0.0,0.0,Track below surface
protons,19.195959595959597,87.95454545454545,0.0,0.0,0.0,0.0,0.0,0.0,Track below surface
protons,19.195959595959597,90.0,7.399147960995833e-10,0.00013860921647341551,0.00013860921647341551,0.0002733170541199667,0.6616390584405147,1.2889784401925505e-07,Developed
protons,19.3969696969697,0.0,0.0,0.0,0.0,0.0,0.0,0.0,Angle < Critical
protons,19.3969696969697,2.0454545454545454,0.0,0.0,0.0,0.0,0.0,0.0,Angle < Critical
protons,19.3969696969697,4.090909090909091,0.0,0.0,0.0,0.0,0.0,0.0,Angle < Critical
protons,19.3969696969697,6.136363636363637,0.0,0.0,0.0,0.0,0.0,0.0,Angle < Critical
protons,19.3969696969697,8.181818181818182,0.0,0.0,0.0,0.0,0.0,0.0,Angle < Critical
protons,19.3969696969697,10.227272727272727,0.0,0.0,0.0,0.0,0.0,0.0,Angle < Critical
protons,19.3969696969697,12.272727272727273,0.0,0.0,0.0,0.0,0.0,0.0,Angle < Critical
protons,19.3969696969697,14.318181818181818,0.0,0.0,0.0,0.0,0.0,0.0,Angle < Critical
protons,19.3969696969697,16.363636363636363,0.0,0.0,0.0,0.0,0.0,0.0,Angle < Critical
protons,19.3969696969697,18.40909090909091,0.0,0.0,0.0,0.0,0.0,0.0,Angle < Critical
protons,19.3969696969697,20.454545454545453,0.0,0.0,0.0,0.0,0.0,0.0,Angle < Critical
protons,19.3969696969697,22.5,0.0,0.0,0.0,0.0,0.0,0.0,Angle < Critical
protons,19.3969696969697,24.545454545454547,0.0,0.0,0.0,0.0,0.0,0.0,Angle < Critical
protons,19.3969696969697,26.59090909090909,0.0,0.0,0.0,0.0,0.0,0.0,Angle < Critical
protons,19.3969696969697,28.636363636363637,0.0,0.0,0.0,0.0,0.0,0.0,Track below surface
protons,19.3969696969697,30.68181818181818,0.0,0.0,0.0,0.0,0.0,0.0,Track below surface
protons,19.3969696969697,32.72727272727273,0.0,0.0,0.0,0.0,0.0,0.0,Track below surface
protons,19.3969696969697,34.77272727272727,0.0,0.0,0.0,0.0,0.0,0.0,Track below surface
protons,19.3969696969697,36.81818181818182,0.0,0.0,0.0,0.0,0.0,0.0,Track below surface
protons,19.3969696969697,38.86363636363636,0.0,0.0,0.0,0.0,0.0,0.0,Track below surface
protons,19.3969696969697,40.90909090909091,0.0,0.0,0.0,0.0,0.0,0.0,Track below surface
protons,19.3969696969697,42.95454545454545,0.0,0.0,0.0,0.0,0.0,0.0,Track below surface
protons,19.3969696969697,45.0,0.0,0.0,0.0,0.0,0.0,0.0,Track below surface
protons,19.3969696969697,47.04545454545455,0.0,0.0,0.0,0.0,0.0,0.0,Track below surface
protons,19.3969696969697,49.09090909090909,0.0,0.0,0.0,0.0,0.0,0.0,Track below surface
protons,19.3969696969697,51.13636363636363,0.0,0.0,0.0,0.0,0.0,0.0,Track below surface
protons,19.3969696969697,53.18181818181818,0.0,0.0,0.0,0.0,0.0,0.0,Track below surface
protons,19.3969696969697,55.22727272727273,0.0,0.0,0.0,0.0,0.0,0.0,Track below surface
protons,19.3969696969697,57.27272727272727,0.0,0.0,0.0,0.0,0.0,0.0,Track below surface
protons,19.3969696969697,59.31818181818182,0.0,0.0,0.0,0.0,0.0,0.0,Track below surface
protons,19.3969696969697,61.36363636363636,0.0,0.0,0.0,0.0,0.0,0.0,Track below surface
protons,19.3969696969697,63.40909090909091,0.0,0.0,0.0,0.0,0.0,0.0,Track below surface
protons,19.3969696969697,65.45454545454545,0.0,0.0,0.0,0.0,0.0,0.0,Track below surface
protons,19.3969696969697,67.5,0.0,0.0,0.0,0.0,0.0,0.0,Track below surface
protons,19.3969696969697,69.54545454545455,0.0,0.0,0.0,0.0,0.0,0.0,Track below surface
protons,19.3969696969697,71.5909090909091,0.0,0.0,0.0,0.0,0.0,0.0,Track below surface
protons,19.3969696969697,73.63636363636364,0.0,0.0,0.0,0.0,0.0,0.0,Track below surface
protons,19.3969696969697,75.68181818181819,0.0,0.0,0.0,0.0,0.0,0.0,Track below surface
protons,19.3969696969697,77.72727272727272,0.0,0.0,0.0,0.0,0.0,0.0,Track below surface
protons,19.3969696969697,79.77272727272727,0.0,0.0,0.0,0.0,0.0,0.0,Track below surface
protons,19.3969696969697,81.81818181818181,0.0,0.0,0.0,0.0,0.0,0.0,Track below surface
protons,19.3969696969697,83.86363636363636,0.0,0.0,0.0,0.0,0.0,0.0,Track below surface
protons,19.3969696969697,85.9090909090909,0.0,0.0,0.0,0.0,0.0,0.0,Track below surface
protons,19.3969696969697,87.95454545454545,0.0,0.0,0.0,0.0,0.0,0.0,Track below surface
protons,19.3969696969697,90.0,4.833218270050565e-10,0.00011193424824261592,0.00011193424824261592,0.0002208944401550105,0.7073523872762155,9.744288480976672e-08,Developed
protons,19.5979797979798,0.0,0.0,0.0,0.0,0.0,0.0,0.0,Angle < Critical
protons,19.5979797979798,2.0454545454545454,0.0,0.0,0.0,0.0,0.0,0.0,Angle < Critical
protons,19.5979797979798,4.090909090909091,0.0,0.0,0.0,0.0,0.0,0.0,Angle < Critical
protons,19.5979797979798,6.136363636363637,0.0,0.0,0.0,0.0,0.0,0.0,Angle < Critical
protons,19.5979797979798,8.181818181818182,0.0,0.0,0.0,0.0,0.0,0.0,Angle < Critical
protons,19.5979797979798,10.227272727272727,0.0,0.0,0.0,0.0,0.0,0.0,Angle < Critical
protons,19.5979797979798,12.272727272727273,0.0,0.0,0.0,0.0,0.0,0.0,Angle < Critical
protons,19.5979797979798,14.318181818181818,0.0,0.0,0.0,0.0,0.0,0.0,Angle < Critical
protons,19.5979797979798,16.363636363636363,0.0,0.0,0.0,0.0,0.0,0.0,Angle < Critical
protons,19.5979797979798,18.40909090909091,0.0,0.0,0.0,0.0,0.0,0.0,Angle < Critical
protons,19.5979797979798,20.454545454545453,0.0,0.0,0.0,0.0,0.0,0.0,Angle < Critical
protons,19.5979797979798,22.5,0.0,0.0,0.0,0.0,0.0,0.0,Angle < Critical
protons,19.5979797979798,24.545454545454547,0.0,0.0,0.0,0.0,0.0,0.0,Angle < Critical
protons,19.5979797979798,26.59090909090909,0.0,0.0,0.0,0.0,0.0,0.0,Angle < Critical
protons,19.5979797979798,28.636363636363637,0.0,0.0,0.0,0.0,0.0,0.0,Track below surface
protons,19.5979797979798,30.68181818181818,0.0,0.0,0.0,0.0,0.0,0.0,Track below surface
protons,19.5979797979798,32.72727272727273,0.0,0.0,0.0,0.0,0.0,0.0,Track below surface
protons,19.5979797979798,34.77272727272727,0.0,0.0,0.0,0.0,0.0,0.0,Track below surface
protons,19.5979797979798,36.81818181818182,0.0,0.0,0.0,0.0,0.0,0.0,Track below surface
protons,19.5979797979798,38.86363636363636,0.0,0.0,0.0,0.0,0.0,0.0,Track below surface
protons,19.5979797979798,40.90909090909091,0.0,0.0,0.0,0.0,0.0,0.0,Track below surface
protons,19.5979797979798,42.95454545454545,0.0,0.0,0.0,0.0,0.0,0.0,Track below surface
protons,19.5979797979798,45.0,0.0,0.0,0.0,0.0,0.0,0.0,Track below surface
protons,19.5979797979798,47.04545454545455,0.0,0.0,0.0,0.0,0.0,0.0,Track below surface
protons,19.5979797979798,49.09090909090909,0.0,0.0,0.0,0.0,0.0,0.0,Track below surface
protons,19.5979797979798,51.13636363636363,0.0,0.0,0.0,0.0,0.0,0.0,Track below surface
protons,19.5979797979798,53.18181818181818,0.0,0.0,0.0,0.0,0.0,0.0,Track below surface
protons,19.5979797979798,55.22727272727273,0.0,0.0,0.0,0.0,0.0,0.0,Track below surface
protons,19.5979797979798,57.27272727272727,0.0,0.0,0.0,0.0,0.0,0.0,Track below surface
protons,19.5979797979798,59.31818181818182,0.0,0.0,0.0,0.0,0.0,0.0,Track below surface
protons,19.5979797979798,61.36363636363636,0.0,0.0,0.0,0.0,0.0,0.0,Track below surface
protons,19.5979797979798,63.40909090909091,0.0,0.0,0.0,0.0,0.0,0.0,Track below surface
protons,19.5979797979798,65.45454545454545,0.0,0.0,0.0,0.0,0.0,0.0,Track below surface
protons,19.5979797979798,67.5,0.0,0.0,0.0,0.0,0.0,0.0,Track below surface
protons,19.5979797979798,69.54545454545455,0.0,0.0,0.0,0.0,0.0,0.0,Track below surface
protons,19.5979797979798,71.5909090909091,0.0,0.0,0.0,0.0,0.0,0.0,Track below surface
protons,19.5979797979798,73.63636363636364,0.0,0.0,0.0,0.0,0.0,0.0,Track below surface
protons,19.5979797979798,75.68181818181819,0.0,0.0,0.0,0.0,0.0,0.0,Track below surface
protons,19.5979797979798,77.72727272727272,0.0,0.0,0.0,0.0,0.0,0.0,Track below surface
protons,19.5979797979798,79.77272727272727,0.0,0.0,0.0,0.0,0.0,0.0,Track below surface
protons,19.5979797979798,81.81818181818181,0.0,0.0,0.0,0.0,0.0,0.0,Track below surface
protons,19.5979797979798,83.86363636363636,0.0,0.0,0.0,0.0,0.0,0.0,Track below surface
protons,19.5979797979798,85.9090909090909,0.0,0.0,0.0,0.0,0.0,0.0,Track below surface
protons,19.5979797979798,87.95454545454545,0.0,0.0,0.0,0.0,0.0,0.0,Track below surface
protons,19.5979797979798,90.0,3.1321967242092796e-10,9.016335035356007e-05,9.016335035356007e-05,0.0001780100922951218,0.7500097589871728,7.405930313029989e-08,Developed
protons,19.7989898989899,0.0,0.0,0.0,0.0,0.0,0.0,0.0,Angle < Critical
protons,19.7989898989899,2.0454545454545454,0.0,0.0,0.0,0.0,0.0,0.0,Angle < Critical
protons,19.7989898989899,4.090909090909091,0.0,0.0,0.0,0.0,0.0,0.0,Angle < Critical
protons,19.7989898989899,6.136363636363637,0.0,0.0,0.0,0.0,0.0,0.0,Angle < Critical
protons,19.7989898989899,8.181818181818182,0.0,0.0,0.0,0.0,0.0,0.0,Angle < Critical
protons,19.7989898989899,10.227272727272727,0.0,0.0,0.0,0.0,0.0,0.0,Angle < Critical
protons,19.7989898989899,12.272727272727273,0.0,0.0,0.0,0.0,0.0,0.0,Angle < Critical
protons,19.7989898989899,14.318181818181818,0.0,0.0,0.0,0.0,0.0,0.0,Angle < Critical
protons,19.7989898989899,16.363636363636363,0.0,0.0,0.0,0.0,0.0,0.0,Angle < Critical
protons,19.7989898989899,18.40909090909091,0.0,0.0,0.0,0.0,0.0,0.0,Angle < Critical
protons,19.7989898989899,20.454545454545453,0.0,0.0,0.0,0.0,0.0,0.0,Angle < Critical
protons,19.7989898989899,22.5,0.0,0.0,0.0,0.0,0.0,0.0,Angle < Critical
protons,19.7989898989899,24.545454545454547,0.0,0.0,0.0,0.0,0.0,0.0,Angle < Critical
protons,19.7989898989899,26.59090909090909,0.0,0.0,0.0,0.0,0.0,0.0,Angle < Critical
protons,19.7989898989899,28.636363636363637,0.0,0.0,0.0,0.0,0.0,0.0,Track below surface
protons,19.7989898989899,30.68181818181818,0.0,0.0,0.0,0.0,0.0,0.0,Track below surface
protons,19.7989898989899,32.72727272727273,0.0,0.0,0.0,0.0,0.0,0.0,Track below surface
protons,19.7989898989899,34.77272727272727,0.0,0.0,0.0,0.0,0.0,0.0,Track below surface
protons,19.7989898989899,36.81818181818182,0.0,0.0,0.0,0.0,0.0,0.0,Track below surface
protons,19.7989898989899,38.86363636363636,0.0,0.0,0.0,0.0,0.0,0.0,Track below surface
protons,19.7989898989899,40.90909090909091,0.0,0.0,0.0,0.0,0.0,0.0,Track below surface
protons,19.7989898989899,42.95454545454545,0.0,0.0,0.0,0.0,0.0,0.0,Track below surface
protons,19.7989898989899,45.0,0.0,0.0,0.0,0.0,0.0,0.0,Track below surface
protons,19.7989898989899,47.04545454545455,0.0,0.0,0.0,0.0,0.0,0.0,Track below surface
protons,19.7989898989899,49.09090909090909,0.0,0.0,0.0,0.0,0.0,0.0,Track below surface
protons,19.7989898989899,51.13636363636363,0.0,0.0,0.0,0.0,0.0,0.0,Track below surface
protons,19.7989898989899,53.18181818181818,0.0,0.0,0.0,0.0,0.0,0.0,Track below surface
protons,19.7989898989899,55.22727272727273,0.0,0.0,0.0,0.0,0.0,0.0,Track below surface
protons,19.7989898989899,57.27272727272727,0.0,0.0,0.0,0.0,0.0,0.0,Track below surface
protons,19.7989898989899,59.31818181818182,0.0,0.0,0.0,0.0,0.0,0.0,Track below surface
protons,19.7989898989899,61.36363636363636,0.0,0.0,0.0,0.0,0.0,0.0,Track below surface
protons,19.7989898989899,63.40909090909091,0.0,0.0,0.0,0.0,0.0,0.0,Track below surface
protons,19.7989898989899,65.45454545454545,0.0,0.0,0.0,0.0,0.0,0.0,Track below surface
protons,19.7989898989899,67.5,0.0,0.0,0.0,0.0,0.0,0.0,Track below surface
protons,19.7989898989899,69.54545454545455,0.0,0.0,0.0,0.0,0.0,0.0,Track below surface
protons,19.7989898989899,71.5909090909091,0.0,0.0,0.0,0.0,0.0,0.0,Track below surface
protons,19.7989898989899,73.63636363636364,0.0,0.0,0.0,0.0,0.0,0.0,Track below surface
protons,19.7989898989899,75.68181818181819,0.0,0.0,0.0,0.0,0.0,0.0,Track below surface
protons,19.7989898989899,77.72727272727272,0.0,0.0,0.0,0.0,0.0,0.0,Track below surface
protons,19.7989898989899,79.77272727272727,0.0,0.0,0.0,0.0,0.0,0.0,Track below surface
protons,19.7989898989899,81.81818181818181,0.0,0.0,0.0,0.0,0.0,0.0,Track below surface
protons,19.7989898989899,83.86363636363636,0.0,0.0,0.0,0.0,0.0,0.0,Track below surface
protons,19.7989898989899,85.9090909090909,0.0,0.0,0.0,0.0,0.0,0.0,Track below surface
protons,19.7989898989899,87.95454545454545,0.0,0.0,0.0,0.0,0.0,0.0,Track below surface
protons,19.7989898989899,90.0,2.0270363165764138e-10,7.25092093475299e-05,7.25092093475299e-05,0.00014320518027181495,0.7882982358552844,5.668531493505146e-08,Developed
protons,20.0,0.0,0.0,0.0,0.0,0.0,0.0,0.0,Angle < Critical
protons,20.0,2.0454545454545454,0.0,0.0,0.0,0.0,0.0,0.0,Angle < Critical
protons,20.0,4.090909090909091,0.0,0.0,0.0,0.0,0.0,0.0,Angle < Critical
protons,20.0,6.136363636363637,0.0,0.0,0.0,0.0,0.0,0.0,Angle < Critical
protons,20.0,8.181818181818182,0.0,0.0,0.0,0.0,0.0,0.0,Angle < Critical
protons,20.0,10.227272727272727,0.0,0.0,0.0,0.0,0.0,0.0,Angle < Critical
protons,20.0,12.272727272727273,0.0,0.0,0.0,0.0,0.0,0.0,Angle < Critical
protons,20.0,14.318181818181818,0.0,0.0,0.0,0.0,0.0,0.0,Angle < Critical
protons,20.0,16.363636363636363,0.0,0.0,0.0,0.0,0.0,0.0,Angle < Critical
protons,20.0,18.40909090909091,0.0,0.0,0.0,0.0,0.0,0.0,Angle < Critical
protons,20.0,20.454545454545453,0.0,0.0,0.0,0.0,0.0,0.0,Angle < Critical
protons,20.0,22.5,0.0,0.0,0.0,0.0,0.0,0.0,Angle < Critical
protons,20.0,24.545454545454547,0.0,0.0,0.0,0.0,0.0,0.0,Angle < Critical
protons,20.0,26.59090909090909,0.0,0.0,0.0,0.0,0.0,0.0,Angle < Critical
protons,20.0,28.636363636363637,0.0,0.0,0.0,0.0,0.0,0.0,Track below surface
protons,20.0,30.68181818181818,0.0,0.0,0.0,0.0,0.0,0.0,Track below surface
protons,20.0,32.72727272727273,0.0,0.0,0.0,0.0,0.0,0.0,Track below surface
protons,20.0,34.77272727272727,0.0,0.0,0.0,0.0,0.0,0.0,Track below surface
protons,20.0,36.81818181818182,0.0,0.0,0.0,0.0,0.0,0.0,Track below surface
protons,20.0,38.86363636363636,0.0,0.0,0.0,0.0,0.0,0.0,Track below surface
protons,20.0,40.90909090909091,0.0,0.0,0.0,0.0,0.0,0.0,Track below surface
protons,20.0,42.95454545454545,0.0,0.0,0.0,0.0,0.0,0.0,Track below surface
protons,20.0,45.0,0.0,0.0,0.0,0.0,0.0,0.0,Track below surface
protons,20.0,47.04545454545455,0.0,0.0,0.0,0.0,0.0,0.0,Track below surface
protons,20.0,49.09090909090909,0.0,0.0,0.0,0.0,0.0,0.0,Track below surface
protons,20.0,51.13636363636363,0.0,0.0,0.0,0.0,0.0,0.0,Track below surface
protons,20.0,53.18181818181818,0.0,0.0,0.0,0.0,0.0,0.0,Track below surface
protons,20.0,55.22727272727273,0.0,0.0,0.0,0.0,0.0,0.0,Track below surface
protons,20.0,57.27272727272727,0.0,0.0,0.0,0.0,0.0,0.0,Track below surface
protons,20.0,59.31818181818182,0.0,0.0,0.0,0.0,0.0,0.0,Track below surface
protons,20.0,61.36363636363636,0.0,0.0,0.0,0.0,0.0,0.0,Track below surface
protons,20.0,63.40909090909091,0.0,0.0,0.0,0.0,0.0,0.0,Track below surface
protons,20.0,65.45454545454545,0.0,0.0,0.0,0.0,0.0,0.0,Track below surface
protons,20.0,67.5,0.0,0.0,0.0,0.0,0.0,0.0,Track below surface
protons,20.0,69.54545454545455,0.0,0.0,0.0,0.0,0.0,0.0,Track below surface
protons,20.0,71.5909090909091,0.0,0.0,0.0,0.0,0.0,0.0,Track below surface
protons,20.0,73.63636363636364,0.0,0.0,0.0,0.0,0.0,0.0,Track below surface
protons,20.0,75.68181818181819,0.0,0.0,0.0,0.0,0.0,0.0,Track below surface
protons,20.0,77.72727272727272,0.0,0.0,0.0,0.0,0.0,0.0,Track below surface
protons,20.0,79.77272727272727,0.0,0.0,0.0,0.0,0.0,0.0,Track below surface
protons,20.0,81.81818181818181,0.0,0.0,0.0,0.0,0.0,0.0,Track below surface
protons,20.0,83.86363636363636,0.0,0.0,0.0,0.0,0.0,0.0,Track below surface
protons,20.0,85.9090909090909,0.0,0.0,0.0,0.0,0.0,0.0,Track below surface
protons,20.0,87.95454545454545,0.0,0.0,0.0,0.0,0.0,0.0,Track below surface
protons,20.0,90.0,1.3107381846566568e-10,5.783064433111855e-05,5.783064433111855e-05,0.00011489568952546085,0.8222205771685619,4.360317317110408e-08,Developed
